temporada,lliga_id,competicio,divisio,grup,grup_id,posicio,equip,punts_match,punts_parcials,jugats
2014-15,2,LLIGA CATALANA 3 BANDES,1ª DIVISIÓ,Grup Únic,9,1,05 C.B. MONTMELÓ A,17,64,0
2014-15,2,LLIGA CATALANA 3 BANDES,1ª DIVISIÓ,Grup Únic,9,2,02 C.B SANTS A,16,57,0
2014-15,2,LLIGA CATALANA 3 BANDES,1ª DIVISIÓ,Grup Únic,9,3,12 S.B. LA COLMENA A,14,49,0
2014-15,2,LLIGA CATALANA 3 BANDES,1ª DIVISIÓ,Grup Únic,9,4,11 C.B. PUNT D'ATAC A,13,57,0
2014-15,2,LLIGA CATALANA 3 BANDES,1ª DIVISIÓ,Grup Únic,9,5,03 C.B. MATARÓ A,13,54,0
2014-15,2,LLIGA CATALANA 3 BANDES,1ª DIVISIÓ,Grup Únic,9,6,01 C.B. BARCELONA A,12,51,0
2014-15,2,LLIGA CATALANA 3 BANDES,1ª DIVISIÓ,Grup Únic,9,7,10 C.B. LLEIDA A,11,46,0
2014-15,2,LLIGA CATALANA 3 BANDES,1ª DIVISIÓ,Grup Únic,9,8,04 S.B. FOMENT MOLINS A,11,42,0
2014-15,2,LLIGA CATALANA 3 BANDES,1ª DIVISIÓ,Grup Únic,9,9,08 C.B. SANT ADRIÀ A,11,42,0
2014-15,2,LLIGA CATALANA 3 BANDES,1ª DIVISIÓ,Grup Únic,9,10,06 DANY-ELLS C.B.,10,39,0
2014-15,2,LLIGA CATALANA 3 BANDES,1ª DIVISIÓ,Grup Únic,9,11,09 S.B. CORAL COLON,8,30,0
2014-15,2,LLIGA CATALANA 3 BANDES,1ª DIVISIÓ,Grup Únic,9,12,07 C.B. BANYOLES A,3,23,0
2014-15,2,LLIGA CATALANA 3 BANDES,2ª DIVISIÓ,Grup A,10,1,02 C.B. MONFORTE A,23,86,0
2014-15,2,LLIGA CATALANA 3 BANDES,2ª DIVISIÓ,Grup A,10,2,06 C.B.LA UNIO CORAL A,23,80,0
2014-15,2,LLIGA CATALANA 3 BANDES,2ª DIVISIÓ,Grup A,10,3,03 S.E. CASAL DE CERVERA,17,62,0
2014-15,2,LLIGA CATALANA 3 BANDES,2ª DIVISIÓ,Grup A,10,4,07 C.B. MANRESA A,16,64,0
2014-15,2,LLIGA CATALANA 3 BANDES,2ª DIVISIÓ,Grup A,10,5,05 C.B. SANT ADRIÀ B,12,48,0
2014-15,2,LLIGA CATALANA 3 BANDES,2ª DIVISIÓ,Grup A,10,6,08 C.B. LLIÇÀ D'AMUNT,11,53,0
2014-15,2,LLIGA CATALANA 3 BANDES,2ª DIVISIÓ,Grup A,10,7,04 C.B. ALBA,11,50,0
2014-15,2,LLIGA CATALANA 3 BANDES,2ª DIVISIÓ,Grup A,10,8,01 C.B. CANET A,8,42,0
2014-15,2,LLIGA CATALANA 3 BANDES,2ª DIVISIÓ,Grup B,11,1,03 C.B. SANT BOI A,27,98,0
2014-15,2,LLIGA CATALANA 3 BANDES,2ª DIVISIÓ,Grup B,11,2,02 C.B. LLINARS A,19,71,0
2014-15,2,LLIGA CATALANA 3 BANDES,2ª DIVISIÓ,Grup B,11,3,07 C.B. MATARÓ B,17,63,0
2014-15,2,LLIGA CATALANA 3 BANDES,2ª DIVISIÓ,Grup B,11,4,01 C.B. MOLLET A,16,57,0
2014-15,2,LLIGA CATALANA 3 BANDES,2ª DIVISIÓ,Grup B,11,5,05 C.B SANTS B,15,64,0
2014-15,2,LLIGA CATALANA 3 BANDES,2ª DIVISIÓ,Grup B,11,6,08 C.B. MONTMELÓ B,11,50,0
2014-15,2,LLIGA CATALANA 3 BANDES,2ª DIVISIÓ,Grup B,11,7,06 C.B. TARRAGONA A,10,51,0
2014-15,2,LLIGA CATALANA 3 BANDES,2ª DIVISIÓ,Grup B,11,8,04 C.B. 2000 CERDANYOLA,4,22,0
2014-15,2,LLIGA CATALANA 3 BANDES,3ª DIVISIÓ,Grup A,12,1,03 C.B. MATADEPERA,25,93,0
2014-15,2,LLIGA CATALANA 3 BANDES,3ª DIVISIÓ,Grup A,12,2,02 C.B. BARCELONA B,24,82,0
2014-15,2,LLIGA CATALANA 3 BANDES,3ª DIVISIÓ,Grup A,12,3,01 C.B. SANT BOI B,16,64,0
2014-15,2,LLIGA CATALANA 3 BANDES,3ª DIVISIÓ,Grup A,12,4,07 C.B. OLESA,13,54,0
2014-15,2,LLIGA CATALANA 3 BANDES,3ª DIVISIÓ,Grup A,12,5,04 C.B SANTS C,10,42,0
2014-15,2,LLIGA CATALANA 3 BANDES,3ª DIVISIÓ,Grup A,12,6,06 C.B. SANT FELIU,5,28,0
2014-15,2,LLIGA CATALANA 3 BANDES,3ª DIVISIÓ,Grup A,12,7,05 C.B. MANRESA B,1,7,0
2014-15,2,LLIGA CATALANA 3 BANDES,3ª DIVISIÓ,Grup B,13,1,03 C.B. BLANES,23,86,0
2014-15,2,LLIGA CATALANA 3 BANDES,3ª DIVISIÓ,Grup B,13,2,01 S.B. FOMENT MOLINS B,18,66,0
2014-15,2,LLIGA CATALANA 3 BANDES,3ª DIVISIÓ,Grup B,13,3,07 C.B. BANYOLES B,17,58,0
2014-15,2,LLIGA CATALANA 3 BANDES,3ª DIVISIÓ,Grup B,13,4,02 C.B. SANT ADRIÀ C,13,48,0
2014-15,2,LLIGA CATALANA 3 BANDES,3ª DIVISIÓ,Grup B,13,5,06 B.C. GRANOLLERS,7,33,0
2014-15,2,LLIGA CATALANA 3 BANDES,3ª DIVISIÓ,Grup B,13,6,05 S.B. LA COLMENA B,5,32,0
2014-15,2,LLIGA CATALANA 3 BANDES,3ª DIVISIÓ,Grup B,13,7,04 C.B. LLINARS B,4,29,0
2014-15,2,LLIGA CATALANA 3 BANDES,3ª DIVISIÓ,Grup C,14,1,01 C.B. VIC,26,90,0
2014-15,2,LLIGA CATALANA 3 BANDES,3ª DIVISIÓ,Grup C,14,2,02 C.B. TARRAGONA B,17,69,0
2014-15,2,LLIGA CATALANA 3 BANDES,3ª DIVISIÓ,Grup C,14,3,03 C.B. VILANOVA,14,49,0
2014-15,2,LLIGA CATALANA 3 BANDES,3ª DIVISIÓ,Grup C,14,4,06 C.B.LA UNIO CORAL B,13,46,0
2014-15,2,LLIGA CATALANA 3 BANDES,3ª DIVISIÓ,Grup C,14,5,07 C.B. SANT BOI C,11,49,0
2014-15,2,LLIGA CATALANA 3 BANDES,3ª DIVISIÓ,Grup C,14,6,04 C.B. MONT-ROIG B,9,43,0
2014-15,2,LLIGA CATALANA 3 BANDES,3ª DIVISIÓ,Grup C,14,7,05 C.B. LLINARS C,0,17,0
2014-15,2,LLIGA CATALANA 3 BANDES,3ª DIVISIÓ,Grup D,15,1,05 C.B. L'AMISTAT MOLLERUSSA,20,73,0
2014-15,2,LLIGA CATALANA 3 BANDES,3ª DIVISIÓ,Grup D,15,2,01 C.B. MONT-ROIG A,15,54,0
2014-15,2,LLIGA CATALANA 3 BANDES,3ª DIVISIÓ,Grup D,15,3,04 C.B. PUNT D'ATAC B,11,45,0
2014-15,2,LLIGA CATALANA 3 BANDES,3ª DIVISIÓ,Grup D,15,4,03 S.B. LA GRAN PENYA,9,34,0
2014-15,2,LLIGA CATALANA 3 BANDES,3ª DIVISIÓ,Grup D,15,5,02 C.B. LLEIDA B,5,28,0
2014-15,2,LLIGA CATALANA 3 BANDES,3ª DIVISIÓ,Grup D,15,6,06 C.B. BARCELONA C,2,19,0
2014-15,2,LLIGA CATALANA 3 BANDES,3ª DIVISIÓ,Grup E,16,1,04 C.B. MONFORTE B,23,79,0
2014-15,2,LLIGA CATALANA 3 BANDES,3ª DIVISIÓ,Grup E,16,2,02 C.B. MOLLET B,11,43,0
2014-15,2,LLIGA CATALANA 3 BANDES,3ª DIVISIÓ,Grup E,16,3,01 C.B. CANET B,10,44,0
2014-15,2,LLIGA CATALANA 3 BANDES,3ª DIVISIÓ,Grup E,16,4,03 C.B. PREMIÀ,8,36,0
2014-15,2,LLIGA CATALANA 3 BANDES,3ª DIVISIÓ,Grup E,16,5,05 SBPE CENTELLES,8,32,0
2014-15,2,LLIGA CATALANA 3 BANDES,3ª DIVISIÓ,Grup E,16,6,06 C.B. BANYOLES C,4,25,0
2014-15,3,LLIGA CATALANA 4 MODALITATS,1ª DIVISIÓ,Grup A,18,1,C.B. LLINARS,16,58,0
2014-15,3,LLIGA CATALANA 4 MODALITATS,1ª DIVISIÓ,Grup A,18,2,C.B. SANT ADRIÀ,15,65,0
2014-15,3,LLIGA CATALANA 4 MODALITATS,1ª DIVISIÓ,Grup A,18,3,B.C. GRANOLLERS,13,56,0
2014-15,3,LLIGA CATALANA 4 MODALITATS,1ª DIVISIÓ,Grup A,18,4,C.B. 2000 CERDANYOLA,12,54,0
2014-15,3,LLIGA CATALANA 4 MODALITATS,1ª DIVISIÓ,Grup A,18,5,C.B. SANT FELIU,11,41,0
2014-15,3,LLIGA CATALANA 4 MODALITATS,1ª DIVISIÓ,Grup A,18,6,S.B.P.E. CENTELLES,9,37,0
2014-15,3,LLIGA CATALANA 4 MODALITATS,1ª DIVISIÓ,Grup A,18,7,C.B. LLIÇÀ D'AMUNT,8,42,0
2014-15,3,LLIGA CATALANA 4 MODALITATS,1ª DIVISIÓ,Grup B,19,1,C.B. LLEIDA,21,78,0
2014-15,3,LLIGA CATALANA 4 MODALITATS,1ª DIVISIÓ,Grup B,19,2,C.B. SANTS,18,66,0
2014-15,3,LLIGA CATALANA 4 MODALITATS,1ª DIVISIÓ,Grup B,19,3,S.B. FOMENT MOLINS,17,60,0
2014-15,3,LLIGA CATALANA 4 MODALITATS,1ª DIVISIÓ,Grup B,19,4,C.B. VIC,16,59,0
2014-15,3,LLIGA CATALANA 4 MODALITATS,1ª DIVISIÓ,Grup B,19,5,C.B. TARRAGONA,15,59,0
2014-15,3,LLIGA CATALANA 4 MODALITATS,1ª DIVISIÓ,Grup B,19,6,C.B. PRAT,13,53,0
2014-15,3,LLIGA CATALANA 4 MODALITATS,1ª DIVISIÓ,Grup B,19,7,C.B. MONT-ROIG,9,46,0
2014-15,3,LLIGA CATALANA 4 MODALITATS,1ª DIVISIÓ,Grup B,19,8,S. E. CASAL CERVERA,5,36,0
2014-15,3,LLIGA CATALANA 4 MODALITATS,HONOR,Grup Únic,17,1,S.B. CORAL COLÓN,13,45,0
2014-15,3,LLIGA CATALANA 4 MODALITATS,HONOR,Grup Únic,17,2,S.B. FOMENT MOLINS,12,42,0
2014-15,3,LLIGA CATALANA 4 MODALITATS,HONOR,Grup Únic,17,3,C.B. PUNT D'ATAC,7,26,0
2014-15,3,LLIGA CATALANA 4 MODALITATS,HONOR,Grup Únic,17,4,C.B. LLINARS,3,22,0
2014-15,3,LLIGA CATALANA 4 MODALITATS,L'AMISTAT,Grup Únic,20,1,C.B. SANT BOI,11,40,0
2014-15,3,LLIGA CATALANA 4 MODALITATS,L'AMISTAT,Grup Únic,20,2,C.B. CANET DE MAR,9,34,0
2014-15,3,LLIGA CATALANA 4 MODALITATS,L'AMISTAT,Grup Únic,20,3,C.B. MOLLET,8,31,0
2014-15,3,LLIGA CATALANA 4 MODALITATS,L'AMISTAT,Grup Únic,20,4,C.B. VIC,7,30,0
2014-15,3,LLIGA CATALANA 4 MODALITATS,L'AMISTAT,Grup Únic,20,5,C.B. LLINARS,5,25,0
2015-16,4,LLIGA CATALANA 4 MODALITATS,1ª DIVISIÓ,Final,57,1,MATADEPERA,25,88,0
2015-16,4,LLIGA CATALANA 4 MODALITATS,1ª DIVISIÓ,Grup A,32,1,EL PRAT,12,39,0
2015-16,4,LLIGA CATALANA 4 MODALITATS,1ª DIVISIÓ,Grup A,32,2,"VIC ""A""",11,49,0
2015-16,4,LLIGA CATALANA 4 MODALITATS,1ª DIVISIÓ,Grup A,32,3,SANTS,10,38,0
2015-16,4,LLIGA CATALANA 4 MODALITATS,1ª DIVISIÓ,Grup A,32,4,CASAL CERVERA,6,26,0
2015-16,4,LLIGA CATALANA 4 MODALITATS,1ª DIVISIÓ,Grup A,32,5,SANT FELIU,3,24,0
2015-16,4,LLIGA CATALANA 4 MODALITATS,1ª DIVISIÓ,Grup B,33,1,"LLINARS ""A""",13,55,0
2015-16,4,LLIGA CATALANA 4 MODALITATS,1ª DIVISIÓ,Grup B,33,2,LLIÇÀ D'AMUNT,8,37,0
2015-16,4,LLIGA CATALANA 4 MODALITATS,1ª DIVISIÓ,Grup B,33,3,GRANOLLERS,8,36,0
2015-16,4,LLIGA CATALANA 4 MODALITATS,1ª DIVISIÓ,Grup B,33,4,CENTELLES,7,35,0
2015-16,4,LLIGA CATALANA 4 MODALITATS,1ª DIVISIÓ,Grup B,33,5,"TARRAGONA ""B""",6,32,0
2015-16,4,LLIGA CATALANA 4 MODALITATS,HONOR,Grup Únic,34,1,"FOMENT MOLINS ""A""",13,46,0
2015-16,4,LLIGA CATALANA 4 MODALITATS,HONOR,Grup Únic,34,2,CORAL COLON,10,38,0
2015-16,4,LLIGA CATALANA 4 MODALITATS,HONOR,Grup Únic,34,3,PUNT D'ATAC,9,39,0
2015-16,4,LLIGA CATALANA 4 MODALITATS,HONOR,Grup Únic,34,4,"TARRAGONA ""A""",2,13,0
2015-16,4,LLIGA CATALANA 4 MODALITATS,L'AMISTAT,Final,56,1,"FOMENT MOLINS ""C""",22,82,0
2015-16,4,LLIGA CATALANA 4 MODALITATS,L'AMISTAT,Final,56,2,LA COLMENA,14,51,0
2015-16,4,LLIGA CATALANA 4 MODALITATS,L'AMISTAT,Grup A,44,1,MONT-ROIG,15,54,0
2015-16,4,LLIGA CATALANA 4 MODALITATS,L'AMISTAT,Grup A,44,2,"LLEIDA ""B""",8,31,0
2015-16,4,LLIGA CATALANA 4 MODALITATS,L'AMISTAT,Grup A,44,3,"LLINARS ""B""",7,35,0
2015-16,4,LLIGA CATALANA 4 MODALITATS,L'AMISTAT,Grup A,44,4,CANET DE MAR,6,26,0
2015-16,4,LLIGA CATALANA 4 MODALITATS,L'AMISTAT,Grup A,44,5,PREMIA,5,26,0
2015-16,4,LLIGA CATALANA 4 MODALITATS,L'AMISTAT,Grup B,45,1,"SANT ADRIA ""B""",13,52,0
2015-16,4,LLIGA CATALANA 4 MODALITATS,L'AMISTAT,Grup B,45,2,C.B. 2000 CERDANYOLA,10,41,0
2015-16,4,LLIGA CATALANA 4 MODALITATS,L'AMISTAT,Grup B,45,3,MOLLET,9,36,0
2015-16,4,LLIGA CATALANA 4 MODALITATS,L'AMISTAT,Grup B,45,4,"VIC ""B""",7,34,0
2015-16,4,LLIGA CATALANA 4 MODALITATS,L'AMISTAT,Grup B,45,5,MATARÓ,7,28,0
2015-16,4,LLIGA CATALANA 4 MODALITATS,PROMOCIÓ A HONOR,Grup Unic,58,1,"SANT ADRIA ""A""",24,86,0
2015-16,4,LLIGA CATALANA 4 MODALITATS,PROMOCIÓ A HONOR,Grup Unic,58,2,"LLEIDA ""A""",5,26,0
2015-16,5,LLIGA CATALANA 3 BANDES,1ª DIVISIÓ,Grup A,49,1,"LLEIDA ""A""",23,80,0
2015-16,5,LLIGA CATALANA 3 BANDES,1ª DIVISIÓ,Grup A,49,2,"MONTMELO ""A""",18,67,0
2015-16,5,LLIGA CATALANA 3 BANDES,1ª DIVISIÓ,Grup A,49,3,"BARCELONA ""A""",17,69,0
2015-16,5,LLIGA CATALANA 3 BANDES,1ª DIVISIÓ,Grup A,49,4,"DANY-ELLS ""A""",15,58,0
2015-16,5,LLIGA CATALANA 3 BANDES,1ª DIVISIÓ,Grup B,50,1,"SANT ADRIA ""A""",17,64,0
2015-16,5,LLIGA CATALANA 3 BANDES,1ª DIVISIÓ,Grup B,50,2,"SANTS ""A""",16,66,0
2015-16,5,LLIGA CATALANA 3 BANDES,1ª DIVISIÓ,Grup B,50,3,"FOMENT MOLINS ""A""",14,62,0
2015-16,5,LLIGA CATALANA 3 BANDES,1ª DIVISIÓ,Grup B,50,4,"PUNT D`ATAC ""A""",14,49,0
2015-16,5,LLIGA CATALANA 3 BANDES,1ª DIVISIÓ,Grup C,51,1,"MATARÓ ""A""",8,45,0
2015-16,5,LLIGA CATALANA 3 BANDES,1ª DIVISIÓ,Grup C,51,2,"LA COLMENA ""A""",2,12,0
2015-16,5,LLIGA CATALANA 3 BANDES,2ª DIVISIÓ,Final,53,1,"VIC ""A""",31,120,0
2015-16,5,LLIGA CATALANA 3 BANDES,2ª DIVISIÓ,Final,53,2,"BANYOLES ""A""",20,74,0
2015-16,5,LLIGA CATALANA 3 BANDES,2ª DIVISIÓ,Grup A,36,1,"MOLLET ""A""",15,55,0
2015-16,5,LLIGA CATALANA 3 BANDES,2ª DIVISIÓ,Grup A,36,2,L'AMISTAT MOLLERUSSA,14,55,0
2015-16,5,LLIGA CATALANA 3 BANDES,2ª DIVISIÓ,Grup A,36,3,"LLINARS "" A """,11,51,0
2015-16,5,LLIGA CATALANA 3 BANDES,2ª DIVISIÓ,Grup A,36,4,"MATARÓ ""B""",7,35,0
2015-16,5,LLIGA CATALANA 3 BANDES,2ª DIVISIÓ,Grup B,37,1,"BARCELONA ""B""",12,48,0
2015-16,5,LLIGA CATALANA 3 BANDES,2ª DIVISIÓ,Grup B,37,2,ALBA,11,50,0
2015-16,5,LLIGA CATALANA 3 BANDES,2ª DIVISIÓ,Grup B,37,3,"SANTS ""B""",11,46,0
2015-16,5,LLIGA CATALANA 3 BANDES,2ª DIVISIÓ,Grup B,37,4,"LA UNIÓ CORAL ""A""",0,0,0
2015-16,5,LLIGA CATALANA 3 BANDES,3ª DIVISIÓ,Grup A,38,1,"CANET DE MAR ""A""",16,58,0
2015-16,5,LLIGA CATALANA 3 BANDES,3ª DIVISIÓ,Grup A,38,2,GRANOLLERS,15,58,0
2015-16,5,LLIGA CATALANA 3 BANDES,3ª DIVISIÓ,Grup A,38,3,VILANOVA I LA GELTRÚ,13,51,0
2015-16,5,LLIGA CATALANA 3 BANDES,3ª DIVISIÓ,Grup A,38,4,"MATARÓ ""C""",7,34,0
2015-16,5,LLIGA CATALANA 3 BANDES,3ª DIVISIÓ,Grup A,38,5,"LLEIDA ""B""",7,32,0
2015-16,5,LLIGA CATALANA 3 BANDES,3ª DIVISIÓ,Grup A,38,6,"LLIÇÀ D'AMUNT ""B""",4,24,0
2015-16,5,LLIGA CATALANA 3 BANDES,3ª DIVISIÓ,Grup B,39,1,"FOMENT MOLINS ""C""",16,57,0
2015-16,5,LLIGA CATALANA 3 BANDES,3ª DIVISIÓ,Grup B,39,2,"PUNT D`ATAC ""B""",15,56,0
2015-16,5,LLIGA CATALANA 3 BANDES,3ª DIVISIÓ,Grup B,39,3,LA GRAN PENYA,14,52,0
2015-16,5,LLIGA CATALANA 3 BANDES,3ª DIVISIÓ,Grup B,39,4,"TARRAGONA ""B""",11,45,0
2015-16,5,LLIGA CATALANA 3 BANDES,3ª DIVISIÓ,Grup B,39,5,"MONT-ROIG ""B""",5,28,0
2015-16,5,LLIGA CATALANA 3 BANDES,3ª DIVISIÓ,Grup B,39,6,"LLINARS "" C """,3,24,0
2015-16,5,LLIGA CATALANA 3 BANDES,3ª DIVISIÓ,Grup C,40,1,EL CASINET MASNOU,18,61,0
2015-16,5,LLIGA CATALANA 3 BANDES,3ª DIVISIÓ,Grup C,40,2,BLANES,14,57,0
2015-16,5,LLIGA CATALANA 3 BANDES,3ª DIVISIÓ,Grup C,40,3,"MOLLET ""B""",10,43,0
2015-16,5,LLIGA CATALANA 3 BANDES,3ª DIVISIÓ,Grup C,40,4,"CANET DE MAR ""B""",9,37,0
2015-16,5,LLIGA CATALANA 3 BANDES,3ª DIVISIÓ,Grup C,40,5,SANT FELIU DE CODINES,7,34,0
2015-16,5,LLIGA CATALANA 3 BANDES,3ª DIVISIÓ,Grup C,40,6,CENTELLES,6,35,0
2015-16,5,LLIGA CATALANA 3 BANDES,3ª DIVISIÓ,Grup D,41,1,"SANT BOI ""B""",18,70,0
2015-16,5,LLIGA CATALANA 3 BANDES,3ª DIVISIÓ,Grup D,41,2,OLESA,15,58,0
2015-16,5,LLIGA CATALANA 3 BANDES,3ª DIVISIÓ,Grup D,41,3,"MONFORTE ""C""",14,55,0
2015-16,5,LLIGA CATALANA 3 BANDES,3ª DIVISIÓ,Grup D,41,4,"SANTS ""C""",11,45,0
2015-16,5,LLIGA CATALANA 3 BANDES,3ª DIVISIÓ,Grup D,41,5,"LA COLMENA ""B""",5,27,0
2015-16,5,LLIGA CATALANA 3 BANDES,3ª DIVISIÓ,Grup D,41,6,"CORAL COLÓN ""B""",2,13,0
2015-16,5,LLIGA CATALANA 3 BANDES,3ª DIVISIÓ,Grup E,42,1,PREMIÀ,15,52,0
2015-16,5,LLIGA CATALANA 3 BANDES,3ª DIVISIÓ,Grup E,42,2,"VIC ""C""",13,48,0
2015-16,5,LLIGA CATALANA 3 BANDES,3ª DIVISIÓ,Grup E,42,3,"LLINARS "" B """,12,49,0
2015-16,5,LLIGA CATALANA 3 BANDES,3ª DIVISIÓ,Grup E,42,4,"BANYOLES ""B""",12,44,0
2015-16,5,LLIGA CATALANA 3 BANDES,3ª DIVISIÓ,Grup E,42,5,"SANT ADRIA ""C""",9,42,0
2015-16,5,LLIGA CATALANA 3 BANDES,3ª DIVISIÓ,Grup E,42,6,"DANY-ELLS ""B""",3,29,0
2015-16,5,LLIGA CATALANA 3 BANDES,3ª DIVISIÓ,Grup F,43,1,"SANT BOI ""C""",10,30,0
2015-16,5,LLIGA CATALANA 3 BANDES,3ª DIVISIÓ,Grup F,43,2,"MONFORTE ""B""",7,31,0
2015-16,5,LLIGA CATALANA 3 BANDES,3ª DIVISIÓ,Grup F,43,3,"BARCELONA ""C""",7,30,0
2015-16,5,LLIGA CATALANA 3 BANDES,3ª DIVISIÓ,Grup F,43,4,"MANRESA ""B""",1,17,0
2015-16,5,LLIGA CATALANA 3 BANDES,3ª DIVISIÓ,Grup F,43,5,"LA UNIÓ CORAL ""B""",0,0,0
2015-16,5,LLIGA CATALANA 3 BANDES,PROMOCIÓ A 1a,Grup Unic,59,1,"CORAL COLÓN ""A""",21,77,0
2015-16,5,LLIGA CATALANA 3 BANDES,PROMOCIÓ A 1a,Grup Unic,59,2,"SANT BOI ""A""",17,68,0
2015-16,5,LLIGA CATALANA 3 BANDES,PROMOCIÓ A 1a,Grup Unic,59,3,"MANRESA ""A""",14,55,0
2015-16,5,LLIGA CATALANA 3 BANDES,PROMOCIÓ A 1a,Grup Unic,59,4,"MONFORTE ""A""",13,52,0
2015-16,5,LLIGA CATALANA 3 BANDES,PROMOCIÓ A 2a,Grup Unic,52,1,"MONT-ROIG ""A""",27,99,0
2015-16,5,LLIGA CATALANA 3 BANDES,PROMOCIÓ A 2a,Grup Unic,52,2,2000 CERDANYOLA,25,96,0
2015-16,5,LLIGA CATALANA 3 BANDES,PROMOCIÓ A 2a,Grup Unic,52,3,"LLIÇÀ D'AMUNT ""A""",25,90,0
2015-16,5,LLIGA CATALANA 3 BANDES,PROMOCIÓ A 2a,Grup Unic,52,4,MATADEPERA,23,89,0
2015-16,5,LLIGA CATALANA 3 BANDES,PROMOCIÓ A 2a,Grup Unic,52,5,"SANT ADRIA ""B""",12,46,0
2015-16,5,LLIGA CATALANA 3 BANDES,PROMOCIÓ A 2a,Grup Unic,52,6,CASAL CERVERA,10,45,0
2015-16,5,LLIGA CATALANA 3 BANDES,PROMOCIÓ A 2a,Grup Unic,52,7,"MONTMELO ""B""",10,42,0
2015-16,5,LLIGA CATALANA 3 BANDES,PROMOCIÓ A 2a,Grup Unic,52,8,"TARRAGONA ""A""",9,41,0
2015-16,6,LLIGA 3 BANDES ZONA 1,ÙNICA,Grup Unic,54,1,PUNT D'ATAC,9,29,0
2015-16,6,LLIGA 3 BANDES ZONA 1,ÙNICA,Grup Unic,54,2,MONT-ROIG,8,31,0
2015-16,6,LLIGA 3 BANDES ZONA 1,ÙNICA,Grup Unic,54,3,LLEIDA,5,23,0
2015-16,6,LLIGA 3 BANDES ZONA 1,ÙNICA,Grup Unic,54,4,TARRAGONA,2,13,0
2015-16,7,LLIGA 4 MODALITATS ZONA 1,ÙNICA,Grup Unic,55,1,GRAN PENYA,9,38,0
2015-16,7,LLIGA 4 MODALITATS ZONA 1,ÙNICA,Grup Unic,55,2,MONT-ROIG,9,32,0
2015-16,7,LLIGA 4 MODALITATS ZONA 1,ÙNICA,Grup Unic,55,3,MOLLERUSSA,4,13,0
2015-16,7,LLIGA 4 MODALITATS ZONA 1,ÙNICA,Grup Unic,55,4,TARRAGONA,2,13,0
2016-17,8,LLIGA CATALANA 3 BANDES,1ª DIVISIÓ,Grup A,74,1,"VIC ""A""",25,87,0
2016-17,8,LLIGA CATALANA 3 BANDES,1ª DIVISIÓ,Grup A,74,2,"LLEIDA ""A""",21,72,0
2016-17,8,LLIGA CATALANA 3 BANDES,1ª DIVISIÓ,Grup A,74,3,"BARCELONA ""A""",18,72,0
2016-17,8,LLIGA CATALANA 3 BANDES,1ª DIVISIÓ,Grup A,74,4,"SANT ADRIÀ ""A""",15,60,0
2016-17,8,LLIGA CATALANA 3 BANDES,1ª DIVISIÓ,Grup B,75,1,"SANT BOI ""A""",18,62,0
2016-17,8,LLIGA CATALANA 3 BANDES,1ª DIVISIÓ,Grup B,75,2,"MONTMELÓ ""A""",16,64,0
2016-17,8,LLIGA CATALANA 3 BANDES,1ª DIVISIÓ,Grup B,75,3,"DANY'ELLS ""A""",16,64,0
2016-17,8,LLIGA CATALANA 3 BANDES,1ª DIVISIÓ,Grup B,75,4,"SANTS ""A""",9,44,0
2016-17,8,LLIGA CATALANA 3 BANDES,1ª DIVISIÓ,Grup C,76,1,"FOMENT MOLINS ""A""",6,43,0
2016-17,8,LLIGA CATALANA 3 BANDES,1ª DIVISIÓ,Grup C,76,2,"PUNT D'ATAC ""A""",3,29,0
2016-17,8,LLIGA CATALANA 3 BANDES,2ª DIVISIÓ,Final,87,1,"CORAL COLÓN ""A""",26,87,0
2016-17,8,LLIGA CATALANA 3 BANDES,2ª DIVISIÓ,Final,87,2,"MOLLET ""A""",23,88,0
2016-17,8,LLIGA CATALANA 3 BANDES,2ª DIVISIÓ,Grup A,61,1,"LLINARS ""A""",17,59,0
2016-17,8,LLIGA CATALANA 3 BANDES,2ª DIVISIÓ,Grup A,61,2,MATADEPERA,16,60,0
2016-17,8,LLIGA CATALANA 3 BANDES,2ª DIVISIÓ,Grup A,61,3,"MANRESA ""A""",14,59,0
2016-17,8,LLIGA CATALANA 3 BANDES,2ª DIVISIÓ,Grup A,61,4,"FOMENT MOLINS ""B""",5,34,0
2016-17,8,LLIGA CATALANA 3 BANDES,2ª DIVISIÓ,Grup B,62,1,"BARCELONA ""B""",16,61,0
2016-17,8,LLIGA CATALANA 3 BANDES,2ª DIVISIÓ,Grup B,62,2,"SANTS ""B""",15,59,0
2016-17,8,LLIGA CATALANA 3 BANDES,2ª DIVISIÓ,Grup B,62,3,CERDANYOLA,13,45,0
2016-17,8,LLIGA CATALANA 3 BANDES,2ª DIVISIÓ,Grup B,62,4,"LA COLMENA ""A""",5,40,0
2016-17,8,LLIGA CATALANA 3 BANDES,3ª DIVISIÓ,FINAL KO,84,1,"SANT ADRIÀ ""B""",32,126,0
2016-17,8,LLIGA CATALANA 3 BANDES,3ª DIVISIÓ,FINAL KO,84,2,CASAL CERVERA,29,114,0
2016-17,8,LLIGA CATALANA 3 BANDES,3ª DIVISIÓ,FINAL KO,84,3,LLIÇÀ D'AMUNT,29,101,0
2016-17,8,LLIGA CATALANA 3 BANDES,3ª DIVISIÓ,FINAL KO,84,4,"CANET ""A""",29,100,0
2016-17,8,LLIGA CATALANA 3 BANDES,3ª DIVISIÓ,FINAL KO,84,5,LA GRAN PENYA,27,96,0
2016-17,8,LLIGA CATALANA 3 BANDES,3ª DIVISIÓ,FINAL KO,84,6,EL PRAT,24,91,0
2016-17,8,LLIGA CATALANA 3 BANDES,3ª DIVISIÓ,Grup A,63,1,TARRAGONA,20,71,0
2016-17,8,LLIGA CATALANA 3 BANDES,3ª DIVISIÓ,Grup A,63,2,"LLEIDA ""B""",14,58,0
2016-17,8,LLIGA CATALANA 3 BANDES,3ª DIVISIÓ,Grup A,63,3,"PUNT D'ATAC ""B""",13,50,0
2016-17,8,LLIGA CATALANA 3 BANDES,3ª DIVISIÓ,Grup A,63,4,"MONT-ROIG ""B""",12,54,0
2016-17,8,LLIGA CATALANA 3 BANDES,3ª DIVISIÓ,Grup A,63,5,"VIC ""D""",6,29,0
2016-17,8,LLIGA CATALANA 3 BANDES,3ª DIVISIÓ,Grup A,63,6,VILANOVA I LA GELTRÚ,2,20,0
2016-17,8,LLIGA CATALANA 3 BANDES,3ª DIVISIÓ,Grup B,64,1,"VIC ""C""",19,74,0
2016-17,8,LLIGA CATALANA 3 BANDES,3ª DIVISIÓ,Grup B,64,2,"LLINARS ""B""",15,62,0
2016-17,8,LLIGA CATALANA 3 BANDES,3ª DIVISIÓ,Grup B,64,3,CENTELLES,15,60,0
2016-17,8,LLIGA CATALANA 3 BANDES,3ª DIVISIÓ,Grup B,64,4,GRANOLLERS,15,55,0
2016-17,8,LLIGA CATALANA 3 BANDES,3ª DIVISIÓ,Grup B,64,5,"BANYOLES ""B""",10,40,0
2016-17,8,LLIGA CATALANA 3 BANDES,3ª DIVISIÓ,Grup B,64,6,"CANET ""B""",8,42,0
2016-17,8,LLIGA CATALANA 3 BANDES,3ª DIVISIÓ,Grup B,64,7,SANT FELIU,4,26,0
2016-17,8,LLIGA CATALANA 3 BANDES,3ª DIVISIÓ,Grup C,65,1,BLANES,22,73,0
2016-17,8,LLIGA CATALANA 3 BANDES,3ª DIVISIÓ,Grup C,65,2,PREMIÀ,18,65,0
2016-17,8,LLIGA CATALANA 3 BANDES,3ª DIVISIÓ,Grup C,65,3,"MOLLET ""B""",15,59,0
2016-17,8,LLIGA CATALANA 3 BANDES,3ª DIVISIÓ,Grup C,65,4,"MATARÓ ""B""",14,60,0
2016-17,8,LLIGA CATALANA 3 BANDES,3ª DIVISIÓ,Grup C,65,5,"DANY'ELLS ""B""",9,40,0
2016-17,8,LLIGA CATALANA 3 BANDES,3ª DIVISIÓ,Grup C,65,6,"MONT-ROIG ""C""",7,39,0
2016-17,8,LLIGA CATALANA 3 BANDES,3ª DIVISIÓ,Grup C,65,7,"LLINARS ""C""",3,30,0
2016-17,8,LLIGA CATALANA 3 BANDES,3ª DIVISIÓ,Grup D,66,1,"FOMENT MOLINS ""C""",20,71,0
2016-17,8,LLIGA CATALANA 3 BANDES,3ª DIVISIÓ,Grup D,66,2,"SANT BOI ""C""",16,53,0
2016-17,8,LLIGA CATALANA 3 BANDES,3ª DIVISIÓ,Grup D,66,3,"MONFORTE ""C""",12,45,0
2016-17,8,LLIGA CATALANA 3 BANDES,3ª DIVISIÓ,Grup D,66,4,"LA COLMENA ""B""",10,47,0
2016-17,8,LLIGA CATALANA 3 BANDES,3ª DIVISIÓ,Grup D,66,5,"UNIO CORAL ""B""",9,41,0
2016-17,8,LLIGA CATALANA 3 BANDES,3ª DIVISIÓ,Grup D,66,6,"CORAL COLÓN ""B""",9,40,0
2016-17,8,LLIGA CATALANA 3 BANDES,3ª DIVISIÓ,Grup D,66,7,"BARCELONA ""C""",8,49,0
2016-17,8,LLIGA CATALANA 3 BANDES,3ª DIVISIÓ,Grup E,67,1,"MONFORTE ""B""",18,73,0
2016-17,8,LLIGA CATALANA 3 BANDES,3ª DIVISIÓ,Grup E,67,2,"UNIO CORAL ""A""",18,69,0
2016-17,8,LLIGA CATALANA 3 BANDES,3ª DIVISIÓ,Grup E,67,3,"SANT BOI ""B""",17,68,0
2016-17,8,LLIGA CATALANA 3 BANDES,3ª DIVISIÓ,Grup E,67,4,OLESA,16,56,0
2016-17,8,LLIGA CATALANA 3 BANDES,3ª DIVISIÓ,Grup E,67,5,"SANT ADRIÀ ""C""",11,51,0
2016-17,8,LLIGA CATALANA 3 BANDES,3ª DIVISIÓ,Grup E,67,6,"SANTS ""C""",11,48,0
2016-17,8,LLIGA CATALANA 3 BANDES,3ª DIVISIÓ,Grup E,67,7,"MANRESA ""B""",1,11,0
2016-17,9,LLIGA CATALANA 4 MODALITATS,1ª DIVISIÓ,Unic,69,1,"SANTS ""A""",15,54,0
2016-17,9,LLIGA CATALANA 4 MODALITATS,1ª DIVISIÓ,Unic,69,2,"TARRAGONA ""A""",14,56,0
2016-17,9,LLIGA CATALANA 4 MODALITATS,1ª DIVISIÓ,Unic,69,3,"LLINARS ""A""",11,43,0
2016-17,9,LLIGA CATALANA 4 MODALITATS,1ª DIVISIÓ,Unic,69,4,EL PRAT,10,37,0
2016-17,9,LLIGA CATALANA 4 MODALITATS,2ª DIVISIÓ,FINAL,88,1,LA GRAN PENYA,19,68,0
2016-17,9,LLIGA CATALANA 4 MODALITATS,2ª DIVISIÓ,Grup A,70,1,SANT FELIU,12,45,0
2016-17,9,LLIGA CATALANA 4 MODALITATS,2ª DIVISIÓ,Grup A,70,2,CENTELLES,11,43,0
2016-17,9,LLIGA CATALANA 4 MODALITATS,2ª DIVISIÓ,Grup A,70,3,B.C. GRANOLLERS,9,39,0
2016-17,9,LLIGA CATALANA 4 MODALITATS,2ª DIVISIÓ,Grup A,70,4,"SANTS ""B""",8,35,0
2016-17,9,LLIGA CATALANA 4 MODALITATS,2ª DIVISIÓ,Grup A,70,5,"CERDANYOLA ""A""",5,27,0
2016-17,9,LLIGA CATALANA 4 MODALITATS,2ª DIVISIÓ,Grup B,73,1,CERVERA,13,47,0
2016-17,9,LLIGA CATALANA 4 MODALITATS,2ª DIVISIÓ,Grup B,73,2,"TARRAGONA ""B""",9,38,0
2016-17,9,LLIGA CATALANA 4 MODALITATS,2ª DIVISIÓ,Grup B,73,3,MONT-ROIG,9,36,0
2016-17,9,LLIGA CATALANA 4 MODALITATS,2ª DIVISIÓ,Grup B,73,4,SANT BOI,8,38,0
2016-17,9,LLIGA CATALANA 4 MODALITATS,2ª DIVISIÓ,Grup B,73,5,"MOLINS ""C""",6,27,0
2016-17,9,LLIGA CATALANA 4 MODALITATS,HONOR,Unic,68,1,CORAL COLON,17,56,0
2016-17,9,LLIGA CATALANA 4 MODALITATS,HONOR,Unic,68,2,"MOLINS ""A""",16,56,0
2016-17,9,LLIGA CATALANA 4 MODALITATS,HONOR,Unic,68,3,MATADEPERA,8,34,0
2016-17,9,LLIGA CATALANA 4 MODALITATS,HONOR,Unic,68,4,"SANT ADRIA ""A""",7,38,0
2016-17,9,LLIGA CATALANA 4 MODALITATS,HONOR,Unic,68,5,PUNT D`ATAC,6,27,0
2016-17,9,LLIGA CATALANA 4 MODALITATS,HONOR,Unic,68,6,"LLEIDA ""A""",4,29,0
2016-17,9,LLIGA CATALANA 4 MODALITATS,L'AMISTAT,FINAL,81,1,MATARÓ,17,62,0
2016-17,9,LLIGA CATALANA 4 MODALITATS,L'AMISTAT,FINAL,81,2,"SANT ADRIA ""B""",17,59,0
2016-17,9,LLIGA CATALANA 4 MODALITATS,L'AMISTAT,FINAL,81,3,"VIC ""B""",16,61,0
2016-17,9,LLIGA CATALANA 4 MODALITATS,L'AMISTAT,FINAL,81,4,"VIC ""C""",16,58,0
2016-17,9,LLIGA CATALANA 4 MODALITATS,L'AMISTAT,Grup A,71,1,"LLINARS ""B""",11,45,0
2016-17,9,LLIGA CATALANA 4 MODALITATS,L'AMISTAT,Grup A,71,2,CANET,10,39,0
2016-17,9,LLIGA CATALANA 4 MODALITATS,L'AMISTAT,Grup A,71,3,PREMIA,7,33,0
2016-17,9,LLIGA CATALANA 4 MODALITATS,L'AMISTAT,Grup A,71,4,MOLLET,6,29,0
2016-17,9,LLIGA CATALANA 4 MODALITATS,L'AMISTAT,Grup B,72,1,"CERDANYOLA ""B""",11,43,0
2016-17,9,LLIGA CATALANA 4 MODALITATS,L'AMISTAT,Grup B,72,2,"SANTS ""C""",10,40,0
2016-17,9,LLIGA CATALANA 4 MODALITATS,L'AMISTAT,Grup B,72,3,"LLEIDA ""B""",7,34,0
2016-17,9,LLIGA CATALANA 4 MODALITATS,L'AMISTAT,Grup B,72,4,LA COLMENA,6,33,0
2016-17,9,LLIGA CATALANA 4 MODALITATS,PROMOCIÓ A 1a,Grup Unic,90,1,LLICÀ D'AMUNT,15,58,0
2016-17,9,LLIGA CATALANA 4 MODALITATS,PROMOCIÓ A 1a,Grup Unic,90,2,"MOLINS ""B""",14,47,0
2016-17,10,LLIGA JOC CURT ZONA 1,ÙNICA,Fase final,89,1,Tarragona Zona 1,10,25,0
2016-17,10,LLIGA JOC CURT ZONA 1,ÙNICA,Fase final,89,2,Punt d'atac zona 1,8,24,0
2016-17,10,LLIGA JOC CURT ZONA 1,ÙNICA,Fase final,89,3,Lleida zona 1,8,20,0
2016-17,10,LLIGA JOC CURT ZONA 1,ÙNICA,Fase final,89,4,Vilanova zona 1,4,12,0
2016-17,10,LLIGA JOC CURT ZONA 1,ÙNICA,Grup A,77,1,Gran Penya zona 1,0,4,0
2016-17,10,LLIGA JOC CURT ZONA 1,ÙNICA,Grup B,78,1,Mont-roig zona 1,0,5,0
2016-17,11,LLIGA 3 BANDES ZONA 1,ÙNICA,ÙNIC,79,1,Mont-roig A zona 1,11,36,0
2016-17,11,LLIGA 3 BANDES ZONA 1,ÙNICA,ÙNIC,79,2,Lleida zona 1,7,23,0
2016-17,11,LLIGA 3 BANDES ZONA 1,ÙNICA,ÙNIC,79,3,Tarragona zona 1,3,19,0
2016-17,11,LLIGA 3 BANDES ZONA 1,ÙNICA,ÙNIC,79,4,Mont-roig B zona 1,3,18,0
2017-18,12,LLIGA CATALANA 3 BANDES,1ª DIVISIÓ,Grup A,107,1,"LLEIDA ""A""",21,75,0
2017-18,12,LLIGA CATALANA 3 BANDES,1ª DIVISIÓ,Grup A,107,2,"VIC ""A""",20,76,0
2017-18,12,LLIGA CATALANA 3 BANDES,1ª DIVISIÓ,Grup A,107,3,"BARCELONA ""A""",20,66,0
2017-18,12,LLIGA CATALANA 3 BANDES,1ª DIVISIÓ,Grup A,107,4,"DANY-ELLS ""A""",17,62,0
2017-18,12,LLIGA CATALANA 3 BANDES,1ª DIVISIÓ,Grup B,108,1,"SANT ADRIA ""A""",16,61,0
2017-18,12,LLIGA CATALANA 3 BANDES,1ª DIVISIÓ,Grup B,108,2,MONTMELÓ,14,60,0
2017-18,12,LLIGA CATALANA 3 BANDES,1ª DIVISIÓ,Grup B,108,3,"CORAL COLON ""A""",14,59,0
2017-18,12,LLIGA CATALANA 3 BANDES,1ª DIVISIÓ,Grup B,108,4,"SANT BOI ""A""",12,52,0
2017-18,12,LLIGA CATALANA 3 BANDES,1ª DIVISIÓ,Grup C,109,1,"MONFORTE ""A""",7,37,0
2017-18,12,LLIGA CATALANA 3 BANDES,1ª DIVISIÓ,Grup C,109,2,BANYOLES,4,35,0
2017-18,12,LLIGA CATALANA 3 BANDES,2ª DIVISIÓ,FINAL,113,1,"MOLINS ""A""",28,101,0
2017-18,12,LLIGA CATALANA 3 BANDES,2ª DIVISIÓ,FINAL,113,2,MATADEPERA,23,80,0
2017-18,12,LLIGA CATALANA 3 BANDES,2ª DIVISIÓ,Grup A,92,1,LA GRAN PENYA,15,61,0
2017-18,12,LLIGA CATALANA 3 BANDES,2ª DIVISIÓ,Grup A,92,2,"LLINARS ""A""",14,57,0
2017-18,12,LLIGA CATALANA 3 BANDES,2ª DIVISIÓ,Grup A,92,3,"MANRESA ""A""",13,55,0
2017-18,12,LLIGA CATALANA 3 BANDES,2ª DIVISIÓ,Grup A,92,4,LLIÇÀ D'AMUNT,6,27,0
2017-18,12,LLIGA CATALANA 3 BANDES,2ª DIVISIÓ,Grup B,93,1,"CANET ""A""",16,60,0
2017-18,12,LLIGA CATALANA 3 BANDES,2ª DIVISIÓ,Grup B,93,2,EL PRAT,15,57,0
2017-18,12,LLIGA CATALANA 3 BANDES,2ª DIVISIÓ,Grup B,93,3,"MATARÓ ""A""",14,58,0
2017-18,12,LLIGA CATALANA 3 BANDES,2ª DIVISIÓ,Grup B,93,4,"BARCELONA ""B""",9,44,0
2017-18,12,LLIGA CATALANA 3 BANDES,3ª DIVISIÓ,FINAL KO,112,1,"SANT ADRIA ""B""",26,98,0
2017-18,12,LLIGA CATALANA 3 BANDES,3ª DIVISIÓ,FINAL KO,112,2,LA COLMENA,22,77,0
2017-18,12,LLIGA CATALANA 3 BANDES,3ª DIVISIÓ,Grup A,94,1,"MONT-ROIG ""B""",14,49,0
2017-18,12,LLIGA CATALANA 3 BANDES,3ª DIVISIÓ,Grup A,94,2,OLESA,10,41,0
2017-18,12,LLIGA CATALANA 3 BANDES,3ª DIVISIÓ,Grup A,94,3,L'AMISTAT,10,40,0
2017-18,12,LLIGA CATALANA 3 BANDES,3ª DIVISIÓ,Grup A,94,4,VILANOVA I LA GELTRÚ,5,24,0
2017-18,12,LLIGA CATALANA 3 BANDES,3ª DIVISIÓ,Grup A,94,5,"LLEIDA ""B""",3,23,0
2017-18,12,LLIGA CATALANA 3 BANDES,3ª DIVISIÓ,Grup B,95,1,CENTELLES,16,61,0
2017-18,12,LLIGA CATALANA 3 BANDES,3ª DIVISIÓ,Grup B,95,2,GEiEG,14,61,0
2017-18,12,LLIGA CATALANA 3 BANDES,3ª DIVISIÓ,Grup B,95,3,"LLINARS ""B""",12,42,0
2017-18,12,LLIGA CATALANA 3 BANDES,3ª DIVISIÓ,Grup B,95,4,"MATARÓ ""B""",11,48,0
2017-18,12,LLIGA CATALANA 3 BANDES,3ª DIVISIÓ,Grup B,95,5,"DANY-ELLS ""B""",5,32,0
2017-18,12,LLIGA CATALANA 3 BANDES,3ª DIVISIÓ,Grup B,95,6,"VIC ""D""",5,19,0
2017-18,12,LLIGA CATALANA 3 BANDES,3ª DIVISIÓ,Grup C,96,1,"MOLLET ""B""",20,72,0
2017-18,12,LLIGA CATALANA 3 BANDES,3ª DIVISIÓ,Grup C,96,2,"CANET ""B""",12,48,0
2017-18,12,LLIGA CATALANA 3 BANDES,3ª DIVISIÓ,Grup C,96,3,SANT FELIU DE CODINES,11,41,0
2017-18,12,LLIGA CATALANA 3 BANDES,3ª DIVISIÓ,Grup C,96,4,GRANOLLERS,10,45,0
2017-18,12,LLIGA CATALANA 3 BANDES,3ª DIVISIÓ,Grup C,96,5,"VIC ""C""",9,36,0
2017-18,12,LLIGA CATALANA 3 BANDES,3ª DIVISIÓ,Grup C,96,6,"LLINARS ""C""",2,18,0
2017-18,12,LLIGA CATALANA 3 BANDES,3ª DIVISIÓ,Grup D,97,1,"TARRAGONA ""B""",17,61,0
2017-18,12,LLIGA CATALANA 3 BANDES,3ª DIVISIÓ,Grup D,97,2,"MONFORTE ""B""",14,52,0
2017-18,12,LLIGA CATALANA 3 BANDES,3ª DIVISIÓ,Grup D,97,3,"SANTS ""C""",10,45,0
2017-18,12,LLIGA CATALANA 3 BANDES,3ª DIVISIÓ,Grup D,97,4,"MANRESA ""B""",9,35,0
2017-18,12,LLIGA CATALANA 3 BANDES,3ª DIVISIÓ,Grup D,97,5,"UNIÓ CORAL ""A""",8,35,0
2017-18,12,LLIGA CATALANA 3 BANDES,3ª DIVISIÓ,Grup D,97,6,"CORAL COLON ""B""",6,33,0
2017-18,12,LLIGA CATALANA 3 BANDES,3ª DIVISIÓ,Grup E,98,1,"SANT ADRIA ""C""",16,64,0
2017-18,12,LLIGA CATALANA 3 BANDES,3ª DIVISIÓ,Grup E,98,2,"ALBA ""A""",13,49,0
2017-18,12,LLIGA CATALANA 3 BANDES,3ª DIVISIÓ,Grup E,98,3,"SANT BOI ""C""",11,42,0
2017-18,12,LLIGA CATALANA 3 BANDES,3ª DIVISIÓ,Grup E,98,4,"SANTS ""D""",10,38,0
2017-18,12,LLIGA CATALANA 3 BANDES,3ª DIVISIÓ,Grup E,98,5,"PREMIA ""B""",7,37,0
2017-18,12,LLIGA CATALANA 3 BANDES,3ª DIVISIÓ,Grup E,98,6,"MONT-ROIG ""C""",5,33,0
2017-18,12,LLIGA CATALANA 3 BANDES,3ª DIVISIÓ,Grup F,99,1,"MOLINS ""B""",19,72,0
2017-18,12,LLIGA CATALANA 3 BANDES,3ª DIVISIÓ,Grup F,99,2,"SANT BOI ""B""",17,61,0
2017-18,12,LLIGA CATALANA 3 BANDES,3ª DIVISIÓ,Grup F,99,3,"UNIÓ CORAL ""B""",10,43,0
2017-18,12,LLIGA CATALANA 3 BANDES,3ª DIVISIÓ,Grup F,99,4,"BARCELONA ""C""",8,37,0
2017-18,12,LLIGA CATALANA 3 BANDES,3ª DIVISIÓ,Grup F,99,5,"MONFORTE ""C""",7,30,0
2017-18,12,LLIGA CATALANA 3 BANDES,3ª DIVISIÓ,Grup F,99,6,"SANT ADRIA ""D""",3,24,0
2017-18,12,LLIGA CATALANA 3 BANDES,PROMOCIÓ A 1a,Grup ùnic,114,1,"MONT-ROIG ""A""",19,71,0
2017-18,12,LLIGA CATALANA 3 BANDES,PROMOCIÓ A 1a,Grup ùnic,114,2,PUNT D'ATAC,18,74,0
2017-18,12,LLIGA CATALANA 3 BANDES,PROMOCIÓ A 1a,Grup ùnic,114,3,"MOLLET ""A""",16,61,0
2017-18,12,LLIGA CATALANA 3 BANDES,PROMOCIÓ A 1a,Grup ùnic,114,4,"SANTS ""A""",12,48,0
2017-18,12,LLIGA CATALANA 3 BANDES,PROMOCIÓ A 2a,Grup ùnic,115,1,"MOLINS ""C""",26,91,0
2017-18,12,LLIGA CATALANA 3 BANDES,PROMOCIÓ A 2a,Grup ùnic,115,2,"PREMIA ""A""",24,93,0
2017-18,12,LLIGA CATALANA 3 BANDES,PROMOCIÓ A 2a,Grup ùnic,115,3,BLANES,24,87,0
2017-18,12,LLIGA CATALANA 3 BANDES,PROMOCIÓ A 2a,Grup ùnic,115,4,"TARRAGONA ""A""",22,80,0
2017-18,12,LLIGA CATALANA 3 BANDES,PROMOCIÓ A 2a,Grup ùnic,115,5,CERVERA,16,64,0
2017-18,12,LLIGA CATALANA 3 BANDES,PROMOCIÓ A 2a,Grup ùnic,115,6,CERDANYOLA,15,59,0
2017-18,12,LLIGA CATALANA 3 BANDES,PROMOCIÓ A 2a,Grup ùnic,115,7,"VIC ""B""",13,62,0
2017-18,12,LLIGA CATALANA 3 BANDES,PROMOCIÓ A 2a,Grup ùnic,115,8,"SANTS ""B""",11,49,0
2017-18,13,LLIGA CATALANA 4 MODALITATS,1a DIVISIÓ,UNIC,104,1,VIC A,17,57,0
2017-18,13,LLIGA CATALANA 4 MODALITATS,1a DIVISIÓ,UNIC,104,2,LLINARS A,9,35,0
2017-18,13,LLIGA CATALANA 4 MODALITATS,1a DIVISIÓ,UNIC,104,3,MOLINS B,8,36,0
2017-18,13,LLIGA CATALANA 4 MODALITATS,1a DIVISIÓ,UNIC,104,4,CERVERA A,5,26,0
2017-18,13,LLIGA CATALANA 4 MODALITATS,2a DIVISIÓ,FINAL,117,1,MOLINS C,15,52,0
2017-18,13,LLIGA CATALANA 4 MODALITATS,2a DIVISIÓ,FINAL,117,2,SANTS B,14,57,0
2017-18,13,LLIGA CATALANA 4 MODALITATS,2a DIVISIÓ,FINAL,117,3,CERDANYOLA A,14,52,0
2017-18,13,LLIGA CATALANA 4 MODALITATS,2a DIVISIÓ,Grup A,105,1,SANT FELIU,11,43,0
2017-18,13,LLIGA CATALANA 4 MODALITATS,2a DIVISIÓ,Grup A,105,2,LLINARS B,9,33,0
2017-18,13,LLIGA CATALANA 4 MODALITATS,2a DIVISIÓ,Grup A,105,3,MANRESA,6,28,0
2017-18,13,LLIGA CATALANA 4 MODALITATS,2a DIVISIÓ,Grup A,105,4,PREMIA,5,31,0
2017-18,13,LLIGA CATALANA 4 MODALITATS,2a DIVISIÓ,Grup B,106,1,LA GRAN PENYA B,7,28,0
2017-18,13,LLIGA CATALANA 4 MODALITATS,2a DIVISIÓ,Grup B,106,2,CENTELLES,6,27,0
2017-18,13,LLIGA CATALANA 4 MODALITATS,2a DIVISIÓ,Grup B,106,3,LLEIDA B,5,25,0
2017-18,13,LLIGA CATALANA 4 MODALITATS,HONOR,UNIC,103,1,MOLINS A,16,56,0
2017-18,13,LLIGA CATALANA 4 MODALITATS,HONOR,UNIC,103,2,SANTS A,12,45,0
2017-18,13,LLIGA CATALANA 4 MODALITATS,HONOR,UNIC,103,3,LLEIDA A,11,43,0
2017-18,13,LLIGA CATALANA 4 MODALITATS,HONOR,UNIC,103,4,TARRAGONA A,8,37,0
2017-18,13,LLIGA CATALANA 4 MODALITATS,HONOR,UNIC,103,5,MATADEPERA,5,24,0
2017-18,13,LLIGA CATALANA 4 MODALITATS,L'AMISTAT,FINAL,116,1,SANTS C,20,69,0
2017-18,13,LLIGA CATALANA 4 MODALITATS,L'AMISTAT,FINAL,116,2,SANT ADRIÀ,19,65,0
2017-18,13,LLIGA CATALANA 4 MODALITATS,L'AMISTAT,FINAL,116,3,LA COLMENA,12,48,0
2017-18,13,LLIGA CATALANA 4 MODALITATS,L'AMISTAT,FINAL,116,4,VIC B,12,46,0
2017-18,13,LLIGA CATALANA 4 MODALITATS,L'AMISTAT,Grup A,101,1,MOLLET,10,44,0
2017-18,13,LLIGA CATALANA 4 MODALITATS,L'AMISTAT,Grup A,101,2,CERDANYOLA B,10,37,0
2017-18,13,LLIGA CATALANA 4 MODALITATS,L'AMISTAT,Grup A,101,3,VIC C,8,30,0
2017-18,13,LLIGA CATALANA 4 MODALITATS,L'AMISTAT,Grup A,101,4,CERVERA B,5,29,0
2017-18,13,LLIGA CATALANA 4 MODALITATS,L'AMISTAT,Grup B,102,1,GRANOLLERS,12,43,0
2017-18,13,LLIGA CATALANA 4 MODALITATS,L'AMISTAT,Grup B,102,2,CORAL COLÓN,10,39,0
2017-18,13,LLIGA CATALANA 4 MODALITATS,L'AMISTAT,Grup B,102,3,MATARÓ,5,28,0
2017-18,13,LLIGA CATALANA 4 MODALITATS,L'AMISTAT,Grup B,102,4,CANET,3,26,0
2017-18,13,LLIGA CATALANA 4 MODALITATS,PROMOCIÓ A 1a,Grup ùnic,121,1,TARRAGONA B,14,50,0
2017-18,13,LLIGA CATALANA 4 MODALITATS,PROMOCIÓ A 1a,Grup ùnic,121,2,EL PRAT,11,48,0
2017-18,13,LLIGA CATALANA 4 MODALITATS,PROMOCIÓ A HONOR,Grup ùnic,120,1,LA GRAN PENYA A,19,66,0
2017-18,13,LLIGA CATALANA 4 MODALITATS,PROMOCIÓ A HONOR,Grup ùnic,120,2,PUNT D'ATAC,9,45,0
2017-18,14,INTERCLUBS ZONA 1,UNICA,UNIC,100,1,PUNT D'ATAC,4,8,0
2017-18,14,INTERCLUBS ZONA 1,UNICA,UNIC,100,2,TARRAGONA,2,6,0
2017-18,14,INTERCLUBS ZONA 1,UNICA,UNIC,100,3,MONT-ROIG,0,4,0
2017-18,15,LLIGA 3 BANDES ZONA 1,ÙNICA,ÙNIC,118,1,Punt d'Atac,11,38,0
2017-18,15,LLIGA 3 BANDES ZONA 1,ÙNICA,ÙNIC,118,2,Tarragona,6,24,0
2017-18,15,LLIGA 3 BANDES ZONA 1,ÙNICA,ÙNIC,118,3,Mont-roig,6,24,0
2017-18,15,LLIGA 3 BANDES ZONA 1,ÙNICA,ÙNIC,118,4,Lleida,1,10,0
2017-18,16,LLIGA JOC CURT ZONA 1,ÙNICA,ÙNIC,119,1,Tarragona A,8,22,0
2017-18,16,LLIGA JOC CURT ZONA 1,ÙNICA,ÙNIC,119,2,La Gran Penya,2,8,0
2017-18,16,LLIGA JOC CURT ZONA 1,ÙNICA,ÙNIC,119,3,Tarragona B,2,6,0
2018-19,17,LLIGA CATALANA 3 BANDES,1a DIVISIÓ,Final Four Grup A,144,1,VIC A,5,20,0
2018-19,17,LLIGA CATALANA 3 BANDES,1a DIVISIÓ,Final Four Grup A,144,2,MOLINS A,4,14,0
2018-19,17,LLIGA CATALANA 3 BANDES,1a DIVISIÓ,Final Four Grup A,144,3,BARCELONA A,2,8,0
2018-19,17,LLIGA CATALANA 3 BANDES,1a DIVISIÓ,Final Four Grup A,144,4,SANTS A,1,6,0
2018-19,17,LLIGA CATALANA 3 BANDES,1a DIVISIÓ,Final Four Grup B,145,1,DANY-ELLS A,5,15,0
2018-19,17,LLIGA CATALANA 3 BANDES,1a DIVISIÓ,Final Four Grup B,145,2,SANT ADRIÀ A,4,17,0
2018-19,17,LLIGA CATALANA 3 BANDES,1a DIVISIÓ,Final Four Grup B,145,3,LLEIDA A,3,12,0
2018-19,17,LLIGA CATALANA 3 BANDES,1a DIVISIÓ,Final Four Grup B,145,4,SANT BOI A,0,4,0
2018-19,17,LLIGA CATALANA 3 BANDES,1a DIVISIÓ,Final Four Grup C,136,1,MATADEPERA,4,16,0
2018-19,17,LLIGA CATALANA 3 BANDES,1a DIVISIÓ,Final Four Grup C,136,2,MOLLET A,4,14,0
2018-19,17,LLIGA CATALANA 3 BANDES,1a DIVISIÓ,Final Four Grup C,136,3,PUNT D'ATAC,3,12,0
2018-19,17,LLIGA CATALANA 3 BANDES,1a DIVISIÓ,Final Four Grup C,136,4,CORAL COLÓN,1,6,0
2018-19,17,LLIGA CATALANA 3 BANDES,1a DIVISIÓ,Grup ùnic,122,1,VIC A,22,82,11
2018-19,17,LLIGA CATALANA 3 BANDES,1a DIVISIÓ,Grup ùnic,122,2,MOLINS A,17,64,11
2018-19,17,LLIGA CATALANA 3 BANDES,1a DIVISIÓ,Grup ùnic,122,3,SANTS A,13,47,11
2018-19,17,LLIGA CATALANA 3 BANDES,1a DIVISIÓ,Grup ùnic,122,4,BARCELONA A,13,44,11
2018-19,17,LLIGA CATALANA 3 BANDES,1a DIVISIÓ,Grup ùnic,122,5,SANT ADRIÀ A,11,47,11
2018-19,17,LLIGA CATALANA 3 BANDES,1a DIVISIÓ,Grup ùnic,122,6,LLEIDA A,11,45,11
2018-19,17,LLIGA CATALANA 3 BANDES,1a DIVISIÓ,Grup ùnic,122,7,SANT BOI A,11,41,11
2018-19,17,LLIGA CATALANA 3 BANDES,1a DIVISIÓ,Grup ùnic,122,8,DANY-ELLS A,10,43,11
2018-19,17,LLIGA CATALANA 3 BANDES,1a DIVISIÓ,Grup ùnic,122,9,MOLLET A,10,39,11
2018-19,17,LLIGA CATALANA 3 BANDES,1a DIVISIÓ,Grup ùnic,122,10,MATADEPERA,9,36,11
2018-19,17,LLIGA CATALANA 3 BANDES,1a DIVISIÓ,Grup ùnic,122,11,PUNT D'ATAC,4,22,11
2018-19,17,LLIGA CATALANA 3 BANDES,1a DIVISIÓ,Grup ùnic,122,12,CORAL COLÓN,1,18,11
2018-19,17,LLIGA CATALANA 3 BANDES,2a DIVISIÓ,FINAL 2a DIVISIÓ,137,1,BANYOLES,25,82,14
2018-19,17,LLIGA CATALANA 3 BANDES,2a DIVISIÓ,FINAL 2a DIVISIÓ,137,2,CERDANYOLA A,20,67,14
2018-19,17,LLIGA CATALANA 3 BANDES,2a DIVISIÓ,FINAL 2a DIVISIÓ,137,3,MONFORTE A,18,71,14
2018-19,17,LLIGA CATALANA 3 BANDES,2a DIVISIÓ,FINAL 2a DIVISIÓ,137,4,TARRAGONA A,18,69,14
2018-19,17,LLIGA CATALANA 3 BANDES,2a DIVISIÓ,Grup A,123,1,CERDANYOLA A,20,67,0
2018-19,17,LLIGA CATALANA 3 BANDES,2a DIVISIÓ,Grup A,123,2,MONFORTE A,18,71,0
2018-19,17,LLIGA CATALANA 3 BANDES,2a DIVISIÓ,Grup A,123,3,MANRESA A,16,60,0
2018-19,17,LLIGA CATALANA 3 BANDES,2a DIVISIÓ,Grup A,123,4,SANT ADRIÀ B,16,58,0
2018-19,17,LLIGA CATALANA 3 BANDES,2a DIVISIÓ,Grup A,123,5,CANET A,13,54,0
2018-19,17,LLIGA CATALANA 3 BANDES,2a DIVISIÓ,Grup A,123,6,MATARÓ A,12,51,0
2018-19,17,LLIGA CATALANA 3 BANDES,2a DIVISIÓ,Grup A,123,7,LA GRAN PENYA,10,48,0
2018-19,17,LLIGA CATALANA 3 BANDES,2a DIVISIÓ,Grup A,123,8,LA COLMENA A,7,39,0
2018-19,17,LLIGA CATALANA 3 BANDES,2a DIVISIÓ,Grup B,124,1,BANYOLES,25,82,0
2018-19,17,LLIGA CATALANA 3 BANDES,2a DIVISIÓ,Grup B,124,2,TARRAGONA A,18,69,0
2018-19,17,LLIGA CATALANA 3 BANDES,2a DIVISIÓ,Grup B,124,3,CERVERA,15,63,0
2018-19,17,LLIGA CATALANA 3 BANDES,2a DIVISIÓ,Grup B,124,4,LLINARS A,15,62,0
2018-19,17,LLIGA CATALANA 3 BANDES,2a DIVISIÓ,Grup B,124,5,MONT-ROIG A,14,57,0
2018-19,17,LLIGA CATALANA 3 BANDES,2a DIVISIÓ,Grup B,124,6,PRAT A,14,52,0
2018-19,17,LLIGA CATALANA 3 BANDES,2a DIVISIÓ,Grup B,124,7,VIC B,8,38,0
2018-19,17,LLIGA CATALANA 3 BANDES,2a DIVISIÓ,Grup B,124,8,BLANES,3,25,0
2018-19,17,LLIGA CATALANA 3 BANDES,3a DIVISIÓ,Grup A,125,1,LLEIDA B,22,82,0
2018-19,17,LLIGA CATALANA 3 BANDES,3a DIVISIÓ,Grup A,125,2,MONT-ROIG B,18,66,0
2018-19,17,LLIGA CATALANA 3 BANDES,3a DIVISIÓ,Grup A,125,3,L'AMISTAT,15,61,0
2018-19,17,LLIGA CATALANA 3 BANDES,3a DIVISIÓ,Grup A,125,4,TARRAGONA B,14,61,0
2018-19,17,LLIGA CATALANA 3 BANDES,3a DIVISIÓ,Grup A,125,5,PRAT B,7,24,0
2018-19,17,LLIGA CATALANA 3 BANDES,3a DIVISIÓ,Grup A,125,6,VILANOVA,5,29,0
2018-19,17,LLIGA CATALANA 3 BANDES,3a DIVISIÓ,Grup A,125,7,MANRESA C,2,13,0
2018-19,17,LLIGA CATALANA 3 BANDES,3a DIVISIÓ,Grup B,126,1,LLIÇÀ D'AMUNT,19,71,0
2018-19,17,LLIGA CATALANA 3 BANDES,3a DIVISIÓ,Grup B,126,2,GEiEG,16,64,0
2018-19,17,LLIGA CATALANA 3 BANDES,3a DIVISIÓ,Grup B,126,3,SANT FELIU A,16,60,0
2018-19,17,LLIGA CATALANA 3 BANDES,3a DIVISIÓ,Grup B,126,4,VIC D,15,59,0
2018-19,17,LLIGA CATALANA 3 BANDES,3a DIVISIÓ,Grup B,126,5,MATARÓ B,14,56,0
2018-19,17,LLIGA CATALANA 3 BANDES,3a DIVISIÓ,Grup B,126,6,LLINARS C,7,33,0
2018-19,17,LLIGA CATALANA 3 BANDES,3a DIVISIÓ,Grup B,126,7,DANY-ELLS B,2,23,0
2018-19,17,LLIGA CATALANA 3 BANDES,3a DIVISIÓ,Grup C,127,1,EL MASNOU,24,78,0
2018-19,17,LLIGA CATALANA 3 BANDES,3a DIVISIÓ,Grup C,127,2,MOLLET B,15,65,0
2018-19,17,LLIGA CATALANA 3 BANDES,3a DIVISIÓ,Grup C,127,3,PREMIÀ,15,64,0
2018-19,17,LLIGA CATALANA 3 BANDES,3a DIVISIÓ,Grup C,127,4,CANET B,15,58,0
2018-19,17,LLIGA CATALANA 3 BANDES,3a DIVISIÓ,Grup C,127,5,VIC C,14,57,0
2018-19,17,LLIGA CATALANA 3 BANDES,3a DIVISIÓ,Grup C,127,6,GRANOLLERS,14,54,0
2018-19,17,LLIGA CATALANA 3 BANDES,3a DIVISIÓ,Grup C,127,7,LLINARS B,11,45,0
2018-19,17,LLIGA CATALANA 3 BANDES,3a DIVISIÓ,Grup C,127,8,SANT FELIU B,3,27,0
2018-19,17,LLIGA CATALANA 3 BANDES,3a DIVISIÓ,Grup D,128,1,SANT BOI B,22,71,0
2018-19,17,LLIGA CATALANA 3 BANDES,3a DIVISIÓ,Grup D,128,2,SANTS B,19,66,0
2018-19,17,LLIGA CATALANA 3 BANDES,3a DIVISIÓ,Grup D,128,3,MONFORTE B,11,52,0
2018-19,17,LLIGA CATALANA 3 BANDES,3a DIVISIÓ,Grup D,128,4,MANRESA B,11,40,0
2018-19,17,LLIGA CATALANA 3 BANDES,3a DIVISIÓ,Grup D,128,5,SANT ADRIÀ D,10,44,0
2018-19,17,LLIGA CATALANA 3 BANDES,3a DIVISIÓ,Grup D,128,6,CERDANYOLA B,6,34,0
2018-19,17,LLIGA CATALANA 3 BANDES,3a DIVISIÓ,Grup D,128,7,UNIÓ CORAL B,3,21,0
2018-19,17,LLIGA CATALANA 3 BANDES,3a DIVISIÓ,Grup E,129,1,MOLINS B,27,99,0
2018-19,17,LLIGA CATALANA 3 BANDES,3a DIVISIÓ,Grup E,129,2,BARCELONA B,22,80,0
2018-19,17,LLIGA CATALANA 3 BANDES,3a DIVISIÓ,Grup E,129,3,UNIÓ CORAL A,18,68,0
2018-19,17,LLIGA CATALANA 3 BANDES,3a DIVISIÓ,Grup E,129,4,ALBA A,14,53,0
2018-19,17,LLIGA CATALANA 3 BANDES,3a DIVISIÓ,Grup E,129,5,SANTS C,13,58,0
2018-19,17,LLIGA CATALANA 3 BANDES,3a DIVISIÓ,Grup E,129,6,MONFORTE C,8,34,0
2018-19,17,LLIGA CATALANA 3 BANDES,3a DIVISIÓ,Grup E,129,7,LA COLMENA B,7,37,0
2018-19,17,LLIGA CATALANA 3 BANDES,3a DIVISIÓ,Grup E,129,8,MONT-ROIG C,3,19,0
2018-19,17,LLIGA CATALANA 3 BANDES,3a DIVISIÓ,Grup F,130,1,SANT ADRIÀ C,21,72,0
2018-19,17,LLIGA CATALANA 3 BANDES,3a DIVISIÓ,Grup F,130,2,MOLINS C,19,68,0
2018-19,17,LLIGA CATALANA 3 BANDES,3a DIVISIÓ,Grup F,130,3,OLESA,14,55,0
2018-19,17,LLIGA CATALANA 3 BANDES,3a DIVISIÓ,Grup F,130,4,SANT BOI C,14,54,0
2018-19,17,LLIGA CATALANA 3 BANDES,3a DIVISIÓ,Grup F,130,5,BARCELONA C,9,34,0
2018-19,17,LLIGA CATALANA 3 BANDES,3a DIVISIÓ,Grup F,130,6,SANTS D,4,32,0
2018-19,17,LLIGA CATALANA 3 BANDES,3a DIVISIÓ,Grup F,130,7,LLEIDA C,2,21,0
2018-19,17,LLIGA CATALANA 3 BANDES,PROMOCIÓ A 2a,Grup ùnic,142,1,CENTELLES,24,86,0
2018-19,17,LLIGA CATALANA 3 BANDES,PROMOCIÓ A 2a,Grup ùnic,142,2,LA GRAN PENYA,11,52,14
2018-19,18,LLIGA CATALANA 4 MODALITATS,1a DIVISIÓ,ÚNIC,133,1,"CERDANYOLA ""A""",19,66,0
2018-19,18,LLIGA CATALANA 4 MODALITATS,1a DIVISIÓ,ÚNIC,133,2,EL PRAT,11,44,0
2018-19,18,LLIGA CATALANA 4 MODALITATS,1a DIVISIÓ,ÚNIC,133,3,"MOLINS ""B""",10,39,0
2018-19,18,LLIGA CATALANA 4 MODALITATS,1a DIVISIÓ,ÚNIC,133,4,MATADEPERA,8,35,0
2018-19,18,LLIGA CATALANA 4 MODALITATS,1a DIVISIÓ,ÚNIC,133,5,"LLINARS ""A""",6,30,0
2018-19,18,LLIGA CATALANA 4 MODALITATS,1a DIVISIÓ,ÚNIC,133,6,PUNT D'ATAC,6,26,0
2018-19,18,LLIGA CATALANA 4 MODALITATS,2a DIVISIÓ,FINAL,146,1,"CERVERA ""A""",0,0,0
2018-19,18,LLIGA CATALANA 4 MODALITATS,2a DIVISIÓ,FINAL,146,2,"VIC ""B""",0,0,0
2018-19,18,LLIGA CATALANA 4 MODALITATS,2a DIVISIÓ,FINAL,146,3,CENTELLES,0,0,0
2018-19,18,LLIGA CATALANA 4 MODALITATS,2a DIVISIÓ,Grup A,134,1,MANRESA,16,52,0
2018-19,18,LLIGA CATALANA 4 MODALITATS,2a DIVISIÓ,Grup A,134,2,"TARRAGONA ""B""",9,41,0
2018-19,18,LLIGA CATALANA 4 MODALITATS,2a DIVISIÓ,Grup A,134,3,"LLEIDA ""B""",9,35,0
2018-19,18,LLIGA CATALANA 4 MODALITATS,2a DIVISIÓ,Grup A,134,4,"SANTS ""B""",6,30,0
2018-19,18,LLIGA CATALANA 4 MODALITATS,2a DIVISIÓ,Grup A,134,5,"MOLINS ""C""",4,26,0
2018-19,18,LLIGA CATALANA 4 MODALITATS,2a DIVISIÓ,Grup B,135,1,"SANT ADRIÀ ""A""",15,53,0
2018-19,18,LLIGA CATALANA 4 MODALITATS,2a DIVISIÓ,Grup B,135,2,PREMIÀ,11,45,0
2018-19,18,LLIGA CATALANA 4 MODALITATS,2a DIVISIÓ,Grup B,135,3,"LLINARS ""B""",8,45,0
2018-19,18,LLIGA CATALANA 4 MODALITATS,2a DIVISIÓ,Grup B,135,4,SANT FELIU,6,34,0
2018-19,18,LLIGA CATALANA 4 MODALITATS,2a DIVISIÓ,Grup B,135,5,EL MASNOU,5,30,0
2018-19,18,LLIGA CATALANA 4 MODALITATS,HONOR,ÚNIC,132,1,"VIC ""A""",16,57,0
2018-19,18,LLIGA CATALANA 4 MODALITATS,HONOR,ÚNIC,132,2,"LLEIDA ""A""",12,46,0
2018-19,18,LLIGA CATALANA 4 MODALITATS,HONOR,ÚNIC,132,3,"TARRAGONA ""A""",12,42,0
2018-19,18,LLIGA CATALANA 4 MODALITATS,HONOR,ÚNIC,132,4,"MOLINS ""A""",11,42,0
2018-19,18,LLIGA CATALANA 4 MODALITATS,HONOR,ÚNIC,132,5,"SANTS ""A""",5,30,0
2018-19,18,LLIGA CATALANA 4 MODALITATS,HONOR,ÚNIC,132,6,LA GRAN PENYA,3,23,0
2018-19,18,LLIGA CATALANA 4 MODALITATS,L'AMISTAT,ÚNIC,131,1,"SANT ADRIÀ ""B""",27,94,0
2018-19,18,LLIGA CATALANA 4 MODALITATS,L'AMISTAT,ÚNIC,131,2,GRANOLLERS,21,78,0
2018-19,18,LLIGA CATALANA 4 MODALITATS,L'AMISTAT,ÚNIC,131,3,"SANTS ""C""",21,78,0
2018-19,18,LLIGA CATALANA 4 MODALITATS,L'AMISTAT,ÚNIC,131,4,MATARÓ,17,68,0
2018-19,18,LLIGA CATALANA 4 MODALITATS,L'AMISTAT,ÚNIC,131,5,CANET DE MAR,15,64,0
2018-19,18,LLIGA CATALANA 4 MODALITATS,L'AMISTAT,ÚNIC,131,6,"VIC ""C""",15,59,0
2018-19,18,LLIGA CATALANA 4 MODALITATS,L'AMISTAT,ÚNIC,131,7,"CERDANYOLA ""B""",14,58,0
2018-19,18,LLIGA CATALANA 4 MODALITATS,L'AMISTAT,ÚNIC,131,8,"TARRAGONA ""C""",7,40,0
2018-19,18,LLIGA CATALANA 4 MODALITATS,L'AMISTAT,ÚNIC,131,9,"CERVERA ""B""",6,37,0
2018-19,19,LLIGA 3 BANDES ZONA 1,ÙNICA,ÙNIC,147,1,Mont-roig A Zona 1,12,42,0
2018-19,19,LLIGA 3 BANDES ZONA 1,ÙNICA,ÙNIC,147,2,Punt d'Atac Zona 1,7,26,0
2018-19,19,LLIGA 3 BANDES ZONA 1,ÙNICA,ÙNIC,147,3,Tarragona Zona 1,3,16,0
2018-19,19,LLIGA 3 BANDES ZONA 1,ÙNICA,ÙNIC,147,4,Mont-roig B Zona 1,2,12,0
2018-19,20,LLIGA JDS ZONA 1,ÙNICA,ÙNIC,148,1,La Gran Penya Z1,12,26,0
2018-19,20,LLIGA JDS ZONA 1,ÙNICA,ÙNIC,148,2,Punt d'Atac Z1,4,15,0
2018-19,20,LLIGA JDS ZONA 1,ÙNICA,ÙNIC,148,3,Tarragona Z1,2,13,0
2019-20,21,LLIGA CATALANA 3 BANDES,1º DIVISIÓ,Grup A,151,1,VIC A,24,62,6
2019-20,21,LLIGA CATALANA 3 BANDES,1º DIVISIÓ,Grup A,151,2,MOLLET A,11,39,6
2019-20,21,LLIGA CATALANA 3 BANDES,1º DIVISIÓ,Grup A,151,3,BANYOLES A,9,36,7
2019-20,21,LLIGA CATALANA 3 BANDES,1º DIVISIÓ,Grup A,151,4,SANTS A,9,34,7
2019-20,21,LLIGA CATALANA 3 BANDES,1º DIVISIÓ,Grup A,151,5,SANT ADRIÀ A,8,31,7
2019-20,21,LLIGA CATALANA 3 BANDES,1º DIVISIÓ,Grup A,151,6,MATADEPERA,3,22,7
2019-20,21,LLIGA CATALANA 3 BANDES,1º DIVISIÓ,Grup B,152,1,BARCELONA A,16,50,7
2019-20,21,LLIGA CATALANA 3 BANDES,1º DIVISIÓ,Grup B,152,2,MOLINS A,14,57,7
2019-20,21,LLIGA CATALANA 3 BANDES,1º DIVISIÓ,Grup B,152,3,LLEIDA A,10,41,7
2019-20,21,LLIGA CATALANA 3 BANDES,1º DIVISIÓ,Grup B,152,4,SANT BOI A,8,35,7
2019-20,21,LLIGA CATALANA 3 BANDES,1º DIVISIÓ,Grup B,152,5,TARRAGONA A,7,31,7
2019-20,21,LLIGA CATALANA 3 BANDES,1º DIVISIÓ,Grup B,152,6,MONFORTE A,5,26,7
2019-20,21,LLIGA CATALANA 3 BANDES,2a DIVISIÓ,Grup A,157,1,MOLINS B,22,71,9
2019-20,21,LLIGA CATALANA 3 BANDES,2a DIVISIÓ,Grup A,157,2,LA GRAN PENYA,15,56,9
2019-20,21,LLIGA CATALANA 3 BANDES,2a DIVISIÓ,Grup A,157,3,MONT-ROIG A,14,54,9
2019-20,21,LLIGA CATALANA 3 BANDES,2a DIVISIÓ,Grup A,157,4,SANTS B,13,49,9
2019-20,21,LLIGA CATALANA 3 BANDES,2a DIVISIÓ,Grup A,157,5,MANRESA A,12,57,9
2019-20,21,LLIGA CATALANA 3 BANDES,2a DIVISIÓ,Grup A,157,6,CANET A,12,49,9
2019-20,21,LLIGA CATALANA 3 BANDES,2a DIVISIÓ,Grup A,157,7,CERVERA,7,35,8
2019-20,21,LLIGA CATALANA 3 BANDES,2a DIVISIÓ,Grup A,157,8,PUNT D'ATAC,1,13,10
2019-20,21,LLIGA CATALANA 3 BANDES,2a DIVISIÓ,Grup B,158,1,SANT BOI B,15,55,10
2019-20,21,LLIGA CATALANA 3 BANDES,2a DIVISIÓ,Grup B,158,2,EL PRAT,15,51,9
2019-20,21,LLIGA CATALANA 3 BANDES,2a DIVISIÓ,Grup B,158,3,MATARÓ A,14,58,7
2019-20,21,LLIGA CATALANA 3 BANDES,2a DIVISIÓ,Grup B,158,4,LLINARS A,14,52,8
2019-20,21,LLIGA CATALANA 3 BANDES,2a DIVISIÓ,Grup B,158,5,SANT ADRIÀ B,13,49,11
2019-20,21,LLIGA CATALANA 3 BANDES,2a DIVISIÓ,Grup B,158,6,LLEIDA B,11,45,10
2019-20,21,LLIGA CATALANA 3 BANDES,2a DIVISIÓ,Grup B,158,7,CERDANYOLA A,5,32,9
2019-20,21,LLIGA CATALANA 3 BANDES,2a DIVISIÓ,Grup B,158,8,CORAL COLÓN,5,26,8
2019-20,21,LLIGA CATALANA 3 BANDES,3a DIVISIÓ,Grup A,159,1,VIC B,18,60,9
2019-20,21,LLIGA CATALANA 3 BANDES,3a DIVISIÓ,Grup A,159,2,BARCELONA B,14,57,9
2019-20,21,LLIGA CATALANA 3 BANDES,3a DIVISIÓ,Grup A,159,3,MONT-ROIG B,14,50,8
2019-20,21,LLIGA CATALANA 3 BANDES,3a DIVISIÓ,Grup A,159,4,L'AMISTAT,12,46,9
2019-20,21,LLIGA CATALANA 3 BANDES,3a DIVISIÓ,Grup A,159,5,PREMIÀ,11,50,9
2019-20,21,LLIGA CATALANA 3 BANDES,3a DIVISIÓ,Grup A,159,6,SANT ADRIÀ C,10,44,8
2019-20,21,LLIGA CATALANA 3 BANDES,3a DIVISIÓ,Grup A,159,7,UNIO CORAL A,10,44,9
2019-20,21,LLIGA CATALANA 3 BANDES,3a DIVISIÓ,Grup A,159,8,EL MASNOU,7,33,9
2019-20,21,LLIGA CATALANA 3 BANDES,3a DIVISIÓ,Grup B,160,1,CENTELLES A,22,70,10
2019-20,21,LLIGA CATALANA 3 BANDES,3a DIVISIÓ,Grup B,160,2,BLANES,15,56,9
2019-20,21,LLIGA CATALANA 3 BANDES,3a DIVISIÓ,Grup B,160,3,MOLINS C,15,56,9
2019-20,21,LLIGA CATALANA 3 BANDES,3a DIVISIÓ,Grup B,160,4,MOLLET B,13,57,9
2019-20,21,LLIGA CATALANA 3 BANDES,3a DIVISIÓ,Grup B,160,5,LA COLMENA,12,51,10
2019-20,21,LLIGA CATALANA 3 BANDES,3a DIVISIÓ,Grup B,160,6,LLIÇÀ D'AMUNT,7,30,9
2019-20,21,LLIGA CATALANA 3 BANDES,3a DIVISIÓ,Grup B,160,7,GEiEG,6,35,9
2019-20,21,LLIGA CATALANA 3 BANDES,3a DIVISIÓ,Grup B,160,8,OLESA,6,29,9
2019-20,21,LLIGA CATALANA 3 BANDES,4ª DIVISIÓ,Grup A,153,1,TARRAGONA B,21,76,9
2019-20,21,LLIGA CATALANA 3 BANDES,4ª DIVISIÓ,Grup A,153,2,SANTS E,15,51,8
2019-20,21,LLIGA CATALANA 3 BANDES,4ª DIVISIÓ,Grup A,153,3,VILANOVA I LA GELTRÚ,11,50,8
2019-20,21,LLIGA CATALANA 3 BANDES,4ª DIVISIÓ,Grup A,153,4,MONFORTE D,11,36,8
2019-20,21,LLIGA CATALANA 3 BANDES,4ª DIVISIÓ,Grup A,153,5,MONT-ROIG C,10,41,7
2019-20,21,LLIGA CATALANA 3 BANDES,4ª DIVISIÓ,Grup A,153,6,LLEIDA C,4,25,8
2019-20,21,LLIGA CATALANA 3 BANDES,4ª DIVISIÓ,Grup A,153,7,MANRESA C,2,17,8
2019-20,21,LLIGA CATALANA 3 BANDES,4ª DIVISIÓ,Grup B,154,1,GRANOLLERS A,20,75,8
2019-20,21,LLIGA CATALANA 3 BANDES,4ª DIVISIÓ,Grup B,154,2,MATARÓ B,15,56,10
2019-20,21,LLIGA CATALANA 3 BANDES,4ª DIVISIÓ,Grup B,154,3,LLINARS B,14,54,8
2019-20,21,LLIGA CATALANA 3 BANDES,4ª DIVISIÓ,Grup B,154,4,BANYOLES B,12,48,9
2019-20,21,LLIGA CATALANA 3 BANDES,4ª DIVISIÓ,Grup B,154,5,CASINO OLOTÍ,11,45,9
2019-20,21,LLIGA CATALANA 3 BANDES,4ª DIVISIÓ,Grup B,154,6,CANET B,10,47,9
2019-20,21,LLIGA CATALANA 3 BANDES,4ª DIVISIÓ,Grup B,154,7,SANT FELIU A,6,30,8
2019-20,21,LLIGA CATALANA 3 BANDES,4ª DIVISIÓ,Grup B,154,8,VIC C,4,21,9
2019-20,21,LLIGA CATALANA 3 BANDES,4ª DIVISIÓ,Grup C,155,1,MONFORTE B,23,86,9
2019-20,21,LLIGA CATALANA 3 BANDES,4ª DIVISIÓ,Grup C,155,2,MANRESA B,19,65,10
2019-20,21,LLIGA CATALANA 3 BANDES,4ª DIVISIÓ,Grup C,155,3,SANTS C,17,63,9
2019-20,21,LLIGA CATALANA 3 BANDES,4ª DIVISIÓ,Grup C,155,4,GRANOLLERS B,15,53,10
2019-20,21,LLIGA CATALANA 3 BANDES,4ª DIVISIÓ,Grup C,155,5,CERDANYOLA B,9,45,9
2019-20,21,LLIGA CATALANA 3 BANDES,4ª DIVISIÓ,Grup C,155,6,UNIO CORAL B,8,30,9
2019-20,21,LLIGA CATALANA 3 BANDES,4ª DIVISIÓ,Grup C,155,7,CENTELLES B,5,33,9
2019-20,21,LLIGA CATALANA 3 BANDES,4ª DIVISIÓ,Grup C,155,8,LLINARS C,2,17,9
2019-20,21,LLIGA CATALANA 3 BANDES,4ª DIVISIÓ,Grup D,156,1,ALBA A,22,62,9
2019-20,21,LLIGA CATALANA 3 BANDES,4ª DIVISIÓ,Grup D,156,2,MONFORTE C,19,67,9
2019-20,21,LLIGA CATALANA 3 BANDES,4ª DIVISIÓ,Grup D,156,3,SANT BOI C,17,66,9
2019-20,21,LLIGA CATALANA 3 BANDES,4ª DIVISIÓ,Grup D,156,4,TARRAGONA C,17,59,9
2019-20,21,LLIGA CATALANA 3 BANDES,4ª DIVISIÓ,Grup D,156,5,MOLINS D,15,63,10
2019-20,21,LLIGA CATALANA 3 BANDES,4ª DIVISIÓ,Grup D,156,6,BARCELONA C,6,29,9
2019-20,21,LLIGA CATALANA 3 BANDES,4ª DIVISIÓ,Grup D,156,7,SANTS D,5,29,10
2019-20,21,LLIGA CATALANA 3 BANDES,4ª DIVISIÓ,Grup D,156,8,SANT FELIU B,3,17,9
2019-20,22,LLIGA CATALANA 4 MODALITATS,1º DIVISIÓ,ÙNIC,163,1,"CERVERA ""A""",14,49,9
2019-20,22,LLIGA CATALANA 4 MODALITATS,1º DIVISIÓ,ÙNIC,163,2,EL PRAT,10,42,9
2019-20,22,LLIGA CATALANA 4 MODALITATS,1º DIVISIÓ,ÙNIC,163,3,"MOLINS ""B""",10,41,9
2019-20,22,LLIGA CATALANA 4 MODALITATS,1º DIVISIÓ,ÙNIC,163,4,"LLINARS ""A""",9,36,10
2019-20,22,LLIGA CATALANA 4 MODALITATS,1º DIVISIÓ,ÙNIC,163,5,MATADEPERA,7,26,9
2019-20,22,LLIGA CATALANA 4 MODALITATS,1º DIVISIÓ,ÙNIC,163,6,LA GRAN PENYA,5,30,10
2019-20,22,LLIGA CATALANA 4 MODALITATS,2a DIVISIÓ,Grup A,164,1,"TARRAGONA ""B""",16,55,9
2019-20,22,LLIGA CATALANA 4 MODALITATS,2a DIVISIÓ,Grup A,164,2,"MATARÓ ""A""",13,45,8
2019-20,22,LLIGA CATALANA 4 MODALITATS,2a DIVISIÓ,Grup A,164,3,"VIC ""B""",11,42,9
2019-20,22,LLIGA CATALANA 4 MODALITATS,2a DIVISIÓ,Grup A,164,4,CENTELLES,10,40,9
2019-20,22,LLIGA CATALANA 4 MODALITATS,2a DIVISIÓ,Grup A,164,5,PREMIÀ,9,40,9
2019-20,22,LLIGA CATALANA 4 MODALITATS,2a DIVISIÓ,Grup A,164,6,"LLINARS ""B""",6,30,9
2019-20,22,LLIGA CATALANA 4 MODALITATS,2a DIVISIÓ,Grup A,164,7,"LLEIDA ""B""",6,24,9
2019-20,22,LLIGA CATALANA 4 MODALITATS,2a DIVISIÓ,Grup A,164,8,SANT FELIU,1,12,10
2019-20,22,LLIGA CATALANA 4 MODALITATS,2a DIVISIÓ,Grup B,165,1,CORAL COLÓN,13,50,9
2019-20,22,LLIGA CATALANA 4 MODALITATS,2a DIVISIÓ,Grup B,165,2,MANRESA,13,49,9
2019-20,22,LLIGA CATALANA 4 MODALITATS,2a DIVISIÓ,Grup B,165,3,"SANTS ""B""",13,48,9
2019-20,22,LLIGA CATALANA 4 MODALITATS,2a DIVISIÓ,Grup B,165,4,"TARRAGONA ""C""",9,40,9
2019-20,22,LLIGA CATALANA 4 MODALITATS,2a DIVISIÓ,Grup B,165,5,"MOLINS ""C""",9,34,9
2019-20,22,LLIGA CATALANA 4 MODALITATS,2a DIVISIÓ,Grup B,165,6,SANT ADRIÀ,7,32,9
2019-20,22,LLIGA CATALANA 4 MODALITATS,2a DIVISIÓ,Grup B,165,7,"CERDANYOLA ""B""",7,24,9
2019-20,22,LLIGA CATALANA 4 MODALITATS,2a DIVISIÓ,Grup B,165,8,"MATARÓ ""B""",1,11,9
2019-20,22,LLIGA CATALANA 4 MODALITATS,HONOR,ÙNIC,162,1,"VIC ""A""",14,52,9
2019-20,22,LLIGA CATALANA 4 MODALITATS,HONOR,ÙNIC,162,2,"MOLINS ""A""",11,43,9
2019-20,22,LLIGA CATALANA 4 MODALITATS,HONOR,ÙNIC,162,3,"TARRAGONA ""A""",11,41,9
2019-20,22,LLIGA CATALANA 4 MODALITATS,HONOR,ÙNIC,162,4,"CERDANYOLA ""A""",8,34,9
2019-20,22,LLIGA CATALANA 4 MODALITATS,HONOR,ÙNIC,162,5,"LLEIDA ""A""",6,26,9
2019-20,22,LLIGA CATALANA 4 MODALITATS,HONOR,ÙNIC,162,6,"SANTS ""A""",3,20,9
2019-20,22,LLIGA CATALANA 4 MODALITATS,L'AMISTAT,ÙNIC,161,1,"SANTS ""C""",18,64,10
2019-20,22,LLIGA CATALANA 4 MODALITATS,L'AMISTAT,ÙNIC,161,2,CASINO OLOTÍ,16,52,10
2019-20,22,LLIGA CATALANA 4 MODALITATS,L'AMISTAT,ÙNIC,161,3,GRANOLLERS,11,44,10
2019-20,22,LLIGA CATALANA 4 MODALITATS,L'AMISTAT,ÙNIC,161,4,LA COLMENA,11,40,10
2019-20,22,LLIGA CATALANA 4 MODALITATS,L'AMISTAT,ÙNIC,161,5,CANET DE MAR,7,33,10
2019-20,22,LLIGA CATALANA 4 MODALITATS,L'AMISTAT,ÙNIC,161,6,"VIC ""C""",7,33,10
2019-20,22,LLIGA CATALANA 4 MODALITATS,L'AMISTAT,ÙNIC,161,7,"CERVERA ""B""",5,28,10
2019-20,22,LLIGA CATALANA 4 MODALITATS,L'AMISTAT,ÙNIC,161,8,"CERDANYOLA ""C""",5,26,10
2020-21,24,LLIGA CATALANA TRES BANDES,1a DIVISIÓ,FINAL 1a,190,1,MATADEPERA,13,40,7
2020-21,24,LLIGA CATALANA TRES BANDES,1a DIVISIÓ,FINAL 1a,190,2,"SANT ADRIÀ ""A""",8,32,6
2020-21,24,LLIGA CATALANA TRES BANDES,1a DIVISIÓ,FINAL 1a,190,3,"VIC ""A""",9,32,7
2020-21,24,LLIGA CATALANA TRES BANDES,1a DIVISIÓ,FINAL 1a,190,4,"MOLLET ""A""",7,24,6
2020-21,24,LLIGA CATALANA TRES BANDES,1a DIVISIÓ,GRUP A,170,1,"VIC ""A""",9,32,7
2020-21,24,LLIGA CATALANA TRES BANDES,1a DIVISIÓ,GRUP A,170,2,"MOLLET ""A""",7,24,6
2020-21,24,LLIGA CATALANA TRES BANDES,1a DIVISIÓ,GRUP A,170,3,"LLEIDA ""A""",6,25,5
2020-21,24,LLIGA CATALANA TRES BANDES,1a DIVISIÓ,GRUP A,170,4,"TARRAGONA ""A""",6,20,5
2020-21,24,LLIGA CATALANA TRES BANDES,1a DIVISIÓ,GRUP A,170,5,"MONFORTE ""A""",2,16,5
2020-21,24,LLIGA CATALANA TRES BANDES,1a DIVISIÓ,GRUP A,170,6,"LLINARS ""A""",2,12,5
2020-21,24,LLIGA CATALANA TRES BANDES,1a DIVISIÓ,GRUP B,171,1,MATADEPERA,13,40,7
2020-21,24,LLIGA CATALANA TRES BANDES,1a DIVISIÓ,GRUP B,171,2,"SANT ADRIÀ ""A""",8,32,6
2020-21,24,LLIGA CATALANA TRES BANDES,1a DIVISIÓ,GRUP B,171,3,"MOLINS ""A""",7,28,5
2020-21,24,LLIGA CATALANA TRES BANDES,1a DIVISIÓ,GRUP B,171,4,"BARCELONA ""A""",4,18,5
2020-21,24,LLIGA CATALANA TRES BANDES,1a DIVISIÓ,GRUP B,171,5,"MATARÓ ""A""",1,10,5
2020-21,24,LLIGA CATALANA TRES BANDES,1a DIVISIÓ,GRUP B,171,6,"SANTS ""A""",1,8,5
2020-21,24,LLIGA CATALANA TRES BANDES,1a DIVISIÓ,PROMOCIÓ 1a,194,1,"MONT-ROIG ""A""",11,43,7
2020-21,24,LLIGA CATALANA TRES BANDES,1a DIVISIÓ,PROMOCIÓ 1a,195,1,"CANET ""A""",10,37,7
2020-21,24,LLIGA CATALANA TRES BANDES,1a DIVISIÓ,PROMOCIÓ 1a,194,2,"MONFORTE ""A""",2,16,5
2020-21,24,LLIGA CATALANA TRES BANDES,1a DIVISIÓ,PROMOCIÓ 1a,195,2,"MATARÓ ""A""",1,10,5
2020-21,24,LLIGA CATALANA TRES BANDES,2a DIVISIÓ,FINAL 2a,191,1,"MANRESA ""A""",18,59,9
2020-21,24,LLIGA CATALANA TRES BANDES,2a DIVISIÓ,FINAL 2a,191,2,"PRAT ""A""",13,51,8
2020-21,24,LLIGA CATALANA TRES BANDES,2a DIVISIÓ,FINAL 2a,191,3,"BARCELONA ""B""",13,46,9
2020-21,24,LLIGA CATALANA TRES BANDES,2a DIVISIÓ,FINAL 2a,191,4,"SANT ADRIÀ ""B""",11,39,8
2020-21,24,LLIGA CATALANA TRES BANDES,2a DIVISIÓ,GRUP A,172,1,"MANRESA ""A""",18,59,9
2020-21,24,LLIGA CATALANA TRES BANDES,2a DIVISIÓ,GRUP A,172,2,"BARCELONA ""B""",13,46,9
2020-21,24,LLIGA CATALANA TRES BANDES,2a DIVISIÓ,GRUP A,172,3,"CANET ""A""",10,37,7
2020-21,24,LLIGA CATALANA TRES BANDES,2a DIVISIÓ,GRUP A,172,4,CERDANYOLA,9,36,7
2020-21,24,LLIGA CATALANA TRES BANDES,2a DIVISIÓ,GRUP A,172,5,"MOLINS ""B""",9,35,7
2020-21,24,LLIGA CATALANA TRES BANDES,2a DIVISIÓ,GRUP A,172,6,"SANTS ""B""",6,22,7
2020-21,24,LLIGA CATALANA TRES BANDES,2a DIVISIÓ,GRUP A,172,7,BLANES,3,20,7
2020-21,24,LLIGA CATALANA TRES BANDES,2a DIVISIÓ,GRUP A,172,8,LLIÇA,1,12,7
2020-21,24,LLIGA CATALANA TRES BANDES,2a DIVISIÓ,GRUP B,173,1,"PRAT ""A""",13,51,8
2020-21,24,LLIGA CATALANA TRES BANDES,2a DIVISIÓ,GRUP B,173,2,"MONT-ROIG ""A""",11,43,7
2020-21,24,LLIGA CATALANA TRES BANDES,2a DIVISIÓ,GRUP B,173,3,"SANT ADRIÀ ""B""",11,39,8
2020-21,24,LLIGA CATALANA TRES BANDES,2a DIVISIÓ,GRUP B,173,4,"MOLLET ""B""",8,30,7
2020-21,24,LLIGA CATALANA TRES BANDES,2a DIVISIÓ,GRUP B,173,5,"CORAL COLÓN ""A""",6,33,7
2020-21,24,LLIGA CATALANA TRES BANDES,2a DIVISIÓ,GRUP B,173,6,PREMIÀ,5,20,7
2020-21,24,LLIGA CATALANA TRES BANDES,2a DIVISIÓ,GRUP B,173,7,"LLEIDA ""B""",4,16,7
2020-21,24,LLIGA CATALANA TRES BANDES,2a DIVISIÓ,GRUP B,173,8,"VIC ""B""",3,18,7
2020-21,24,LLIGA CATALANA TRES BANDES,2a DIVISIÓ,PROMOCIÓ 2a,196,1,CERDANYOLA,9,36,7
2020-21,24,LLIGA CATALANA TRES BANDES,2a DIVISIÓ,PROMOCIÓ 2a,197,1,"TARRAGONA ""B""",9,34,6
2020-21,24,LLIGA CATALANA TRES BANDES,2a DIVISIÓ,PROMOCIÓ 2a,196,2,ALBA,8,38,6
2020-21,24,LLIGA CATALANA TRES BANDES,2a DIVISIÓ,PROMOCIÓ 2a,197,2,"CORAL COLÓN ""A""",6,33,7
2020-21,24,LLIGA CATALANA TRES BANDES,2a DIVISIÓ,REPESCA,200,1,ALBA,8,38,6
2020-21,24,LLIGA CATALANA TRES BANDES,2a DIVISIÓ,REPESCA,200,2,"CORAL COLÓN ""A""",6,33,7
2020-21,24,LLIGA CATALANA TRES BANDES,3a DIVISIÓ,FINAL 3a,192,1,"GRANOLLERS ""A""",16,54,8
2020-21,24,LLIGA CATALANA TRES BANDES,3a DIVISIÓ,FINAL 3a,192,2,"SANT ADRIÀ ""C""",7,30,7
2020-21,24,LLIGA CATALANA TRES BANDES,3a DIVISIÓ,FINAL 3a,192,3,"MONFORTE ""B""",11,37,8
2020-21,24,LLIGA CATALANA TRES BANDES,3a DIVISIÓ,FINAL 3a,192,4,"SANTS ""C""",9,33,7
2020-21,24,LLIGA CATALANA TRES BANDES,3a DIVISIÓ,GRUP A,174,1,ALBA,8,38,6
2020-21,24,LLIGA CATALANA TRES BANDES,3a DIVISIÓ,GRUP A,174,2,GEiGEG,8,37,6
2020-21,24,LLIGA CATALANA TRES BANDES,3a DIVISIÓ,GRUP A,174,3,"MONT-ROIG ""B""",8,28,6
2020-21,24,LLIGA CATALANA TRES BANDES,3a DIVISIÓ,GRUP A,174,4,"MATARÓ ""B""",6,29,6
2020-21,24,LLIGA CATALANA TRES BANDES,3a DIVISIÓ,GRUP A,174,5,"BARCELONA ""C""",1,11,6
2020-21,24,LLIGA CATALANA TRES BANDES,3a DIVISIÓ,GRUP A,174,6,"MONFORTE ""B""",11,37,8
2020-21,24,LLIGA CATALANA TRES BANDES,3a DIVISIÓ,GRUP A,174,7,"SANTS ""C""",9,33,7
2020-21,24,LLIGA CATALANA TRES BANDES,3a DIVISIÓ,GRUP B,175,1,"GRANOLLERS ""A""",16,54,8
2020-21,24,LLIGA CATALANA TRES BANDES,3a DIVISIÓ,GRUP B,175,2,"TARRAGONA ""B""",9,34,6
2020-21,24,LLIGA CATALANA TRES BANDES,3a DIVISIÓ,GRUP B,175,3,"SANT ADRIÀ ""C""",7,30,7
2020-21,24,LLIGA CATALANA TRES BANDES,3a DIVISIÓ,GRUP B,175,4,"MANRESA ""B""",6,30,6
2020-21,24,LLIGA CATALANA TRES BANDES,3a DIVISIÓ,GRUP B,175,5,"CANET ""B""",6,22,6
2020-21,24,LLIGA CATALANA TRES BANDES,3a DIVISIÓ,GRUP B,175,6,"MOLINS ""C""",4,20,6
2020-21,24,LLIGA CATALANA TRES BANDES,3a DIVISIÓ,GRUP B,175,7,"LLINARS ""B""",3,19,6
2020-21,24,LLIGA CATALANA TRES BANDES,3a DIVISIÓ,PROMOCIÓ 3a,198,1,GEiGEG,8,37,6
2020-21,24,LLIGA CATALANA TRES BANDES,3a DIVISIÓ,PROMOCIÓ 3a,199,1,"PRAT ""B""",12,50,7
2020-21,24,LLIGA CATALANA TRES BANDES,3a DIVISIÓ,PROMOCIÓ 3a,198,2,"VIC ""C""",6,25,4
2020-21,24,LLIGA CATALANA TRES BANDES,3a DIVISIÓ,PROMOCIÓ 3a,199,2,"MANRESA ""B""",6,30,6
2020-21,24,LLIGA CATALANA TRES BANDES,3a DIVISIÓ,REPESCA,202,1,"PRAT ""B""",12,50,7
2020-21,24,LLIGA CATALANA TRES BANDES,3a DIVISIÓ,REPESCA,202,2,"VIC ""C""",6,25,4
2020-21,24,LLIGA CATALANA TRES BANDES,4a DIVISIÓ,FINAL 4a,193,1,"PRAT ""B""",12,50,7
2020-21,24,LLIGA CATALANA TRES BANDES,4a DIVISIÓ,FINAL 4a,193,2,"GRANOLLERS ""B""",10,36,6
2020-21,24,LLIGA CATALANA TRES BANDES,4a DIVISIÓ,FINAL 4a,193,3,"MONFORTE ""C""",10,35,6
2020-21,24,LLIGA CATALANA TRES BANDES,4a DIVISIÓ,FINAL 4a,193,4,"TARRAGONA ""C""",9,38,7
2020-21,24,LLIGA CATALANA TRES BANDES,4a DIVISIÓ,GRUP A,176,1,"GRANOLLERS ""B""",10,36,6
2020-21,24,LLIGA CATALANA TRES BANDES,4a DIVISIÓ,GRUP A,176,2,"MONFORTE ""C""",10,35,6
2020-21,24,LLIGA CATALANA TRES BANDES,4a DIVISIÓ,GRUP A,176,3,"VIC ""C""",6,25,4
2020-21,24,LLIGA CATALANA TRES BANDES,4a DIVISIÓ,GRUP A,176,4,"CORAL COLÓN ""B""",3,14,4
2020-21,24,LLIGA CATALANA TRES BANDES,4a DIVISIÓ,GRUP A,176,5,"LLINARS ""C""",0,3,4
2020-21,24,LLIGA CATALANA TRES BANDES,4a DIVISIÓ,GRUP B,177,1,"PRAT ""B""",12,50,7
2020-21,24,LLIGA CATALANA TRES BANDES,4a DIVISIÓ,GRUP B,177,2,"TARRAGONA ""C""",9,38,7
2020-21,24,LLIGA CATALANA TRES BANDES,4a DIVISIÓ,GRUP B,177,3,"SANTS ""D""",5,18,6
2020-21,24,LLIGA CATALANA TRES BANDES,4a DIVISIÓ,GRUP B,177,4,"MONFORTE ""D""",1,9,6
2020-21,25,LLIGA CATALANA 4 MODALITATS,1a DIVISIÓ,PROMOCIÓ 1a DIVISIÓ,188,1,CANET,7,31,8
2020-21,25,LLIGA CATALANA 4 MODALITATS,1a DIVISIÓ,PROMOCIÓ 1a DIVISIÓ,188,2,"LLINARS ""A""",7,26,6
2020-21,25,LLIGA CATALANA 4 MODALITATS,1a DIVISIÓ,ÚNIC,179,1,CORAL COLÓN,7,24,4
2020-21,25,LLIGA CATALANA 4 MODALITATS,1a DIVISIÓ,ÚNIC,179,2,PRAT,6,21,4
2020-21,25,LLIGA CATALANA 4 MODALITATS,1a DIVISIÓ,ÚNIC,179,3,"TARRAGONA ""B""",4,14,4
2020-21,25,LLIGA CATALANA 4 MODALITATS,1a DIVISIÓ,ÚNIC,179,4,"LLINARS ""A""",7,26,6
2020-21,25,LLIGA CATALANA 4 MODALITATS,1a DIVISIÓ,ÚNIC,179,5,"MOLINS ""B""",0,7,4
2020-21,25,LLIGA CATALANA 4 MODALITATS,2a DIVISIÓ,ÚNIC,183,1,SANT ADRIÀ,8,25,5
2020-21,25,LLIGA CATALANA 4 MODALITATS,2a DIVISIÓ,ÚNIC,183,2,CANET,7,31,8
2020-21,25,LLIGA CATALANA 4 MODALITATS,2a DIVISIÓ,ÚNIC,183,3,"VIC ""B""",6,25,6
2020-21,25,LLIGA CATALANA 4 MODALITATS,2a DIVISIÓ,ÚNIC,183,4,"LLEIDA ""B""",6,19,5
2020-21,25,LLIGA CATALANA 4 MODALITATS,2a DIVISIÓ,ÚNIC,183,5,"SANTS ""B""",4,18,5
2020-21,25,LLIGA CATALANA 4 MODALITATS,2a DIVISIÓ,ÚNIC,183,6,"LLINARS ""B""",1,14,5
2020-21,25,LLIGA CATALANA 4 MODALITATS,HONOR,PROMOCIÓ HONOR 2021,189,1,PRAT,6,21,4
2020-21,25,LLIGA CATALANA 4 MODALITATS,HONOR,PROMOCIÓ HONOR 2021,189,2,"MOLINS ""A""",4,20,5
2020-21,25,LLIGA CATALANA 4 MODALITATS,HONOR,ÚNIC,178,1,"LLEIDA ""A""",8,26,5
2020-21,25,LLIGA CATALANA 4 MODALITATS,HONOR,ÚNIC,178,2,"VIC ""A""",8,28,5
2020-21,25,LLIGA CATALANA 4 MODALITATS,HONOR,ÚNIC,178,3,"TARRAGONA ""A""",5,22,5
2020-21,25,LLIGA CATALANA 4 MODALITATS,HONOR,ÚNIC,178,4,"CERDANYOLA ""A""",5,20,5
2020-21,25,LLIGA CATALANA 4 MODALITATS,HONOR,ÚNIC,178,5,"MOLINS ""A""",4,20,5
2020-21,25,LLIGA CATALANA 4 MODALITATS,HONOR,ÚNIC,178,6,"SANTS ""A""",0,4,5
2020-21,25,LLIGA CATALANA 4 MODALITATS,L'AMISTAT,ÚNIC,182,1,MATARÓ,13,43,8
2020-21,25,LLIGA CATALANA 4 MODALITATS,L'AMISTAT,ÚNIC,182,2,"SANTS ""C""",13,41,8
2020-21,25,LLIGA CATALANA 4 MODALITATS,L'AMISTAT,ÚNIC,182,3,GRANOLLERS,7,32,8
2020-21,25,LLIGA CATALANA 4 MODALITATS,L'AMISTAT,ÚNIC,182,4,"CERDANYOLA ""B""",5,25,8
2020-21,25,LLIGA CATALANA 4 MODALITATS,L'AMISTAT,ÚNIC,182,5,"VIC ""C""",0,19,8
2021-22,26,LLIGA CATALANA TRES BANDES,1a DIVISIÒ,FINAL 1a DIVISIÓ,217,1,"C.B.SANT ADRIÀ ""A""",6,14,2
2021-22,26,LLIGA CATALANA TRES BANDES,1a DIVISIÒ,FINAL 1a DIVISIÓ,217,2,"C.B.BARCELONA ""A""",3,8,2
2021-22,26,LLIGA CATALANA TRES BANDES,1a DIVISIÒ,FINAL 1a DIVISIÓ,217,3,"S.B. FOMENT MOLINS ""A""",0,2,1
2021-22,26,LLIGA CATALANA TRES BANDES,1a DIVISIÒ,FINAL 1a DIVISIÓ,217,4,"C.B.VIC ""A""",0,0,2
2021-22,26,LLIGA CATALANA TRES BANDES,1a DIVISIÒ,GRUP A,203,1,"C.B.BARCELONA ""A""",21,9,10
2021-22,26,LLIGA CATALANA TRES BANDES,1a DIVISIÒ,GRUP A,203,2,"S.B. FOMENT MOLINS ""A""",18,53,10
2021-22,26,LLIGA CATALANA TRES BANDES,1a DIVISIÒ,GRUP A,203,3,"C.B. MATADEPERA ""A""",17,43,10
2021-22,26,LLIGA CATALANA TRES BANDES,1a DIVISIÒ,GRUP A,203,4,"C.B.MOLLET ""A""",12,35,10
2021-22,26,LLIGA CATALANA TRES BANDES,1a DIVISIÒ,GRUP A,203,5,"C.B MONT-ROIG ""A""",11,37,13
2021-22,26,LLIGA CATALANA TRES BANDES,1a DIVISIÒ,GRUP A,203,6,C.B.MATARÓ,4,22,10
2021-22,26,LLIGA CATALANA TRES BANDES,1a DIVISIÒ,GRUP B,204,1,"C.B.SANT ADRIÀ ""A""",27,63,10
2021-22,26,LLIGA CATALANA TRES BANDES,1a DIVISIÒ,GRUP B,204,2,"C.B.VIC ""A""",16,42,10
2021-22,26,LLIGA CATALANA TRES BANDES,1a DIVISIÒ,GRUP B,204,3,"C.B.TARRAGONA ""A""",14,44,10
2021-22,26,LLIGA CATALANA TRES BANDES,1a DIVISIÒ,GRUP B,204,4,"C.B.LLEIDA ""A""",12,34,10
2021-22,26,LLIGA CATALANA TRES BANDES,1a DIVISIÒ,GRUP B,204,5,"C.B.PRAT ""A""",8,35,12
2021-22,26,LLIGA CATALANA TRES BANDES,1a DIVISIÒ,GRUP B,204,6,"C.B. MANRESA ""A""",7,24,10
2021-22,26,LLIGA CATALANA TRES BANDES,2a DIVISIÓ,FINAL 2a DIVISIÓ,218,1,"BANYOLES ""A""",6,16,3
2021-22,26,LLIGA CATALANA TRES BANDES,2a DIVISIÓ,FINAL 2a DIVISIÓ,218,2,"B.C.GRANOLLERS ""A""",6,13,2
2021-22,26,LLIGA CATALANA TRES BANDES,2a DIVISIÓ,FINAL 2a DIVISIÓ,218,3,"C.B. MONFORTE ""A""",5,15,4
2021-22,26,LLIGA CATALANA TRES BANDES,2a DIVISIÓ,FINAL 2a DIVISIÓ,218,4,"C.B.SANT ADRIÀ ""B""",3,9,2
2021-22,26,LLIGA CATALANA TRES BANDES,2a DIVISIÓ,GRUP A,205,1,"BANYOLES ""A""",44,108,20
2021-22,26,LLIGA CATALANA TRES BANDES,2a DIVISIÓ,GRUP A,205,2,"B.C.GRANOLLERS ""A""",43,107,18
2021-22,26,LLIGA CATALANA TRES BANDES,2a DIVISIÓ,GRUP A,205,3,"S.B. FOMENT MOLINS ""B""",31,89,18
2021-22,26,LLIGA CATALANA TRES BANDES,2a DIVISIÓ,GRUP A,205,4,"C.B.CANET ""A""",29,76,18
2021-22,26,LLIGA CATALANA TRES BANDES,2a DIVISIÓ,GRUP A,205,5,"C.B. SANTS ""A""",28,76,18
2021-22,26,LLIGA CATALANA TRES BANDES,2a DIVISIÓ,GRUP A,205,6,"C.B. LLINARS "" A """,16,46,18
2021-22,26,LLIGA CATALANA TRES BANDES,2a DIVISIÓ,GRUP A,205,7,C. B. ALBA,15,50,20
2021-22,26,LLIGA CATALANA TRES BANDES,2a DIVISIÓ,GRUP A,205,8,C.B.BLANES,5,28,18
2021-22,26,LLIGA CATALANA TRES BANDES,2a DIVISIÓ,GRUP A,205,9,"C.B.LLEIDA ""B""",2,15,18
2021-22,26,LLIGA CATALANA TRES BANDES,2a DIVISIÓ,GRUP B,206,1,"C.B. MONFORTE ""A""",43,109,21
2021-22,26,LLIGA CATALANA TRES BANDES,2a DIVISIÓ,GRUP B,206,2,"C.B.SANT ADRIÀ ""B""",39,88,18
2021-22,26,LLIGA CATALANA TRES BANDES,2a DIVISIÓ,GRUP B,206,3,"C.B.CERDANYOLA ""A""",28,79,18
2021-22,26,LLIGA CATALANA TRES BANDES,2a DIVISIÓ,GRUP B,206,4,"C.B. SANT BOI ""A""",27,78,18
2021-22,26,LLIGA CATALANA TRES BANDES,2a DIVISIÓ,GRUP B,206,5,"C.B.TARRAGONA ""B""",22,60,18
2021-22,26,LLIGA CATALANA TRES BANDES,2a DIVISIÓ,GRUP B,206,6,"C.B.BARCELONA ""B""",20,64,18
2021-22,26,LLIGA CATALANA TRES BANDES,2a DIVISIÓ,GRUP B,206,7,C.B. PREMIÀ,16,53,20
2021-22,26,LLIGA CATALANA TRES BANDES,2a DIVISIÓ,GRUP B,206,8,"C.B.VIC ""B""",8,37,18
2021-22,26,LLIGA CATALANA TRES BANDES,2a DIVISIÓ,GRUP B,206,9,"C.B.MOLLET ""B""",8,33,18
2021-22,26,LLIGA CATALANA TRES BANDES,3a DIVISIÓ,FINAL 3a DIVISIÓ,219,1,"B.C.GRANOLLERS ""B""",6,13,2
2021-22,26,LLIGA CATALANA TRES BANDES,3a DIVISIÓ,FINAL 3a DIVISIÓ,219,2,"C.B. SANT BOI ""B""",4,11,3
2021-22,26,LLIGA CATALANA TRES BANDES,3a DIVISIÓ,FINAL 3a DIVISIÓ,219,3,S.B. LA GRAN PENYA,3,10,2
2021-22,26,LLIGA CATALANA TRES BANDES,3a DIVISIÓ,FINAL 3a DIVISIÓ,219,4,"C.B.CANET ""B""",1,5,3
2021-22,26,LLIGA CATALANA TRES BANDES,3a DIVISIÓ,GRUP A,207,1,"C.B. SANT BOI ""B""",36,80,16
2021-22,26,LLIGA CATALANA TRES BANDES,3a DIVISIÓ,GRUP A,207,2,"C.B.CANET ""B""",30,78,16
2021-22,26,LLIGA CATALANA TRES BANDES,3a DIVISIÓ,GRUP A,207,3,"CORAL COLÓN ""A""",28,67,14
2021-22,26,LLIGA CATALANA TRES BANDES,3a DIVISIÓ,GRUP A,207,4,"C.B.PRAT ""B""",21,59,14
2021-22,26,LLIGA CATALANA TRES BANDES,3a DIVISIÓ,GRUP A,207,5,C.B.LLIÇA D'AMUNT,17,55,14
2021-22,26,LLIGA CATALANA TRES BANDES,3a DIVISIÓ,GRUP A,207,6,"C.B. MONT-ROIG ""B""",14,54,16
2021-22,26,LLIGA CATALANA TRES BANDES,3a DIVISIÓ,GRUP A,207,7,"S.B. GEiEG ""A""",11,49,14
2021-22,26,LLIGA CATALANA TRES BANDES,3a DIVISIÓ,GRUP A,207,8,"C.B. MANRESA ""B""",2,25,14
2021-22,26,LLIGA CATALANA TRES BANDES,3a DIVISIÓ,GRUP B,208,1,"B.C.GRANOLLERS ""B""",33,85,14
2021-22,26,LLIGA CATALANA TRES BANDES,3a DIVISIÓ,GRUP B,208,2,S.B. LA GRAN PENYA,27,71,14
2021-22,26,LLIGA CATALANA TRES BANDES,3a DIVISIÓ,GRUP B,208,3,"C.B. SANTS ""B""",22,60,14
2021-22,26,LLIGA CATALANA TRES BANDES,3a DIVISIÓ,GRUP B,208,4,"C.B. MONFORTE ""B""",21,56,14
2021-22,26,LLIGA CATALANA TRES BANDES,3a DIVISIÓ,GRUP B,208,5,"C.B.SANT ADRIÀ ""C""",20,64,16
2021-22,26,LLIGA CATALANA TRES BANDES,3a DIVISIÓ,GRUP B,208,6,"S.B. FOMENT MOLINS ""C""",15,49,14
2021-22,26,LLIGA CATALANA TRES BANDES,3a DIVISIÓ,GRUP B,208,7,"C.B. LLINARS "" B """,13,47,14
2021-22,26,LLIGA CATALANA TRES BANDES,3a DIVISIÓ,GRUP B,208,8,"C.B.BARCELONA ""C""",10,30,14
2021-22,26,LLIGA CATALANA TRES BANDES,4a DIVISIÓ,FINAL 4a DIVISIÓ,220,1,"B. UNIÓ CORAL ""A""",9,17,4
2021-22,26,LLIGA CATALANA TRES BANDES,4a DIVISIÓ,FINAL 4a DIVISIÓ,220,2,CERVERA,7,16,3
2021-22,26,LLIGA CATALANA TRES BANDES,4a DIVISIÓ,FINAL 4a DIVISIÓ,220,3,S.B.P.E. CENTELLES A,6,16,3
2021-22,26,LLIGA CATALANA TRES BANDES,4a DIVISIÓ,FINAL 4a DIVISIÓ,220,4,C.B. AMISTAT MOLLERUSSA,3,10,4
2021-22,26,LLIGA CATALANA TRES BANDES,4a DIVISIÓ,FINAL 4a DIVISIÓ,220,5,"C.B. MONFORTE ""C""",1,6,2
2021-22,26,LLIGA CATALANA TRES BANDES,4a DIVISIÓ,FINAL 4a DIVISIÓ,220,6,C.B. VILANOVA,0,5,2
2021-22,26,LLIGA CATALANA TRES BANDES,4a DIVISIÓ,GRUP A,209,1,C.B. VILANOVA,40,96,18
2021-22,26,LLIGA CATALANA TRES BANDES,4a DIVISIÓ,GRUP A,209,2,CERVERA,36,98,18
2021-22,26,LLIGA CATALANA TRES BANDES,4a DIVISIÓ,GRUP A,209,3,"C.B.SANT FELIU ""A""",35,91,18
2021-22,26,LLIGA CATALANA TRES BANDES,4a DIVISIÓ,GRUP A,209,4,C.B. CARDONA,17,66,18
2021-22,26,LLIGA CATALANA TRES BANDES,4a DIVISIÓ,GRUP A,209,5,"C.B. SANT BOI ""C""",17,62,18
2021-22,26,LLIGA CATALANA TRES BANDES,4a DIVISIÓ,GRUP A,209,6,S.B.P.E. CENTELLES B,16,37,18
2021-22,26,LLIGA CATALANA TRES BANDES,4a DIVISIÓ,GRUP A,209,7,"C.B.VIC ""C""",14,46,18
2021-22,26,LLIGA CATALANA TRES BANDES,4a DIVISIÓ,GRUP A,209,8,"C.B.CANET ""C""",14,41,18
2021-22,26,LLIGA CATALANA TRES BANDES,4a DIVISIÓ,GRUP A,209,9,"CORAL COLÓN ""B""",10,39,18
2021-22,26,LLIGA CATALANA TRES BANDES,4a DIVISIÓ,GRUP B,210,1,"B. UNIÓ CORAL ""A""",39,96,18
2021-22,26,LLIGA CATALANA TRES BANDES,4a DIVISIÓ,GRUP B,210,2,S.B.P.E. CENTELLES A,37,93,18
2021-22,26,LLIGA CATALANA TRES BANDES,4a DIVISIÓ,GRUP B,210,3,"C.B. SANTS ""C""",26,72,18
2021-22,26,LLIGA CATALANA TRES BANDES,4a DIVISIÓ,GRUP B,210,4,"C.B.TARRAGONA ""C""",24,71,18
2021-22,26,LLIGA CATALANA TRES BANDES,4a DIVISIÓ,GRUP B,210,5,"BANYOLES ""B""",24,67,18
2021-22,26,LLIGA CATALANA TRES BANDES,4a DIVISIÓ,GRUP B,210,6,"C.B.CERDANYOLA ""B""",22,60,18
2021-22,26,LLIGA CATALANA TRES BANDES,4a DIVISIÓ,GRUP B,210,7,"C.B.SANT FELIU ""B""",12,39,18
2021-22,26,LLIGA CATALANA TRES BANDES,4a DIVISIÓ,GRUP B,210,8,"C.B.SANT ADRIÀ ""D""",9,43,18
2021-22,26,LLIGA CATALANA TRES BANDES,4a DIVISIÓ,GRUP B,210,9,"C.B. MONFORTE ""D""",7,35,18
2021-22,26,LLIGA CATALANA TRES BANDES,4a DIVISIÓ,GRUP C,211,1,C.B. AMISTAT MOLLERUSSA,35,85,18
2021-22,26,LLIGA CATALANA TRES BANDES,4a DIVISIÓ,GRUP C,211,2,"C.B. MONFORTE ""C""",33,89,18
2021-22,26,LLIGA CATALANA TRES BANDES,4a DIVISIÓ,GRUP C,211,3,"B.C.GRANOLLERS ""C""",28,75,18
2021-22,26,LLIGA CATALANA TRES BANDES,4a DIVISIÓ,GRUP C,211,4,"C.B. SANTS ""D""",21,55,18
2021-22,26,LLIGA CATALANA TRES BANDES,4a DIVISIÓ,GRUP C,211,5,"B. UNIÓ CORAL ""B""",21,53,18
2021-22,26,LLIGA CATALANA TRES BANDES,4a DIVISIÓ,GRUP C,211,6,"C.B. LLINARS "" C """,15,39,18
2021-22,26,LLIGA CATALANA TRES BANDES,4a DIVISIÓ,GRUP C,211,7,"C.B.VIC ""D""",4,28,18
2021-22,26,LLIGA CATALANA TRES BANDES,4a DIVISIÓ,GRUP C,211,8,"S.B. GEiEG ""B""",3,24,18
2021-22,26,LLIGA CATALANA TRES BANDES,PROMOCIÓ A 1a,ÚNIC,229,1,"BANYOLES ""A""",6,14,2
2021-22,26,LLIGA CATALANA TRES BANDES,PROMOCIÓ A 1a,ÚNIC,229,2,"C.B. MONFORTE ""A""",5,15,3
2021-22,26,LLIGA CATALANA TRES BANDES,PROMOCIÓ A 1a,ÚNIC,229,3,"C.B MONT-ROIG ""A""",2,9,3
2021-22,26,LLIGA CATALANA TRES BANDES,PROMOCIÓ A 1a,ÚNIC,229,4,"C.B.PRAT ""A""",0,2,2
2021-22,26,LLIGA CATALANA TRES BANDES,PROMOCIÓ A 2a,ÚNIC,227,1,C.B. PREMIÀ,4,12,2
2021-22,26,LLIGA CATALANA TRES BANDES,PROMOCIÓ A 2a,ÚNIC,227,2,"C.B. SANT BOI ""B""",4,11,2
2021-22,26,LLIGA CATALANA TRES BANDES,PROMOCIÓ A 2a,ÚNIC,227,3,C. B. ALBA,1,5,2
2021-22,26,LLIGA CATALANA TRES BANDES,PROMOCIÓ A 2a,ÚNIC,227,4,"C.B.CANET ""B""",1,4,2
2021-22,26,LLIGA CATALANA TRES BANDES,PROMOCIÓ A 3a,ÚNIC,228,1,"C.B.SANT ADRIÀ ""C""",6,14,2
2021-22,26,LLIGA CATALANA TRES BANDES,PROMOCIÓ A 3a,ÚNIC,228,2,"B. UNIÓ CORAL ""A""",6,12,2
2021-22,26,LLIGA CATALANA TRES BANDES,PROMOCIÓ A 3a,ÚNIC,228,3,"C.B. MONT-ROIG ""B""",0,4,2
2021-22,26,LLIGA CATALANA TRES BANDES,PROMOCIÓ A 3a,ÚNIC,228,4,C.B. AMISTAT MOLLERUSSA,0,2,2
2021-22,27,LLIGA CATALANA 4 MODALITATS,1a DIVISIÒ,PROMOCIÓ PRIMERA,223,1,S.B.P.E. CENTELLES,3,6,2
2021-22,27,LLIGA CATALANA 4 MODALITATS,1a DIVISIÒ,PROMOCIÓ PRIMERA,223,2,El PRAT,1,6,2
2021-22,27,LLIGA CATALANA 4 MODALITATS,1a DIVISIÒ,UNIC,212,1,"C.B. SANTS ""A""",22,53,10
2021-22,27,LLIGA CATALANA 4 MODALITATS,1a DIVISIÒ,UNIC,212,2,"C.B.SANT ADRIÀ ""A""",20,51,10
2021-22,27,LLIGA CATALANA 4 MODALITATS,1a DIVISIÒ,UNIC,212,3,"C.B.TARRAGONA ""B""",12,39,10
2021-22,27,LLIGA CATALANA 4 MODALITATS,1a DIVISIÒ,UNIC,212,4,"C.B. LLINARS ""A""",11,33,10
2021-22,27,LLIGA CATALANA 4 MODALITATS,1a DIVISIÒ,UNIC,212,5,El PRAT,9,33,10
2021-22,27,LLIGA CATALANA 4 MODALITATS,1a DIVISIÒ,UNIC,212,6,"S.B. FOMENT MOLINS ""B""",6,31,10
2021-22,27,LLIGA CATALANA 4 MODALITATS,2a DIVISIÓ,FINAL 2a DIVISIÓ,221,1,"CERVERA ""A""",6,16,2
2021-22,27,LLIGA CATALANA 4 MODALITATS,2a DIVISIÓ,FINAL 2a DIVISIÓ,221,2,S.B.P.E. CENTELLES,3,6,2
2021-22,27,LLIGA CATALANA 4 MODALITATS,2a DIVISIÓ,FINAL 2a DIVISIÓ,221,3,"C.B.TARRAGONA ""C""",0,2,1
2021-22,27,LLIGA CATALANA 4 MODALITATS,2a DIVISIÓ,FINAL 2a DIVISIÓ,221,4,CB VILANOVA,0,0,1
2021-22,27,LLIGA CATALANA 4 MODALITATS,2a DIVISIÓ,GRUP A,214,1,"CERVERA ""A""",26,64,10
2021-22,27,LLIGA CATALANA 4 MODALITATS,2a DIVISIÓ,GRUP A,214,2,"C.B.TARRAGONA ""C""",16,40,10
2021-22,27,LLIGA CATALANA 4 MODALITATS,2a DIVISIÓ,GRUP A,214,3,"C.B. LLINARS ""B """,12,38,10
2021-22,27,LLIGA CATALANA 4 MODALITATS,2a DIVISIÓ,GRUP A,214,4,C.B. CANET,12,36,10
2021-22,27,LLIGA CATALANA 4 MODALITATS,2a DIVISIÓ,GRUP A,214,5,"C.B. SANTS ""B""",9,34,10
2021-22,27,LLIGA CATALANA 4 MODALITATS,2a DIVISIÓ,GRUP A,214,6,"C.B.SANT ADRIÀ ""B""",6,28,10
2021-22,27,LLIGA CATALANA 4 MODALITATS,2a DIVISIÓ,GRUP B,215,1,CB VILANOVA,15,39,10
2021-22,27,LLIGA CATALANA 4 MODALITATS,2a DIVISIÓ,GRUP B,215,2,"C.B.LLEIDA ""B""",12,36,10
2021-22,27,LLIGA CATALANA 4 MODALITATS,2a DIVISIÓ,GRUP B,215,3,"C.B.2000 CERDANYOLA ""B""",6,24,10
2021-22,27,LLIGA CATALANA 4 MODALITATS,2a DIVISIÓ,GRUP B,215,4,"C.B. VIC ""B""",3,18,10
2021-22,27,LLIGA CATALANA 4 MODALITATS,2a DIVISIÓ,GRUP B,215,5,,0,0,0
2021-22,27,LLIGA CATALANA 4 MODALITATS,HONOR,PROMOCIÓ HONOR,222,1,CORAL COLÓN,6,14,3
2021-22,27,LLIGA CATALANA 4 MODALITATS,HONOR,PROMOCIÓ HONOR,222,2,"C.B.SANT ADRIÀ ""A""",3,10,3
2021-22,27,LLIGA CATALANA 4 MODALITATS,HONOR,UNIC,213,1,"C.B.TARRAGONA ""A""",22,53,10
2021-22,27,LLIGA CATALANA 4 MODALITATS,HONOR,UNIC,213,2,"C.B.2000 CERDANYOLA ""A""",19,51,10
2021-22,27,LLIGA CATALANA 4 MODALITATS,HONOR,UNIC,213,3,"C.B.LLEIDA ""A""",18,48,10
2021-22,27,LLIGA CATALANA 4 MODALITATS,HONOR,UNIC,213,4,"S.B. FOMENT MOLINS ""A""",11,39,10
2021-22,27,LLIGA CATALANA 4 MODALITATS,HONOR,UNIC,213,5,CORAL COLÓN,10,31,10
2021-22,27,LLIGA CATALANA 4 MODALITATS,HONOR,UNIC,213,6,"C.B. VIC ""A""",2,18,10
2021-22,27,LLIGA CATALANA 4 MODALITATS,L'AMISTAT,UNIC,216,1,C.B.MATARÓ (AMISTAT),26,60,10
2021-22,27,LLIGA CATALANA 4 MODALITATS,L'AMISTAT,UNIC,216,2,B.C.GRANOLLERS (AMISTAT),21,51,10
2021-22,27,LLIGA CATALANA 4 MODALITATS,L'AMISTAT,UNIC,216,3,"C.B. VIC ""C"" (AMISTAT)",12,38,10
2021-22,27,LLIGA CATALANA 4 MODALITATS,L'AMISTAT,UNIC,216,4,"CERVERA ""B"" (AMISTAT)",12,35,10
2021-22,27,LLIGA CATALANA 4 MODALITATS,L'AMISTAT,UNIC,216,5,"C.B. SANTS ""C"" ( AMISTAT )",6,30,10
2021-22,27,LLIGA CATALANA 4 MODALITATS,L'AMISTAT,UNIC,216,6,"C.B.2000 CERDANYOLA ""C"" (AMISTAT)",5,26,10
2021-22,28,LLIGA 3B ZONA 1,ÚNICA,ÚNIC,224,1,C.B.TARRAGONA,11,31,6
2021-22,28,LLIGA 3B ZONA 1,ÚNICA,ÚNIC,224,2,C.B.MONT-ROIG,11,28,6
2021-22,28,LLIGA 3B ZONA 1,ÚNICA,ÚNIC,224,3,C.B.LLEIDA,7,19,6
2021-22,28,LLIGA 3B ZONA 1,ÚNICA,ÚNIC,224,4,C.B.VILANOVA,4,18,6
2021-22,29,LLIGA 4 MOD. ZONA 1,ÚNICA,ÚNIC,225,1,C.B.TARRAGONA,12,22,4
2021-22,29,LLIGA 4 MOD. ZONA 1,ÚNICA,ÚNIC,225,2,C.B. VILANOVA,3,8,4
2021-22,29,LLIGA 4 MOD. ZONA 1,ÚNICA,ÚNIC,225,3,S.B.GRAN PENYA,3,6,4
2022-23,30,LLIGA CATALANA TRES BANDES,1a DIVISIÓ,FINAL 1a DIVISIÓ,248,1,"BILLAR CLUB GRANOLLERS ""A""",4,12,2
2022-23,30,LLIGA CATALANA TRES BANDES,1a DIVISIÓ,FINAL 1a DIVISIÓ,248,2,"C.B. SANT ADRIA ""A""",4,10,2
2022-23,30,LLIGA CATALANA TRES BANDES,1a DIVISIÓ,FINAL 1a DIVISIÓ,248,3,C.B.BARCELONA “A”,0,2,1
2022-23,30,LLIGA CATALANA TRES BANDES,1a DIVISIÓ,FINAL 1a DIVISIÓ,248,4,"C.B. BANYOLES ""A""",0,0,1
2022-23,30,LLIGA CATALANA TRES BANDES,1a DIVISIÓ,GRUP A,230,1,"BILLAR CLUB GRANOLLERS ""A""",32,74,12
2022-23,30,LLIGA CATALANA TRES BANDES,1a DIVISIÓ,GRUP A,230,2,"C.B. SANT ADRIA ""A""",21,58,12
2022-23,30,LLIGA CATALANA TRES BANDES,1a DIVISIÓ,GRUP A,230,3,MATADEPERA,16,44,12
2022-23,30,LLIGA CATALANA TRES BANDES,1a DIVISIÓ,GRUP A,230,4,"C.B. MONFORTE ""A""",13,42,10
2022-23,30,LLIGA CATALANA TRES BANDES,1a DIVISIÓ,GRUP A,230,5,"C.B.LLEIDA ""A""",13,36,10
2022-23,30,LLIGA CATALANA TRES BANDES,1a DIVISIÓ,GRUP A,230,6,"CLUB BILLAR VIC ""A""",1,16,10
2022-23,30,LLIGA CATALANA TRES BANDES,1a DIVISIÓ,GRUP B,231,1,C.B.BARCELONA “A”,20,52,11
2022-23,30,LLIGA CATALANA TRES BANDES,1a DIVISIÓ,GRUP B,231,2,"C.B.TARRAGONA ""A""",13,37,11
2022-23,30,LLIGA CATALANA TRES BANDES,1a DIVISIÓ,GRUP B,231,3,"C.B. BANYOLES ""A""",12,40,11
2022-23,30,LLIGA CATALANA TRES BANDES,1a DIVISIÓ,GRUP B,231,4,"C.B. SANT ADRIA ""B""",12,39,10
2022-23,30,LLIGA CATALANA TRES BANDES,1a DIVISIÓ,GRUP B,231,5,"C.B. MOLLET ""A""",12,36,10
2022-23,30,LLIGA CATALANA TRES BANDES,1a DIVISIÓ,GRUP B,231,6,"MOLINS ""A""",11,42,10
2022-23,30,LLIGA CATALANA TRES BANDES,2a DIVISIÓ,FINAL 2a DIVISIÓ,249,1,"C.B. MATARO ""A""",6,14,2
2022-23,30,LLIGA CATALANA TRES BANDES,2a DIVISIÓ,FINAL 2a DIVISIÓ,249,2,S. B. LA GRAN PENYA,3,13,3
2022-23,30,LLIGA CATALANA TRES BANDES,2a DIVISIÓ,FINAL 2a DIVISIÓ,249,3,"C.B. SANT BOI ""A""",2,8,2
2022-23,30,LLIGA CATALANA TRES BANDES,2a DIVISIÓ,FINAL 2a DIVISIÓ,249,4,"BILLAR CLUB GRANOLLERS ""B""",1,4,2
2022-23,30,LLIGA CATALANA TRES BANDES,2a DIVISIÓ,GRUP A,232,1,"C.B. MATARO ""A""",40,108,16
2022-23,30,LLIGA CATALANA TRES BANDES,2a DIVISIÓ,GRUP A,232,2,"C.B. SANT BOI ""A""",37,92,16
2022-23,30,LLIGA CATALANA TRES BANDES,2a DIVISIÓ,GRUP A,232,3,"C.B. LLINARS ""A""",25,67,14
2022-23,30,LLIGA CATALANA TRES BANDES,2a DIVISIÓ,GRUP A,232,4,"C.B. SANTS ""A""",23,66,14
2022-23,30,LLIGA CATALANA TRES BANDES,2a DIVISIÓ,GRUP A,232,5,"MOLINS ""B""",17,45,14
2022-23,30,LLIGA CATALANA TRES BANDES,2a DIVISIÓ,GRUP A,232,6,C.B. PREMIÀ,12,35,17
2022-23,30,LLIGA CATALANA TRES BANDES,2a DIVISIÓ,GRUP A,232,7,"C.B. MONT-ROIG ""A""",11,50,14
2022-23,30,LLIGA CATALANA TRES BANDES,2a DIVISIÓ,GRUP A,232,8,"C.B. SANT BOI ""B""",4,19,14
2022-23,30,LLIGA CATALANA TRES BANDES,2a DIVISIÓ,GRUP B,233,1,S. B. LA GRAN PENYA,32,92,17
2022-23,30,LLIGA CATALANA TRES BANDES,2a DIVISIÓ,GRUP B,233,2,"BILLAR CLUB GRANOLLERS ""B""",30,78,16
2022-23,30,LLIGA CATALANA TRES BANDES,2a DIVISIÓ,GRUP B,233,3,"C.B.PRAT ""A""",26,63,14
2022-23,30,LLIGA CATALANA TRES BANDES,2a DIVISIÓ,GRUP B,233,4,"C.B. MANRESA ""A""",21,56,14
2022-23,30,LLIGA CATALANA TRES BANDES,2a DIVISIÓ,GRUP B,233,5,"C.B.2000 CERDANYOLA ""A""",18,58,14
2022-23,30,LLIGA CATALANA TRES BANDES,2a DIVISIÓ,GRUP B,233,6,"CLUB BILLAR CANET ""A""",13,43,14
2022-23,30,LLIGA CATALANA TRES BANDES,2a DIVISIÓ,GRUP B,233,7,"C.B.TARRAGONA ""B""",10,49,16
2022-23,30,LLIGA CATALANA TRES BANDES,2a DIVISIÓ,GRUP B,233,8,C.B.BARCELONA “B”,8,34,14
2022-23,30,LLIGA CATALANA TRES BANDES,3a DIVISIÓ,FINAL 3a DIVISIÓ,250,1,"C.B. MONFORTE ""B""",6,12,2
2022-23,30,LLIGA CATALANA TRES BANDES,3a DIVISIÓ,FINAL 3a DIVISIÓ,250,2,"S.B.P.E. CENTELLES ""A""",3,14,4
2022-23,30,LLIGA CATALANA TRES BANDES,3a DIVISIÓ,FINAL 3a DIVISIÓ,250,3,S.E. CASAL CERVERA,3,8,2
2022-23,30,LLIGA CATALANA TRES BANDES,3a DIVISIÓ,FINAL 3a DIVISIÓ,250,4,"C.B. SANTS ""B""",2,10,3
2022-23,30,LLIGA CATALANA TRES BANDES,3a DIVISIÓ,GRUP A,234,1,S.E. CASAL CERVERA,41,101,16
2022-23,30,LLIGA CATALANA TRES BANDES,3a DIVISIÓ,GRUP A,234,2,"C.B. SANTS ""B""",30,84,17
2022-23,30,LLIGA CATALANA TRES BANDES,3a DIVISIÓ,GRUP A,234,3,"B.LA UNIÓ CORAL ""A""",25,61,14
2022-23,30,LLIGA CATALANA TRES BANDES,3a DIVISIÓ,GRUP A,234,4,"C.B. MOLLET ""B""",19,57,14
2022-23,30,LLIGA CATALANA TRES BANDES,3a DIVISIÓ,GRUP A,234,5,C.B.BLANES,14,49,16
2022-23,30,LLIGA CATALANA TRES BANDES,3a DIVISIÓ,GRUP A,234,6,C.B.ALBA,14,48,14
2022-23,30,LLIGA CATALANA TRES BANDES,3a DIVISIÓ,GRUP A,234,7,"MOLINS ""C""",12,34,14
2022-23,30,LLIGA CATALANA TRES BANDES,3a DIVISIÓ,GRUP A,234,8,"C.B.PRAT ""B""",8,40,14
2022-23,30,LLIGA CATALANA TRES BANDES,3a DIVISIÓ,GRUP B,235,1,"C.B. MONFORTE ""B""",34,82,16
2022-23,30,LLIGA CATALANA TRES BANDES,3a DIVISIÓ,GRUP B,235,2,"S.B.P.E. CENTELLES ""A""",26,79,18
2022-23,30,LLIGA CATALANA TRES BANDES,3a DIVISIÓ,GRUP B,235,3,"C.B.LLEIDA ""B""",23,62,14
2022-23,30,LLIGA CATALANA TRES BANDES,3a DIVISIÓ,GRUP B,235,4,"C.B.LLIÇA D'AMUNT ""A""",22,63,14
2022-23,30,LLIGA CATALANA TRES BANDES,3a DIVISIÓ,GRUP B,235,5,"CORAL COLÓN ""A""",20,59,14
2022-23,30,LLIGA CATALANA TRES BANDES,3a DIVISIÓ,GRUP B,235,6,"C.B. SANT ADRIA ""C""",20,54,14
2022-23,30,LLIGA CATALANA TRES BANDES,3a DIVISIÓ,GRUP B,235,7,"CLUB BILLAR CANET ""B""",12,50,16
2022-23,30,LLIGA CATALANA TRES BANDES,3a DIVISIÓ,GRUP B,235,8,"CLUB BILLAR VIC ""B""",5,29,14
2022-23,30,LLIGA CATALANA TRES BANDES,4a DIVISIÓ,FINAL 4a DIVISIÓ,253,1,"C.B. MATARO ""B""",6,16,3
2022-23,30,LLIGA CATALANA TRES BANDES,4a DIVISIÓ,FINAL 4a DIVISIÓ,253,2,B.C. OLESA,6,10,2
2022-23,30,LLIGA CATALANA TRES BANDES,4a DIVISIÓ,FINAL 4a DIVISIÓ,253,3,"C.B. BANYOLES ""B""",3,12,3
2022-23,30,LLIGA CATALANA TRES BANDES,4a DIVISIÓ,FINAL 4a DIVISIÓ,253,4,"C.B. LLINARS ""B""",1,6,2
2022-23,30,LLIGA CATALANA TRES BANDES,4a DIVISIÓ,GRUP A,236,1,"C.B. LLINARS ""B""",40,103,16
2022-23,30,LLIGA CATALANA TRES BANDES,4a DIVISIÓ,GRUP A,236,2,B.C. OLESA,33,88,15
2022-23,30,LLIGA CATALANA TRES BANDES,4a DIVISIÓ,GRUP A,236,3,"BILLAR CLUB GRANOLLERS ""C""",23,61,14
2022-23,30,LLIGA CATALANA TRES BANDES,4a DIVISIÓ,GRUP A,236,4,"C.B. MONFORTE ""D""",17,49,14
2022-23,30,LLIGA CATALANA TRES BANDES,4a DIVISIÓ,GRUP A,236,5,C.B.CARDONA,16,56,14
2022-23,30,LLIGA CATALANA TRES BANDES,4a DIVISIÓ,GRUP A,236,6,C.B.SANT FELIU,14,43,14
2022-23,30,LLIGA CATALANA TRES BANDES,4a DIVISIÓ,GRUP A,236,7,"C.B. LLINARS ""C""",11,40,14
2022-23,30,LLIGA CATALANA TRES BANDES,4a DIVISIÓ,GRUP A,236,8,"B.LA UNIÓ CORAL ""C""",4,23,14
2022-23,30,LLIGA CATALANA TRES BANDES,4a DIVISIÓ,GRUP B,237,1,C.B. VILANOVA,31,74,15
2022-23,30,LLIGA CATALANA TRES BANDES,4a DIVISIÓ,GRUP B,237,2,"C.B. SANT BOI ""C""",27,71,15
2022-23,30,LLIGA CATALANA TRES BANDES,4a DIVISIÓ,GRUP B,237,3,"C.B.2000 CERDANYOLA ""B""",24,69,14
2022-23,30,LLIGA CATALANA TRES BANDES,4a DIVISIÓ,GRUP B,237,4,CLUB BILLAR MOLLERUSA,24,68,14
2022-23,30,LLIGA CATALANA TRES BANDES,4a DIVISIÓ,GRUP B,237,5,"C.B. SANT ADRIA ""D""",21,64,14
2022-23,30,LLIGA CATALANA TRES BANDES,4a DIVISIÓ,GRUP B,237,6,"C.B.LLEIDA ""C""",11,35,14
2022-23,30,LLIGA CATALANA TRES BANDES,4a DIVISIÓ,GRUP B,237,7,"C.B. SANTS ""C""",10,40,14
2022-23,30,LLIGA CATALANA TRES BANDES,4a DIVISIÓ,GRUP B,237,8,PUNT D'ATAC,4,32,14
2022-23,30,LLIGA CATALANA TRES BANDES,4a DIVISIÓ,GRUP C,238,1,"C.B. MATARO ""B""",38,101,17
2022-23,30,LLIGA CATALANA TRES BANDES,4a DIVISIÓ,GRUP C,238,2,"C.B. MONFORTE ""C""",38,89,15
2022-23,30,LLIGA CATALANA TRES BANDES,4a DIVISIÓ,GRUP C,238,3,"C.B. MONT-ROIG ""B""",26,70,14
2022-23,30,LLIGA CATALANA TRES BANDES,4a DIVISIÓ,GRUP C,238,4,"C.B.TARRAGONA ""C""",23,66,14
2022-23,30,LLIGA CATALANA TRES BANDES,4a DIVISIÓ,GRUP C,238,5,"B.LA UNIÓ CORAL ""B""",18,53,14
2022-23,30,LLIGA CATALANA TRES BANDES,4a DIVISIÓ,GRUP C,238,6,"CORAL COLÓN ""B""",13,47,14
2022-23,30,LLIGA CATALANA TRES BANDES,4a DIVISIÓ,GRUP C,238,7,C.B.BARCELONA “C”,7,24,14
2022-23,30,LLIGA CATALANA TRES BANDES,4a DIVISIÓ,GRUP C,238,8,"S.B.P.E. CENTELLES ""B""",3,22,14
2022-23,30,LLIGA CATALANA TRES BANDES,4a DIVISIÓ,GRUP D,239,1,S.B. GEiEG,27,65,15
2022-23,30,LLIGA CATALANA TRES BANDES,4a DIVISIÓ,GRUP D,239,2,"C.B. BANYOLES ""B""",24,73,18
2022-23,30,LLIGA CATALANA TRES BANDES,4a DIVISIÓ,GRUP D,239,3,"C.B.LLIÇA D'AMUNT ""B""",19,46,14
2022-23,30,LLIGA CATALANA TRES BANDES,4a DIVISIÓ,GRUP D,239,4,"C.B. MATARO ""C""",14,48,14
2022-23,30,LLIGA CATALANA TRES BANDES,4a DIVISIÓ,GRUP D,239,5,"C.B. SANTS ""D""",13,44,14
2022-23,30,LLIGA CATALANA TRES BANDES,4a DIVISIÓ,GRUP D,239,6,"C.B. MANRESA ""B""",12,41,14
2022-23,30,LLIGA CATALANA TRES BANDES,4a DIVISIÓ,GRUP D,239,7,"CLUB BILLAR CANET ""C""",7,35,14
2022-23,30,LLIGA CATALANA TRES BANDES,4a DIVISIÓ,"SEMIFINALS ""A""",251,1,"C.B. BANYOLES ""B""",6,16,4
2022-23,30,LLIGA CATALANA TRES BANDES,4a DIVISIÓ,"SEMIFINALS ""A""",251,2,B.C. OLESA,3,4,1
2022-23,30,LLIGA CATALANA TRES BANDES,4a DIVISIÓ,"SEMIFINALS ""A""",251,3,"C.B. MONFORTE ""C""",1,4,1
2022-23,30,LLIGA CATALANA TRES BANDES,4a DIVISIÓ,"SEMIFINALS ""A""",251,4,C.B. VILANOVA,1,4,1
2022-23,30,LLIGA CATALANA TRES BANDES,4a DIVISIÓ,"SEMIFINALS ""B""",252,1,"C.B. MATARO ""B""",9,20,3
2022-23,30,LLIGA CATALANA TRES BANDES,4a DIVISIÓ,"SEMIFINALS ""B""",252,2,"C.B. LLINARS ""B""",4,11,2
2022-23,30,LLIGA CATALANA TRES BANDES,4a DIVISIÓ,"SEMIFINALS ""B""",252,3,"C.B. SANT BOI ""C""",0,1,1
2022-23,30,LLIGA CATALANA TRES BANDES,4a DIVISIÓ,"SEMIFINALS ""B""",252,4,S.B. GEiEG,0,0,1
2022-23,30,LLIGA CATALANA TRES BANDES,PROMOCIÓ A 1a,UNIC,256,1,MATADEPERA,3,8,2
2022-23,30,LLIGA CATALANA TRES BANDES,PROMOCIÓ A 1a,UNIC,256,2,S. B. LA GRAN PENYA,3,8,2
2022-23,30,LLIGA CATALANA TRES BANDES,PROMOCIÓ A 1a,UNIC,256,3,"C.B. SANT BOI ""A""",2,8,2
2022-23,30,LLIGA CATALANA TRES BANDES,PROMOCIÓ A 1a,UNIC,256,4,"C.B.TARRAGONA ""A""",2,8,2
2022-23,30,LLIGA CATALANA TRES BANDES,PROMOCIÓ A 2a,UNIC,257,1,C.B. PREMIÀ,6,12,3
2022-23,30,LLIGA CATALANA TRES BANDES,PROMOCIÓ A 2a,UNIC,257,2,"S.B.P.E. CENTELLES ""A""",3,12,3
2022-23,30,LLIGA CATALANA TRES BANDES,PROMOCIÓ A 2a,UNIC,257,3,"C.B. SANTS ""B""",2,8,2
2022-23,30,LLIGA CATALANA TRES BANDES,PROMOCIÓ A 2a,UNIC,257,4,"C.B.TARRAGONA ""B""",2,8,2
2022-23,30,LLIGA CATALANA TRES BANDES,PROMOCIÓ A 3a,UNIC,258,1,"C.B. MATARO ""B""",6,12,2
2022-23,30,LLIGA CATALANA TRES BANDES,PROMOCIÓ A 3a,UNIC,258,2,C.B.BLANES,3,8,2
2022-23,30,LLIGA CATALANA TRES BANDES,PROMOCIÓ A 3a,UNIC,258,3,"C.B. BANYOLES ""B""",2,8,2
2022-23,30,LLIGA CATALANA TRES BANDES,PROMOCIÓ A 3a,UNIC,258,4,"CLUB BILLAR CANET ""B""",0,4,2
2022-23,31,LLIGA CATALANA 4 MODALITATS,1a DIVISIÓ,PROMOCIÓ PRIMERA,255,1,"C.B. LLINARS ""A""",4,12,2
2022-23,31,LLIGA CATALANA 4 MODALITATS,1a DIVISIÓ,PROMOCIÓ PRIMERA,255,2,CLUB BILLAR CANET,1,4,2
2022-23,31,LLIGA CATALANA 4 MODALITATS,1a DIVISIÓ,UNIC,243,1,"S.E. CASAL DE CERVERA ""A""",21,54,10
2022-23,31,LLIGA CATALANA 4 MODALITATS,1a DIVISIÓ,UNIC,243,2,"CLUB BILLAR SANT ADRIÀ ""A""",19,53,12
2022-23,31,LLIGA CATALANA 4 MODALITATS,1a DIVISIÓ,UNIC,243,3,"C.B.TARRAGONA ""B""",16,44,10
2022-23,31,LLIGA CATALANA 4 MODALITATS,1a DIVISIÓ,UNIC,243,4,"C.B. LLINARS ""A""",13,40,12
2022-23,31,LLIGA CATALANA 4 MODALITATS,1a DIVISIÓ,UNIC,243,5,S.B.P.E. CENTELLES,13,40,10
2022-23,31,LLIGA CATALANA 4 MODALITATS,1a DIVISIÓ,UNIC,243,6,"C.B.VIC ""A""",4,24,10
2022-23,31,LLIGA CATALANA 4 MODALITATS,2a DIVISIÓ,FINAL 2a DIVISIÓ,247,1,CLUB BILLAR PRAT,6,12,2
2022-23,31,LLIGA CATALANA 4 MODALITATS,2a DIVISIÓ,FINAL 2a DIVISIÓ,247,2,CLUB BILLAR CANET,4,12,4
2022-23,31,LLIGA CATALANA 4 MODALITATS,2a DIVISIÓ,FINAL 2a DIVISIÓ,247,3,"CB SANTS ""B""",0,2,1
2022-23,31,LLIGA CATALANA 4 MODALITATS,2a DIVISIÓ,FINAL 2a DIVISIÓ,247,4,"S.E. CASAL DE CERVERA ""B""",0,2,1
2022-23,31,LLIGA CATALANA 4 MODALITATS,2a DIVISIÓ,GRUP A,241,1,CLUB BILLAR PRAT,32,77,12
2022-23,31,LLIGA CATALANA 4 MODALITATS,2a DIVISIÓ,GRUP A,241,2,CLUB BILLAR CANET,20,58,14
2022-23,31,LLIGA CATALANA 4 MODALITATS,2a DIVISIÓ,GRUP A,241,3,"C.B. LLINARS ""B""",13,40,10
2022-23,31,LLIGA CATALANA 4 MODALITATS,2a DIVISIÓ,GRUP A,241,4,"CLUB BILLAR SANT ADRIÀ ""B""",13,40,10
2022-23,31,LLIGA CATALANA 4 MODALITATS,2a DIVISIÓ,GRUP A,241,5,C.B. MANRESA,11,36,10
2022-23,31,LLIGA CATALANA 4 MODALITATS,2a DIVISIÓ,GRUP A,241,6,"C.B.VIC ""B""",3,18,10
2022-23,31,LLIGA CATALANA 4 MODALITATS,2a DIVISIÓ,GRUP B,242,1,"S.E. CASAL DE CERVERA ""B""",19,52,11
2022-23,31,LLIGA CATALANA 4 MODALITATS,2a DIVISIÓ,GRUP B,242,2,"CB SANTS ""B""",17,47,11
2022-23,31,LLIGA CATALANA 4 MODALITATS,2a DIVISIÓ,GRUP B,242,3,S. B. LA GRAN PENYA,14,42,10
2022-23,31,LLIGA CATALANA 4 MODALITATS,2a DIVISIÓ,GRUP B,242,4,"C.B.LLEIDA ""B""",13,42,10
2022-23,31,LLIGA CATALANA 4 MODALITATS,2a DIVISIÓ,GRUP B,242,5,CB VILANOVA,11,41,10
2022-23,31,LLIGA CATALANA 4 MODALITATS,2a DIVISIÓ,GRUP B,242,6,"CB CERDANYOLA ""B""",3,20,10
2022-23,31,LLIGA CATALANA 4 MODALITATS,HONOR,PROMOCIÓ HONOR,254,1,MOLINS,6,13,2
2022-23,31,LLIGA CATALANA 4 MODALITATS,HONOR,PROMOCIÓ HONOR,254,2,"CLUB BILLAR SANT ADRIÀ ""A""",0,3,2
2022-23,31,LLIGA CATALANA 4 MODALITATS,HONOR,UNIC,244,1,"CB SANTS ""A""",20,46,10
2022-23,31,LLIGA CATALANA 4 MODALITATS,HONOR,UNIC,244,2,"C.B. TARRAGONA ""A""",17,50,10
2022-23,31,LLIGA CATALANA 4 MODALITATS,HONOR,UNIC,244,3,MOLINS,17,48,12
2022-23,31,LLIGA CATALANA 4 MODALITATS,HONOR,UNIC,244,4,"CB CERDANYOLA ""A""",16,46,10
2022-23,31,LLIGA CATALANA 4 MODALITATS,HONOR,UNIC,244,5,"C.B.LLEIDA ""A""",15,48,10
2022-23,31,LLIGA CATALANA 4 MODALITATS,HONOR,UNIC,244,6,CORAL COLÓN,3,15,10
2022-23,31,LLIGA CATALANA 4 MODALITATS,L'AMISTAT,UNIC,240,1,CLUB BILLAR PRAT (AMISTAT),25,63,12
2022-23,31,LLIGA CATALANA 4 MODALITATS,L'AMISTAT,UNIC,240,2,CLUB BILLAR CANET ( AMISTAT),18,51,12
2022-23,31,LLIGA CATALANA 4 MODALITATS,L'AMISTAT,UNIC,240,3,C.B. MATARO (AMISTAT),11,38,12
2022-23,31,LLIGA CATALANA 4 MODALITATS,L'AMISTAT,UNIC,240,4,CB SANTS (AMISTAT),10,40,12
2023-24,32,LLIGA CATALANA TRES BANDES,1a DIVISIÓ,FINAL 1a DIVISIÓ,274,1,"C.B. MATARÓ ""A""",6,12,2
2023-24,32,LLIGA CATALANA TRES BANDES,1a DIVISIÓ,FINAL 1a DIVISIÓ,274,2,"B.C. GRANOLLERS ""A""",3,8,2
2023-24,32,LLIGA CATALANA TRES BANDES,1a DIVISIÓ,FINAL 1a DIVISIÓ,274,3,"C.B. LLEIDA ""A""",0,2,1
2023-24,32,LLIGA CATALANA TRES BANDES,1a DIVISIÓ,FINAL 1a DIVISIÓ,274,4,"C.B. SANT ADRIÀ ""A""",0,2,1
2023-24,32,LLIGA CATALANA TRES BANDES,1a DIVISIÓ,GRUP A,259,1,"B.C. GRANOLLERS ""A""",28,69,10
2023-24,32,LLIGA CATALANA TRES BANDES,1a DIVISIÓ,GRUP A,259,2,"C.B. MATARÓ ""A""",22,55,10
2023-24,32,LLIGA CATALANA TRES BANDES,1a DIVISIÓ,GRUP A,259,3,"C.B.SANT BOI ""A""",10,34,10
2023-24,32,LLIGA CATALANA TRES BANDES,1a DIVISIÓ,GRUP A,259,4,"C.B. BANYOLES ""A""",10,29,12
2023-24,32,LLIGA CATALANA TRES BANDES,1a DIVISIÓ,GRUP A,259,5,"C. B. MONFORTE ""A""",9,31,10
2023-24,32,LLIGA CATALANA TRES BANDES,1a DIVISIÓ,GRUP A,259,6,"C.B. MOLLET ""A""",8,29,10
2023-24,32,LLIGA CATALANA TRES BANDES,1a DIVISIÓ,GRUP B,260,1,"C.B. SANT ADRIÀ ""A""",25,64,10
2023-24,32,LLIGA CATALANA TRES BANDES,1a DIVISIÓ,GRUP B,260,2,"C.B. LLEIDA ""A""",25,60,10
2023-24,32,LLIGA CATALANA TRES BANDES,1a DIVISIÓ,GRUP B,260,3,S.B LA GRAN PENYA,13,36,12
2023-24,32,LLIGA CATALANA TRES BANDES,1a DIVISIÓ,GRUP B,260,4,"B.C. GRANOLLERS ""B""",11,33,10
2023-24,32,LLIGA CATALANA TRES BANDES,1a DIVISIÓ,GRUP B,260,5,"C.B. SANT ADRIÀ ""B""",11,31,10
2023-24,32,LLIGA CATALANA TRES BANDES,1a DIVISIÓ,GRUP B,260,6,"C.B.BARCELONA ""A""",7,28,10
2023-24,32,LLIGA CATALANA TRES BANDES,2a DIVISIÓ,FINAL 2a DIVISIÓ,275,1,"C.B. LLINARS ""A""",6,14,2
2023-24,32,LLIGA CATALANA TRES BANDES,2a DIVISIÓ,FINAL 2a DIVISIÓ,275,2,"C.B.TARRAGONA ""A""",3,6,2
2023-24,32,LLIGA CATALANA TRES BANDES,2a DIVISIÓ,FINAL 2a DIVISIÓ,275,3,"S.B.P.E. CENTELLES ""A""",0,2,1
2023-24,32,LLIGA CATALANA TRES BANDES,2a DIVISIÓ,FINAL 2a DIVISIÓ,275,4,C.B. MONT-ROIG A,0,2,1
2023-24,32,LLIGA CATALANA TRES BANDES,2a DIVISIÓ,GRUP A,261,1,"C.B. LLINARS ""A""",37,91,14
2023-24,32,LLIGA CATALANA TRES BANDES,2a DIVISIÓ,GRUP A,261,2,"C.B.TARRAGONA ""A""",22,61,14
2023-24,32,LLIGA CATALANA TRES BANDES,2a DIVISIÓ,GRUP A,261,3,S.E.CASAL CERVERA,21,61,16
2023-24,32,LLIGA CATALANA TRES BANDES,2a DIVISIÓ,GRUP A,261,4,"C.B. MONFORTE ""B""",19,53,14
2023-24,32,LLIGA CATALANA TRES BANDES,2a DIVISIÓ,GRUP A,261,5,"C.B. 2000 CERDANYOLA ""A""",17,47,14
2023-24,32,LLIGA CATALANA TRES BANDES,2a DIVISIÓ,GRUP A,261,6,"SBF MOLINS ""B""",14,49,14
2023-24,32,LLIGA CATALANA TRES BANDES,2a DIVISIÓ,GRUP A,261,7,"C.B.PRAT ""A""",13,51,14
2023-24,32,LLIGA CATALANA TRES BANDES,2a DIVISIÓ,GRUP A,261,8,C.B. PREMIÀ,10,43,15
2023-24,32,LLIGA CATALANA TRES BANDES,2a DIVISIÓ,GRUP B,262,1,"S.B.P.E. CENTELLES ""A""",30,70,14
2023-24,32,LLIGA CATALANA TRES BANDES,2a DIVISIÓ,GRUP B,262,2,C.B. MONT-ROIG A,29,73,14
2023-24,32,LLIGA CATALANA TRES BANDES,2a DIVISIÓ,GRUP B,262,3,"SBF MOLINS ""A""",26,79,16
2023-24,32,LLIGA CATALANA TRES BANDES,2a DIVISIÓ,GRUP B,262,4,"C.B. SANTS ""A""",25,70,14
2023-24,32,LLIGA CATALANA TRES BANDES,2a DIVISIÓ,GRUP B,262,5,"C.B. MANRESA ""A""",16,52,14
2023-24,32,LLIGA CATALANA TRES BANDES,2a DIVISIÓ,GRUP B,262,6,"C.B. CANET ""A""",15,50,14
2023-24,32,LLIGA CATALANA TRES BANDES,2a DIVISIÓ,GRUP B,262,7,"C.B. SANTS ""B""",5,33,14
2023-24,32,LLIGA CATALANA TRES BANDES,2a DIVISIÓ,GRUP B,262,8,"C.B. VIC ""A""",6,34,15
2023-24,32,LLIGA CATALANA TRES BANDES,3a DIVISIÓ,FINAL 3a DIVISIÓ,276,1,"C.B. LLINARS ""B""",6,12,2
2023-24,32,LLIGA CATALANA TRES BANDES,3a DIVISIÓ,FINAL 3a DIVISIÓ,276,2,"C.B. LLEIDA ""B""",3,8,2
2023-24,32,LLIGA CATALANA TRES BANDES,3a DIVISIÓ,FINAL 3a DIVISIÓ,276,3,"C.B. MOLLET ""B""",0,2,1
2023-24,32,LLIGA CATALANA TRES BANDES,3a DIVISIÓ,FINAL 3a DIVISIÓ,276,4,"C.B.SANT BOI ""B""",0,2,1
2023-24,32,LLIGA CATALANA TRES BANDES,3a DIVISIÓ,GRUP A,263,1,"C.B. LLINARS ""B""",33,76,14
2023-24,32,LLIGA CATALANA TRES BANDES,3a DIVISIÓ,GRUP A,263,2,"C.B. LLEIDA ""B""",29,77,14
2023-24,32,LLIGA CATALANA TRES BANDES,3a DIVISIÓ,GRUP A,263,3,B.C. OLESA,27,73,15
2023-24,32,LLIGA CATALANA TRES BANDES,3a DIVISIÓ,GRUP A,263,4,"B. LA UNIO CORAL ""A""",22,62,14
2023-24,32,LLIGA CATALANA TRES BANDES,3a DIVISIÓ,GRUP A,263,5,C.B.ALBA,16,57,14
2023-24,32,LLIGA CATALANA TRES BANDES,3a DIVISIÓ,GRUP A,263,6,"S.B. CORAL COLÓN ""A""",14,44,14
2023-24,32,LLIGA CATALANA TRES BANDES,3a DIVISIÓ,GRUP A,263,7,"C.B.TARRAGONA ""B""",10,35,14
2023-24,32,LLIGA CATALANA TRES BANDES,3a DIVISIÓ,GRUP A,263,8,C.B. BLANES,10,36,16
2023-24,32,LLIGA CATALANA TRES BANDES,3a DIVISIÓ,GRUP B,264,1,"C.B.SANT BOI ""B""",34,89,14
2023-24,32,LLIGA CATALANA TRES BANDES,3a DIVISIÓ,GRUP B,264,2,"C.B. MOLLET ""B""",24,63,14
2023-24,32,LLIGA CATALANA TRES BANDES,3a DIVISIÓ,GRUP B,264,3,"C.B. SANT ADRIÀ ""C""",23,65,15
2023-24,32,LLIGA CATALANA TRES BANDES,3a DIVISIÓ,GRUP B,264,4,"C.B.LLIÇA D'AMUNT ""A""",21,57,14
2023-24,32,LLIGA CATALANA TRES BANDES,3a DIVISIÓ,GRUP B,264,5,"C.B. MATARÓ ""B""",20,57,14
2023-24,32,LLIGA CATALANA TRES BANDES,3a DIVISIÓ,GRUP B,264,6,"SBF MOLINS ""C""",17,49,14
2023-24,32,LLIGA CATALANA TRES BANDES,3a DIVISIÓ,GRUP B,264,7,"C.B. BANYOLES ""B""",11,47,14
2023-24,32,LLIGA CATALANA TRES BANDES,3a DIVISIÓ,GRUP B,264,8,"C.B.BARCELONA ""B""",8,33,16
2023-24,32,LLIGA CATALANA TRES BANDES,4a DIVISIÓ,FINAL 4a DIVISIÓ,277,1,"C.B.SANT BOI ""C""",2,8,2
2023-24,32,LLIGA CATALANA TRES BANDES,4a DIVISIÓ,FINAL 4a DIVISIÓ,277,2,"C.B. SANT ADRIÀ ""D""",4,10,2
2023-24,32,LLIGA CATALANA TRES BANDES,4a DIVISIÓ,FINAL 4a DIVISIÓ,277,3,"C.B. CANET ""B""",1,4,1
2023-24,32,LLIGA CATALANA TRES BANDES,4a DIVISIÓ,FINAL 4a DIVISIÓ,277,4,"C.B. MONFORTE ""C""",0,2,1
2023-24,32,LLIGA CATALANA TRES BANDES,4a DIVISIÓ,GRUP A,265,1,"C.B. MONFORTE ""C""",30,77,14
2023-24,32,LLIGA CATALANA TRES BANDES,4a DIVISIÓ,GRUP A,265,2,"C.B. CANET ""B""",29,69,14
2023-24,32,LLIGA CATALANA TRES BANDES,4a DIVISIÓ,GRUP A,265,3,C.B. MONT-ROIG B,27,66,16
2023-24,32,LLIGA CATALANA TRES BANDES,4a DIVISIÓ,GRUP A,265,4,C.B. CARDONA,23,61,14
2023-24,32,LLIGA CATALANA TRES BANDES,4a DIVISIÓ,GRUP A,265,5,C.B. VILANOVA,18,59,14
2023-24,32,LLIGA CATALANA TRES BANDES,4a DIVISIÓ,GRUP A,265,6,"C.B. MONFORTE ""D""",18,57,14
2023-24,32,LLIGA CATALANA TRES BANDES,4a DIVISIÓ,GRUP A,265,7,"C.B. 2000 CERDANYOLA ""B""",11,45,14
2023-24,32,LLIGA CATALANA TRES BANDES,4a DIVISIÓ,GRUP A,265,8,"C.B. MATARÓ ""C""",3,26,16
2023-24,32,LLIGA CATALANA TRES BANDES,4a DIVISIÓ,GRUP B,266,1,"C.B.SANT BOI ""C""",33,75,14
2023-24,32,LLIGA CATALANA TRES BANDES,4a DIVISIÓ,GRUP B,266,2,"C.B. SANT ADRIÀ ""D""",26,66,14
2023-24,32,LLIGA CATALANA TRES BANDES,4a DIVISIÓ,GRUP B,266,3,GEIEG,25,74,16
2023-24,32,LLIGA CATALANA TRES BANDES,4a DIVISIÓ,GRUP B,266,4,"B.C. GRANOLLERS ""C""",23,66,14
2023-24,32,LLIGA CATALANA TRES BANDES,4a DIVISIÓ,GRUP B,266,5,"C.B.PRAT ""B""",15,52,14
2023-24,32,LLIGA CATALANA TRES BANDES,4a DIVISIÓ,GRUP B,266,6,"B. LA UNIO CORAL ""B""",14,44,14
2023-24,32,LLIGA CATALANA TRES BANDES,4a DIVISIÓ,GRUP B,266,7,"C.B.LLIÇA D'AMUNT ""B""",11,42,14
2023-24,32,LLIGA CATALANA TRES BANDES,4a DIVISIÓ,GRUP B,266,8,"C.B. VIC ""B""",9,41,16
2023-24,32,LLIGA CATALANA TRES BANDES,5a DIVISIÓ,FINAL 5a DIVISIÓ,278,1,PUNT D’ATAC,4,9,2
2023-24,32,LLIGA CATALANA TRES BANDES,5a DIVISIÓ,FINAL 5a DIVISIÓ,278,2,"C.B. SANTS ""C""",3,11,2
2023-24,32,LLIGA CATALANA TRES BANDES,5a DIVISIÓ,FINAL 5a DIVISIÓ,278,3,"C.B. LLINARS ""C""",1,4,1
2023-24,32,LLIGA CATALANA TRES BANDES,5a DIVISIÓ,FINAL 5a DIVISIÓ,278,4,B. EL MASNOU,0,0,1
2023-24,32,LLIGA CATALANA TRES BANDES,5a DIVISIÓ,GRUP A,267,1,B. EL MASNOU,31,66,14
2023-24,32,LLIGA CATALANA TRES BANDES,5a DIVISIÓ,GRUP A,267,2,"C.B. SANTS ""D""",26,65,16
2023-24,32,LLIGA CATALANA TRES BANDES,5a DIVISIÓ,GRUP A,267,3,PUNT D’ATAC,25,66,14
2023-24,32,LLIGA CATALANA TRES BANDES,5a DIVISIÓ,GRUP A,267,4,"S.B. CORAL COLÓN ""B""",17,52,14
2023-24,32,LLIGA CATALANA TRES BANDES,5a DIVISIÓ,GRUP A,267,5,"C.B. CANET ""C""",11,44,14
2023-24,32,LLIGA CATALANA TRES BANDES,5a DIVISIÓ,GRUP A,267,6,"C.B. LLINARS ""D""",7,30,14
2023-24,32,LLIGA CATALANA TRES BANDES,5a DIVISIÓ,GRUP A,267,7,"C.B. LLEIDA ""C""",5,25,14
2023-24,32,LLIGA CATALANA TRES BANDES,5a DIVISIÓ,GRUP B,268,1,"C.B. LLINARS ""C""",33,79,14
2023-24,32,LLIGA CATALANA TRES BANDES,5a DIVISIÓ,GRUP B,268,2,"B.C. GRANOLLERS ""D""",32,80,16
2023-24,32,LLIGA CATALANA TRES BANDES,5a DIVISIÓ,GRUP B,268,3,"C.B. SANTS ""C""",30,77,14
2023-24,32,LLIGA CATALANA TRES BANDES,5a DIVISIÓ,GRUP B,268,4,C.B. SANT FELIU DE CODINES,24,57,14
2023-24,32,LLIGA CATALANA TRES BANDES,5a DIVISIÓ,GRUP B,268,5,"C.B.SANT BOI ""D""",18,57,14
2023-24,32,LLIGA CATALANA TRES BANDES,5a DIVISIÓ,GRUP B,268,6,"C.B. MANRESA ""B""",12,46,14
2023-24,32,LLIGA CATALANA TRES BANDES,5a DIVISIÓ,GRUP B,268,7,"C.B. MONFORTE ""E""",7,36,14
2023-24,32,LLIGA CATALANA TRES BANDES,5a DIVISIÓ,GRUP B,268,8,"S.B.P.E. CENTELLES ""B""",3,28,14
2023-24,32,LLIGA CATALANA TRES BANDES,PROMOCIÓ A 1a,UNIC,279,1,S.B LA GRAN PENYA,6,12,2
2023-24,32,LLIGA CATALANA TRES BANDES,PROMOCIÓ A 1a,UNIC,279,2,"C.B. BANYOLES ""A""",4,7,2
2023-24,32,LLIGA CATALANA TRES BANDES,PROMOCIÓ A 1a,UNIC,279,3,S.E.CASAL CERVERA,0,4,2
2023-24,32,LLIGA CATALANA TRES BANDES,PROMOCIÓ A 1a,UNIC,279,4,"SBF MOLINS ""A""",1,9,2
2023-24,32,LLIGA CATALANA TRES BANDES,PROMOCIÓ A 2a,UNIC,280,1,"C.B. SANT ADRIÀ ""C""",4,12,1
2023-24,32,LLIGA CATALANA TRES BANDES,PROMOCIÓ A 2a,UNIC,280,2,B.C. OLESA,2,8,1
2023-24,32,LLIGA CATALANA TRES BANDES,PROMOCIÓ A 2a,UNIC,280,3,C.B. PREMIÀ,1,4,1
2023-24,32,LLIGA CATALANA TRES BANDES,PROMOCIÓ A 2a,UNIC,280,4,"C.B. VIC ""A""",2,8,1
2023-24,32,LLIGA CATALANA TRES BANDES,PROMOCIÓ A 3a,UNIC,281,1,C.B. MONT-ROIG B,3,8,2
2023-24,32,LLIGA CATALANA TRES BANDES,PROMOCIÓ A 3a,UNIC,281,2,"C.B.BARCELONA ""B""",3,8,2
2023-24,32,LLIGA CATALANA TRES BANDES,PROMOCIÓ A 3a,UNIC,281,3,GEIEG,2,8,2
2023-24,32,LLIGA CATALANA TRES BANDES,PROMOCIÓ A 3a,UNIC,281,4,C.B. BLANES,2,8,2
2023-24,32,LLIGA CATALANA TRES BANDES,PROMOCIÓ A 4a,UNIC,282,1,"C.B. SANTS ""D""",6,12,2
2023-24,32,LLIGA CATALANA TRES BANDES,PROMOCIÓ A 4a,UNIC,282,2,"B.C. GRANOLLERS ""D""",5,12,2
2023-24,32,LLIGA CATALANA TRES BANDES,PROMOCIÓ A 4a,UNIC,282,3,"C.B. MATARÓ ""C""",0,4,2
2023-24,32,LLIGA CATALANA TRES BANDES,PROMOCIÓ A 4a,UNIC,282,4,"C.B. VIC ""B""",0,4,2
2023-24,33,LLIGA CATALANA 4 MODALITATS,1a DIVISIÓ,UNIC,270,1,"C.B.LLINARS ""A""",21,50,10
2023-24,33,LLIGA CATALANA 4 MODALITATS,1a DIVISIÓ,UNIC,270,2,"C.B.SANT ADRIÀ ""A""",18,47,10
2023-24,33,LLIGA CATALANA 4 MODALITATS,1a DIVISIÓ,UNIC,270,3,S.B.P.E.CENTELLES,16,44,10
2023-24,33,LLIGA CATALANA 4 MODALITATS,1a DIVISIÓ,UNIC,270,4,C.B.PRAT,10,34,10
2023-24,33,LLIGA CATALANA 4 MODALITATS,1a DIVISIÓ,UNIC,270,5,"C.B.TARRAGONA ""B""",8,34,10
2023-24,33,LLIGA CATALANA 4 MODALITATS,1a DIVISIÓ,UNIC,270,6,S.B.CORAL COLON,6,31,10
2023-24,33,LLIGA CATALANA 4 MODALITATS,2a DIVISIÓ,GRUP A,271,1,C.B. PUNT D’ATAC,31,80,16
2023-24,33,LLIGA CATALANA 4 MODALITATS,2a DIVISIÓ,GRUP A,271,2,"S.B.CASAL DE CERVERA ""B""",31,77,15
2023-24,33,LLIGA CATALANA 4 MODALITATS,2a DIVISIÓ,GRUP A,271,3,C.B.SANT BOI,21,63,14
2023-24,33,LLIGA CATALANA 4 MODALITATS,2a DIVISIÓ,GRUP A,271,4,C.B. MANRESA,21,57,14
2023-24,33,LLIGA CATALANA 4 MODALITATS,2a DIVISIÓ,GRUP A,271,5,"S.B.F.MOLINS ""B""",18,56,14
2023-24,33,LLIGA CATALANA 4 MODALITATS,2a DIVISIÓ,GRUP A,271,6,"C.B.LLINARS ""B""",15,49,14
2023-24,33,LLIGA CATALANA 4 MODALITATS,2a DIVISIÓ,GRUP A,271,7,C.B.VILANOVA,14,46,14
2023-24,33,LLIGA CATALANA 4 MODALITATS,2a DIVISIÓ,GRUP A,271,8,C.B.VIC,3,31,14
2023-24,33,LLIGA CATALANA 4 MODALITATS,2a DIVISIÓ,GRUP B,272,1,"C.B. CANET ""A""",26,73,16
2023-24,33,LLIGA CATALANA 4 MODALITATS,2a DIVISIÓ,GRUP B,272,2,"C.B.SANT ADRIÀ ""B""",24,63,15
2023-24,33,LLIGA CATALANA 4 MODALITATS,2a DIVISIÓ,GRUP B,272,3,"C.B.SANTS ""B""",19,54,14
2023-24,33,LLIGA CATALANA 4 MODALITATS,2a DIVISIÓ,GRUP B,272,4,"C.B. 2000 CERDANYOLA ""B""",15,53,14
2023-24,33,LLIGA CATALANA 4 MODALITATS,2a DIVISIÓ,GRUP B,272,5,C.B.SANT FELIU,12,38,14
2023-24,33,LLIGA CATALANA 4 MODALITATS,2a DIVISIÓ,GRUP B,272,6,"C.B.LLEIDA ""B""",9,38,14
2023-24,33,LLIGA CATALANA 4 MODALITATS,2a DIVISIÓ,GRUP B,272,7,"C.B. CANET ""B""",6,30,14
2023-24,33,LLIGA CATALANA 4 MODALITATS,FINAL 2a DIVISIÓ,UNIC,283,1,C.B. PUNT D’ATAC,6,8,2
2023-24,33,LLIGA CATALANA 4 MODALITATS,FINAL 2a DIVISIÓ,UNIC,283,2,"C.B. CANET ""A""",3,9,2
2023-24,33,LLIGA CATALANA 4 MODALITATS,FINAL 2a DIVISIÓ,UNIC,283,3,"C.B.SANT ADRIÀ ""B""",0,4,1
2023-24,33,LLIGA CATALANA 4 MODALITATS,FINAL 2a DIVISIÓ,UNIC,283,4,"S.B.CASAL DE CERVERA ""B""",0,3,1
2023-24,33,LLIGA CATALANA 4 MODALITATS,HONOR,UNIC,269,1,"C.B.LLEIDA ""A""",17,45,10
2023-24,33,LLIGA CATALANA 4 MODALITATS,HONOR,UNIC,269,2,"C.B.SANTS ""A""",17,45,10
2023-24,33,LLIGA CATALANA 4 MODALITATS,HONOR,UNIC,269,3,"S.B.F.MOLINS ""A""",13,38,10
2023-24,33,LLIGA CATALANA 4 MODALITATS,HONOR,UNIC,269,4,"C.B. 2000 CERDANYOLA ""A""",12,38,10
2023-24,33,LLIGA CATALANA 4 MODALITATS,HONOR,UNIC,269,5,"S.B.CASAL DE CERVERA ""A""",11,39,10
2023-24,33,LLIGA CATALANA 4 MODALITATS,HONOR,UNIC,269,6,"C.B.TARRAGONA ""A""",9,35,10
2023-24,33,LLIGA CATALANA 4 MODALITATS,L'AMISTAT,UNIC,273,1,C.B.SANTS (AMISTAT),23,58,12
2023-24,33,LLIGA CATALANA 4 MODALITATS,L'AMISTAT,UNIC,273,2,C.B.MATARÓ (AMISTAT),20,55,12
2023-24,33,LLIGA CATALANA 4 MODALITATS,L'AMISTAT,UNIC,273,3,C.B.PRAT (AMISTAT),18,54,12
2023-24,33,LLIGA CATALANA 4 MODALITATS,L'AMISTAT,UNIC,273,4,C.B. 2000 CERDANYOLA (AMISTAT),3,25,12
2024-25,34,LLIGA CATALANA TRES BANDES,1a DIVISIÓ,FINAL 1a DIVISIÓ,298,1,"C.B. SANTS ""A""",6,12,2
2024-25,34,LLIGA CATALANA TRES BANDES,1a DIVISIÓ,FINAL 1a DIVISIÓ,298,2,"C.B. MANRESA ""A""",3,7,2
2024-25,34,LLIGA CATALANA TRES BANDES,1a DIVISIÓ,FINAL 1a DIVISIÓ,298,3,BC OLESA,0,3,1
2024-25,34,LLIGA CATALANA TRES BANDES,1a DIVISIÓ,FINAL 1a DIVISIÓ,298,4,"C.B. BANYOLES ""A""",0,2,1
2024-25,34,LLIGA CATALANA TRES BANDES,1a DIVISIÓ,GRUP A,286,1,"C.B. BANYOLES ""A""",38,90,14
2024-25,34,LLIGA CATALANA TRES BANDES,1a DIVISIÓ,GRUP A,286,2,BC OLESA,24,69,16
2024-25,34,LLIGA CATALANA TRES BANDES,1a DIVISIÓ,GRUP A,286,3,"C.B. MONFORTE ""B""",24,64,14
2024-25,34,LLIGA CATALANA TRES BANDES,1a DIVISIÓ,GRUP A,286,4,"CB LLEIDA ""B""",23,57,14
2024-25,34,LLIGA CATALANA TRES BANDES,1a DIVISIÓ,GRUP A,286,5,"SB FOMENT MOLINS ""B""",20,62,14
2024-25,34,LLIGA CATALANA TRES BANDES,1a DIVISIÓ,GRUP A,286,6,"C.B. 2000 CERDANYOLA ""A""",16,55,14
2024-25,34,LLIGA CATALANA TRES BANDES,1a DIVISIÓ,GRUP A,286,7,"C.B. PRAT ""A",15,48,16
2024-25,34,LLIGA CATALANA TRES BANDES,1a DIVISIÓ,GRUP A,286,8,"C.B.SANT BOI ""B""",0,15,14
2024-25,34,LLIGA CATALANA TRES BANDES,1a DIVISIÓ,GRUP B,287,1,"C.B. SANTS ""A""",31,75,14
2024-25,34,LLIGA CATALANA TRES BANDES,1a DIVISIÓ,GRUP B,287,2,"C.B. MANRESA ""A""",23,69,16
2024-25,34,LLIGA CATALANA TRES BANDES,1a DIVISIÓ,GRUP B,287,3,CASAL DE CERVERA,22,60,14
2024-25,34,LLIGA CATALANA TRES BANDES,1a DIVISIÓ,GRUP B,287,4,"C.B. LLINARS ""B""",20,58,14
2024-25,34,LLIGA CATALANA TRES BANDES,1a DIVISIÓ,GRUP B,287,5,"C.B. CANET ""A""",17,62,16
2024-25,34,LLIGA CATALANA TRES BANDES,1a DIVISIÓ,GRUP B,287,6,"CB MOLLET ""B""",17,53,14
2024-25,34,LLIGA CATALANA TRES BANDES,1a DIVISIÓ,GRUP B,287,7,"C.B. SANTS ""B""",17,47,14
2024-25,34,LLIGA CATALANA TRES BANDES,1a DIVISIÓ,GRUP B,287,8,"SANT ADRIÀ ""C""",8,37,14
2024-25,34,LLIGA CATALANA TRES BANDES,1a DIVISIÓ,PROMOCIO-1,305,1,"C.B. CANET ""A""",2,11,2
2024-25,34,LLIGA CATALANA TRES BANDES,1a DIVISIÓ,PROMOCIO-1,305,2,C.B.ALBA,2,5,2
2024-25,34,LLIGA CATALANA TRES BANDES,1a DIVISIÓ,PROMOCIÓ-2,306,1,"C.B. PRAT ""A",4,9,2
2024-25,34,LLIGA CATALANA TRES BANDES,1a DIVISIÓ,PROMOCIÓ-2,306,2,"C.B. MATARÓ ""B""",1,7,2
2024-25,34,LLIGA CATALANA TRES BANDES,2a DIVISIÓ,FINAL 2a DIVISIÓ,299,1,"C.B. MATARÓ ""B""",6,12,2
2024-25,34,LLIGA CATALANA TRES BANDES,2a DIVISIÓ,FINAL 2a DIVISIÓ,299,2,C.B.ALBA,3,7,2
2024-25,34,LLIGA CATALANA TRES BANDES,2a DIVISIÓ,FINAL 2a DIVISIÓ,299,3,"C.B. MONFORTE ""C""",0,3,1
2024-25,34,LLIGA CATALANA TRES BANDES,2a DIVISIÓ,FINAL 2a DIVISIÓ,299,4,"B. LA UNIÓ CORAL ""A""",0,2,1
2024-25,34,LLIGA CATALANA TRES BANDES,2a DIVISIÓ,GRUP A,288,1,"C.B. MONFORTE ""C""",34,78,14
2024-25,34,LLIGA CATALANA TRES BANDES,2a DIVISIÓ,GRUP A,288,2,"C.B. MATARÓ ""B""",25,68,16
2024-25,34,LLIGA CATALANA TRES BANDES,2a DIVISIÓ,GRUP A,288,3,"C.B.LLIÇA AMUNT ""A""",23,60,14
2024-25,34,LLIGA CATALANA TRES BANDES,2a DIVISIÓ,GRUP A,288,4,C.B. BLANES,19,59,14
2024-25,34,LLIGA CATALANA TRES BANDES,2a DIVISIÓ,GRUP A,288,5,C.B. PREMIÀ,18,55,14
2024-25,34,LLIGA CATALANA TRES BANDES,2a DIVISIÓ,GRUP A,288,6,"SC CORAL COLÓN ""A""",18,54,16
2024-25,34,LLIGA CATALANA TRES BANDES,2a DIVISIÓ,GRUP A,288,7,"C.B. BANYOLES ""B""",17,57,14
2024-25,34,LLIGA CATALANA TRES BANDES,2a DIVISIÓ,GRUP A,288,8,"C.B.SANT BOI ""C""",10,40,14
2024-25,34,LLIGA CATALANA TRES BANDES,2a DIVISIÓ,GRUP B,289,1,C.B.ALBA,35,79,16
2024-25,34,LLIGA CATALANA TRES BANDES,2a DIVISIÓ,GRUP B,289,2,"B. LA UNIÓ CORAL ""A""",33,85,14
2024-25,34,LLIGA CATALANA TRES BANDES,2a DIVISIÓ,GRUP B,289,3,"C.B.VIC ""A""",24,59,14
2024-25,34,LLIGA CATALANA TRES BANDES,2a DIVISIÓ,GRUP B,289,4,"SB FOMENT MOLINS ""C""",22,56,14
2024-25,34,LLIGA CATALANA TRES BANDES,2a DIVISIÓ,GRUP B,289,5,"C.B. CANET ""B""",19,54,14
2024-25,34,LLIGA CATALANA TRES BANDES,2a DIVISIÓ,GRUP B,289,6,"SANT ADRIÀ ""D""",16,54,16
2024-25,34,LLIGA CATALANA TRES BANDES,2a DIVISIÓ,GRUP B,289,7,"C. B. TARRAGONA ""B""",13,51,14
2024-25,34,LLIGA CATALANA TRES BANDES,2a DIVISIÓ,GRUP B,289,8,"C.B. BARCELONA ""B""",4,27,14
2024-25,34,LLIGA CATALANA TRES BANDES,2a DIVISIÓ,PROMOCIÓ-1,309,1,"SC CORAL COLÓN ""A""",6,16,2
2024-25,34,LLIGA CATALANA TRES BANDES,2a DIVISIÓ,PROMOCIÓ-1,309,2,B. EL MASNOU,0,0,2
2024-25,34,LLIGA CATALANA TRES BANDES,2a DIVISIÓ,PROMOCIÓ-2,310,1,"SANT ADRIÀ ""D""",6,12,2
2024-25,34,LLIGA CATALANA TRES BANDES,2a DIVISIÓ,PROMOCIÓ-2,310,2,"C.B. SANTS ""C""",0,4,2
2024-25,34,LLIGA CATALANA TRES BANDES,3a DIVISIÓ,FINAL 3a DIVISIÓ,300,1,"C.B. MONT-ROIG ""B""",4,12,2
2024-25,34,LLIGA CATALANA TRES BANDES,3a DIVISIÓ,FINAL 3a DIVISIÓ,300,2,"C.B. SANTS ""C""",4,12,2
2024-25,34,LLIGA CATALANA TRES BANDES,3a DIVISIÓ,FINAL 3a DIVISIÓ,300,3,S.B. GEIEG,0,2,1
2024-25,34,LLIGA CATALANA TRES BANDES,3a DIVISIÓ,FINAL 3a DIVISIÓ,300,4,B. EL MASNOU,0,0,1
2024-25,34,LLIGA CATALANA TRES BANDES,3a DIVISIÓ,GRUP A,290,1,"C.B. MONT-ROIG ""B""",31,80,14
2024-25,34,LLIGA CATALANA TRES BANDES,3a DIVISIÓ,GRUP A,290,2,"C.B. SANTS ""C""",30,76,16
2024-25,34,LLIGA CATALANA TRES BANDES,3a DIVISIÓ,GRUP A,290,3,"C.B. LLINARS ""C""",27,77,14
2024-25,34,LLIGA CATALANA TRES BANDES,3a DIVISIÓ,GRUP A,290,4,"C.B. 2000 CERDANYOLA ""B""",21,58,14
2024-25,34,LLIGA CATALANA TRES BANDES,3a DIVISIÓ,GRUP A,290,5,"C.B. SANTS ""D""",16,54,16
2024-25,34,LLIGA CATALANA TRES BANDES,3a DIVISIÓ,GRUP A,290,6,C.B. CARDONA,15,51,14
2024-25,34,LLIGA CATALANA TRES BANDES,3a DIVISIÓ,GRUP A,290,7,C.B.VILANOVA,14,51,14
2024-25,34,LLIGA CATALANA TRES BANDES,3a DIVISIÓ,GRUP A,290,8,"B. LA UNIÓ CORAL ""B""",3,17,14
2024-25,34,LLIGA CATALANA TRES BANDES,3a DIVISIÓ,GRUP B,291,1,S.B. GEIEG,30,74,14
2024-25,34,LLIGA CATALANA TRES BANDES,3a DIVISIÓ,GRUP B,291,2,B. EL MASNOU,23,66,16
2024-25,34,LLIGA CATALANA TRES BANDES,3a DIVISIÓ,GRUP B,291,3,C.B. PUNT D’ATAC,21,65,14
2024-25,34,LLIGA CATALANA TRES BANDES,3a DIVISIÓ,GRUP B,291,4,"B.C. GRANOLLERS ""C""",19,64,14
2024-25,34,LLIGA CATALANA TRES BANDES,3a DIVISIÓ,GRUP B,291,5,"C.B. MONFORTE ""D""",17,46,14
2024-25,34,LLIGA CATALANA TRES BANDES,3a DIVISIÓ,GRUP B,291,6,"C.B.LLIÇA AMUNT ""B""",16,50,16
2024-25,34,LLIGA CATALANA TRES BANDES,3a DIVISIÓ,GRUP B,291,7,"B.C. GRANOLLERS ""D""",15,50,14
2024-25,34,LLIGA CATALANA TRES BANDES,3a DIVISIÓ,GRUP B,291,8,"C.B. PRAT ""B""",12,38,14
2024-25,34,LLIGA CATALANA TRES BANDES,3a DIVISIÓ,PROMOCIÓ-1,311,1,"C.B. SANTS ""D""",6,12,2
2024-25,34,LLIGA CATALANA TRES BANDES,3a DIVISIÓ,PROMOCIÓ-1,311,2,C.B.BORGES,0,4,2
2024-25,34,LLIGA CATALANA TRES BANDES,3a DIVISIÓ,PROMOCIÓ-2,312,1,"C.B.LLIÇA AMUNT ""B""",3,5,2
2024-25,34,LLIGA CATALANA TRES BANDES,3a DIVISIÓ,PROMOCIÓ-2,312,2,"S.B.P.E. CENTELLES ""B""",0,3,2
2024-25,34,LLIGA CATALANA TRES BANDES,4a DIVISIÓ,FINAL 4a DIVISIÓ,301,1,S.B. ESPLUGUES AVENÇ,6,14,2
2024-25,34,LLIGA CATALANA TRES BANDES,4a DIVISIÓ,FINAL 4a DIVISIÓ,301,2,"SB FOMENT MOLINS ""D""",3,6,2
2024-25,34,LLIGA CATALANA TRES BANDES,4a DIVISIÓ,FINAL 4a DIVISIÓ,301,3,C.B.BORGES,0,6,3
2024-25,34,LLIGA CATALANA TRES BANDES,4a DIVISIÓ,FINAL 4a DIVISIÓ,301,4,"S.B.P.E. CENTELLES ""B""",0,5,3
2024-25,34,LLIGA CATALANA TRES BANDES,4a DIVISIÓ,GRUP A,292,1,"SB FOMENT MOLINS ""D""",35,88,18
2024-25,34,LLIGA CATALANA TRES BANDES,4a DIVISIÓ,GRUP A,292,2,C.B.BORGES,32,90,20
2024-25,34,LLIGA CATALANA TRES BANDES,4a DIVISIÓ,GRUP A,292,3,"SC CORAL COLÓN ""B""",30,79,18
2024-25,34,LLIGA CATALANA TRES BANDES,4a DIVISIÓ,GRUP A,292,4,"C.B. LLINARS ""D""",24,69,18
2024-25,34,LLIGA CATALANA TRES BANDES,4a DIVISIÓ,GRUP A,292,5,"C.B.SANT BOI ""D""",23,63,18
2024-25,34,LLIGA CATALANA TRES BANDES,4a DIVISIÓ,GRUP A,292,6,"C.B. MONFORTE ""E""",16,59,18
2024-25,34,LLIGA CATALANA TRES BANDES,4a DIVISIÓ,GRUP A,292,7,"C.B.VIC ""B""",11,45,18
2024-25,34,LLIGA CATALANA TRES BANDES,4a DIVISIÓ,GRUP A,292,8,"C.B. SANTS ""E""",10,46,18
2024-25,34,LLIGA CATALANA TRES BANDES,4a DIVISIÓ,GRUP A,292,9,"C.B. BANYOLES ""C""",10,41,18
2024-25,34,LLIGA CATALANA TRES BANDES,4a DIVISIÓ,GRUP B,293,1,S.B. ESPLUGUES AVENÇ,42,101,18
2024-25,34,LLIGA CATALANA TRES BANDES,4a DIVISIÓ,GRUP B,293,2,"S.B.P.E. CENTELLES ""B""",32,83,20
2024-25,34,LLIGA CATALANA TRES BANDES,4a DIVISIÓ,GRUP B,293,3,"C.B. MONT-ROIG ""C""",28,79,18
2024-25,34,LLIGA CATALANA TRES BANDES,4a DIVISIÓ,GRUP B,293,4,"CB LLEIDA ""C""",20,61,18
2024-25,34,LLIGA CATALANA TRES BANDES,4a DIVISIÓ,GRUP B,293,5,C.B. SANT FELIU,19,63,18
2024-25,34,LLIGA CATALANA TRES BANDES,4a DIVISIÓ,GRUP B,293,6,"C.B. MANRESA ""B""",19,62,18
2024-25,34,LLIGA CATALANA TRES BANDES,4a DIVISIÓ,GRUP B,293,7,"C.B. CANET ""C""",18,53,18
2024-25,34,LLIGA CATALANA TRES BANDES,4a DIVISIÓ,GRUP B,293,8,"C.B. MATARÓ ""C""",9,41,18
2024-25,34,LLIGA CATALANA TRES BANDES,4a DIVISIÓ,GRUP B,293,9,"C.B. 2000 CERDANYOLA ""C""",5,36,18
2024-25,34,LLIGA CATALANA TRES BANDES,HONOR,FINAL HONOR,313,1,"SANT ADRIÀ ""A""",4,10,2
2024-25,34,LLIGA CATALANA TRES BANDES,HONOR,FINAL HONOR,313,2,"C. B. MONFORTE ""A""",1,6,2
2024-25,34,LLIGA CATALANA TRES BANDES,HONOR,FINAL HONOR,313,3,"B.C. GRANOLLERS ""A""",1,4,1
2024-25,34,LLIGA CATALANA TRES BANDES,HONOR,FINAL HONOR,313,4,"C.B. MATARÓ ""A""",1,4,1
2024-25,34,LLIGA CATALANA TRES BANDES,HONOR,GRUP A,284,1,"C.B. MATARÓ ""A""",33,84,15
2024-25,34,LLIGA CATALANA TRES BANDES,HONOR,GRUP A,284,2,"C. B. MONFORTE ""A""",31,81,16
2024-25,34,LLIGA CATALANA TRES BANDES,HONOR,GRUP A,284,3,"CB LLEIDA ""A""",29,71,14
2024-25,34,LLIGA CATALANA TRES BANDES,HONOR,GRUP A,284,4,"CB MOLLET ""A""",23,65,14
2024-25,34,LLIGA CATALANA TRES BANDES,HONOR,GRUP A,284,5,"B.C. GRANOLLERS ""B""",18,55,16
2024-25,34,LLIGA CATALANA TRES BANDES,HONOR,GRUP A,284,6,"C.B. LLINARS ""A""",16,55,14
2024-25,34,LLIGA CATALANA TRES BANDES,HONOR,GRUP A,284,7,"SB FOMENT MOLINS ""A""",12,51,14
2024-25,34,LLIGA CATALANA TRES BANDES,HONOR,GRUP A,284,8,"C. B. TARRAGONA ""A""",1,10,14
2024-25,34,LLIGA CATALANA TRES BANDES,HONOR,GRUP B,285,1,"SANT ADRIÀ ""A""",35,89,16
2024-25,34,LLIGA CATALANA TRES BANDES,HONOR,GRUP B,285,2,"B.C. GRANOLLERS ""A""",34,93,15
2024-25,34,LLIGA CATALANA TRES BANDES,HONOR,GRUP B,285,3,"C.B. MONT-ROIG ""A""",25,66,14
2024-25,34,LLIGA CATALANA TRES BANDES,HONOR,GRUP B,285,4,"C.B.SANT BOI ""A""",19,58,16
2024-25,34,LLIGA CATALANA TRES BANDES,HONOR,GRUP B,285,5,"SANT ADRIÀ ""B""",19,49,14
2024-25,34,LLIGA CATALANA TRES BANDES,HONOR,GRUP B,285,6,"C.B. BARCELONA ""A""",15,45,14
2024-25,34,LLIGA CATALANA TRES BANDES,HONOR,GRUP B,285,7,"S.B.P.E. CENTELLES ""A""",14,49,14
2024-25,34,LLIGA CATALANA TRES BANDES,HONOR,GRUP B,285,8,SB GRAN PENYA,3,26,14
2024-25,34,LLIGA CATALANA TRES BANDES,HONOR,PROMOCIÓ-1,307,1,"B.C. GRANOLLERS ""B""",6,14,2
2024-25,34,LLIGA CATALANA TRES BANDES,HONOR,PROMOCIÓ-1,307,2,"C.B. MANRESA ""A""",0,2,2
2024-25,34,LLIGA CATALANA TRES BANDES,HONOR,PROMOCIÓ-2,308,1,"C.B.SANT BOI ""A""",6,13,2
2024-25,34,LLIGA CATALANA TRES BANDES,HONOR,PROMOCIÓ-2,308,2,BC OLESA,0,3,2
2024-25,35,LLIGA CATALANA 4 MODALITATS,1a DIVISIÓ,PROMOCIONS,304,1,"SB FOMENT MOLINS ""B""",6,12,2
2024-25,35,LLIGA CATALANA 4 MODALITATS,1a DIVISIÓ,PROMOCIONS,304,2,"C.B. SANTS ""B""",0,4,2
2024-25,35,LLIGA CATALANA 4 MODALITATS,1a DIVISIÓ,UNIC,295,1,"C.B. PRAT ""A""",35,81,14
2024-25,35,LLIGA CATALANA 4 MODALITATS,1a DIVISIÓ,UNIC,295,2,C.B.PUNT ATAC,29,74,14
2024-25,35,LLIGA CATALANA 4 MODALITATS,1a DIVISIÓ,UNIC,295,3,"CASAL DE CERVERA ""B""",20,61,14
2024-25,35,LLIGA CATALANA 4 MODALITATS,1a DIVISIÓ,UNIC,295,4,S.C. COLON SABADELL,20,52,14
2024-25,35,LLIGA CATALANA 4 MODALITATS,1a DIVISIÓ,UNIC,295,5,S.B.P.E. CENTELLES,19,56,14
2024-25,35,LLIGA CATALANA 4 MODALITATS,1a DIVISIÓ,UNIC,295,6,"SANT ADRIÀ ""B""",14,50,14
2024-25,35,LLIGA CATALANA 4 MODALITATS,1a DIVISIÓ,UNIC,295,7,"C.B. SANTS ""B""",11,41,14
2024-25,35,LLIGA CATALANA 4 MODALITATS,1a DIVISIÓ,UNIC,295,8,"C.B. CANET ""A""",7,33,14
2024-25,35,LLIGA CATALANA 4 MODALITATS,2a DIVISIÓ,FINAL 2a DIVISIÓ,302,1,B.C. GRANOLLERS,6,13,2
2024-25,35,LLIGA CATALANA 4 MODALITATS,2a DIVISIÓ,FINAL 2a DIVISIÓ,302,2,"SB FOMENT MOLINS ""B""",3,11,2
2024-25,35,LLIGA CATALANA 4 MODALITATS,2a DIVISIÓ,FINAL 2a DIVISIÓ,302,3,C.B.SANT FELIU,0,0,1
2024-25,35,LLIGA CATALANA 4 MODALITATS,2a DIVISIÓ,FINAL 2a DIVISIÓ,302,4,S.B. LA GRAN PENYA,0,0,1
2024-25,35,LLIGA CATALANA 4 MODALITATS,2a DIVISIÓ,GRUP A,296,1,B.C. GRANOLLERS,32,80,14
2024-25,35,LLIGA CATALANA 4 MODALITATS,2a DIVISIÓ,GRUP A,296,2,S.B. LA GRAN PENYA,21,54,14
2024-25,35,LLIGA CATALANA 4 MODALITATS,2a DIVISIÓ,GRUP A,296,3,C.B. VILANOVA,19,55,14
2024-25,35,LLIGA CATALANA 4 MODALITATS,2a DIVISIÓ,GRUP A,296,4,"C.B. PRAT ""B""",13,38,14
2024-25,35,LLIGA CATALANA 4 MODALITATS,2a DIVISIÓ,GRUP A,296,5,C.B. 2000 CERDANYOLA “B”,11,33,14
2024-25,35,LLIGA CATALANA 4 MODALITATS,2a DIVISIÓ,GRUP A,296,6,"C.B. LLINARS ""B""",10,39,14
2024-25,35,LLIGA CATALANA 4 MODALITATS,2a DIVISIÓ,GRUP A,296,7,"SANT ADRIÀ ""C""",9,37,14
2024-25,35,LLIGA CATALANA 4 MODALITATS,2a DIVISIÓ,GRUP B,297,1,"SB FOMENT MOLINS ""B""",27,66,10
2024-25,35,LLIGA CATALANA 4 MODALITATS,2a DIVISIÓ,GRUP B,297,2,C.B.SANT FELIU,15,38,10
2024-25,35,LLIGA CATALANA 4 MODALITATS,2a DIVISIÓ,GRUP B,297,3,"C.B. CANET ""B""",12,37,10
2024-25,35,LLIGA CATALANA 4 MODALITATS,2a DIVISIÓ,GRUP B,297,4,C.B. MATARÓ,12,34,10
2024-25,35,LLIGA CATALANA 4 MODALITATS,2a DIVISIÓ,GRUP B,297,5,C.B.LLIÇA D'AMUNT,11,35,10
2024-25,35,LLIGA CATALANA 4 MODALITATS,2a DIVISIÓ,GRUP B,297,6,C.B.VIC,6,30,10
2024-25,35,LLIGA CATALANA 4 MODALITATS,HONOR,PROMOCIONS,303,1,"C.B. LLINARS ""A""",4,9,2
2024-25,35,LLIGA CATALANA 4 MODALITATS,HONOR,PROMOCIONS,303,2,C.B.PUNT ATAC,1,7,2
2024-25,35,LLIGA CATALANA 4 MODALITATS,HONOR,UNIC,294,1,"C.B. SANTS ""A""",31,77,14
2024-25,35,LLIGA CATALANA 4 MODALITATS,HONOR,UNIC,294,2,C.B. LLEIDA,31,69,14
2024-25,35,LLIGA CATALANA 4 MODALITATS,HONOR,UNIC,294,3,C.B. TARRAGONA,20,57,14
2024-25,35,LLIGA CATALANA 4 MODALITATS,HONOR,UNIC,294,4,"CASAL DE CERVERA ""A""",19,59,14
2024-25,35,LLIGA CATALANA 4 MODALITATS,HONOR,UNIC,294,5,"SANT ADRIÀ ""A""",17,53,14
2024-25,35,LLIGA CATALANA 4 MODALITATS,HONOR,UNIC,294,6,"SB FOMENT MOLINS ""A""",16,49,14
2024-25,35,LLIGA CATALANA 4 MODALITATS,HONOR,UNIC,294,7,"C.B. LLINARS ""A""",15,46,14
2024-25,35,LLIGA CATALANA 4 MODALITATS,HONOR,UNIC,294,8,C.B. 2000 CERDANYOLA “A”,10,38,14
2025-26,36,LLIGA CATALANA TRES BANDES,1a DIVISIÓ,FINAL 1a DIVISIÓ,329,1,B.C. OLESA,6,12,2
2025-26,36,LLIGA CATALANA TRES BANDES,1a DIVISIÓ,FINAL 1a DIVISIÓ,329,2,"C.B. MONFORTE ""B""",0,2,1
2025-26,36,LLIGA CATALANA TRES BANDES,1a DIVISIÓ,GRUP A,318,1,"C.B. MONFORTE ""B""",27,63,14
2025-26,36,LLIGA CATALANA TRES BANDES,1a DIVISIÓ,GRUP A,318,2,"C.B. 2000 CERDANYOLA ""A""",26,74,16
2025-26,36,LLIGA CATALANA TRES BANDES,1a DIVISIÓ,GRUP A,318,3,"S.B. LA GRAN PENYA ""A""",21,62,14
2025-26,36,LLIGA CATALANA TRES BANDES,1a DIVISIÓ,GRUP A,318,4,"C.B. CANET ""A""",20,59,14
2025-26,36,LLIGA CATALANA TRES BANDES,1a DIVISIÓ,GRUP A,318,5,"S.B.LA UNIO CORAL ""A""",19,44,14
2025-26,36,LLIGA CATALANA TRES BANDES,1a DIVISIÓ,GRUP A,318,6,"CB MANRESA ""A""",17,54,14
2025-26,36,LLIGA CATALANA TRES BANDES,1a DIVISIÓ,GRUP A,318,7,"C.B. LLINARS ""B""",15,49,16
2025-26,36,LLIGA CATALANA TRES BANDES,1a DIVISIÓ,GRUP A,318,8,"SB FOMENT MOLINS ""B""",11,47,14
2025-26,36,LLIGA CATALANA TRES BANDES,1a DIVISIÓ,GRUP B,319,1,S.B. CASAL CERVERA,35,83,16
2025-26,36,LLIGA CATALANA TRES BANDES,1a DIVISIÓ,GRUP B,319,2,B.C. OLESA,32,75,14
2025-26,36,LLIGA CATALANA TRES BANDES,1a DIVISIÓ,GRUP B,319,3,"C.B. SANTS ""B""",19,53,14
2025-26,36,LLIGA CATALANA TRES BANDES,1a DIVISIÓ,GRUP B,319,4,"C.B. MONFORTE ""C""",17,56,14
2025-26,36,LLIGA CATALANA TRES BANDES,1a DIVISIÓ,GRUP B,319,5,"C.B. LLEIDA ""B""",16,52,16
2025-26,36,LLIGA CATALANA TRES BANDES,1a DIVISIÓ,GRUP B,319,6,"C.B. MOLLET ""B""",16,51,14
2025-26,36,LLIGA CATALANA TRES BANDES,1a DIVISIÓ,GRUP B,319,7,"C.B PRAT ""A""",14,49,14
2025-26,36,LLIGA CATALANA TRES BANDES,1a DIVISIÓ,GRUP B,319,8,"C.B. TARRAGONA ""A""",11,48,14
2025-26,36,LLIGA CATALANA TRES BANDES,1a DIVISIÓ,PROMOCIONS,339,1,"C.B. MONT-ROIG ""B""",6,14,2
2025-26,36,LLIGA CATALANA TRES BANDES,1a DIVISIÓ,PROMOCIONS,339,2,"SANT ADRIÀ ""C""",2,8,2
2025-26,36,LLIGA CATALANA TRES BANDES,1a DIVISIÓ,PROMOCIONS,339,3,"C.B. LLEIDA ""B""",2,8,2
2025-26,36,LLIGA CATALANA TRES BANDES,1a DIVISIÓ,PROMOCIONS,339,4,"C.B. LLINARS ""B""",0,2,2
2025-26,36,LLIGA CATALANA TRES BANDES,2a DIVISIÓ,FINAL 2a DIVISIÓ,330,1,"C.B. MONT-ROIG ""B""",6,14,2
2025-26,36,LLIGA CATALANA TRES BANDES,2a DIVISIÓ,FINAL 2a DIVISIÓ,330,2,"C.B. MATARÓ ""B""",4,4,1
2025-26,36,LLIGA CATALANA TRES BANDES,2a DIVISIÓ,FINAL 2a DIVISIÓ,330,3,C.B. ALBA,4,4,1
2025-26,36,LLIGA CATALANA TRES BANDES,2a DIVISIÓ,FINAL 2a DIVISIÓ,330,4,"SANT ADRIÀ ""C""",2,8,2
2025-26,36,LLIGA CATALANA TRES BANDES,2a DIVISIÓ,GRUP A,322,1,"C.B. MATARÓ ""B""",34,81,14
2025-26,36,LLIGA CATALANA TRES BANDES,2a DIVISIÓ,GRUP A,322,2,"SANT ADRIÀ ""C""",33,81,16
2025-26,36,LLIGA CATALANA TRES BANDES,2a DIVISIÓ,GRUP A,322,3,"S.B.CORAL COLON ""A""",27,66,14
2025-26,36,LLIGA CATALANA TRES BANDES,2a DIVISIÓ,GRUP A,322,4,"C.B. TARRAGONA ""B""",24,60,14
2025-26,36,LLIGA CATALANA TRES BANDES,2a DIVISIÓ,GRUP A,322,5,"C.B.BLANES ""A""",19,64,14
2025-26,36,LLIGA CATALANA TRES BANDES,2a DIVISIÓ,GRUP A,322,6,"C.B. CANET ""B""",9,47,16
2025-26,36,LLIGA CATALANA TRES BANDES,2a DIVISIÓ,GRUP A,322,7,C.B.VIC,8,36,14
2025-26,36,LLIGA CATALANA TRES BANDES,2a DIVISIÓ,GRUP A,322,8,S.B. GEiEG,7,29,14
2025-26,36,LLIGA CATALANA TRES BANDES,2a DIVISIÓ,GRUP B,323,1,"C.B. MONT-ROIG ""B""",32,84,16
2025-26,36,LLIGA CATALANA TRES BANDES,2a DIVISIÓ,GRUP B,323,2,C.B. ALBA,32,78,14
2025-26,36,LLIGA CATALANA TRES BANDES,2a DIVISIÓ,GRUP B,323,3,"C.B.SANT BOI ""B""",26,69,14
2025-26,36,LLIGA CATALANA TRES BANDES,2a DIVISIÓ,GRUP B,323,4,C.B. PREMIÀ,19,56,14
2025-26,36,LLIGA CATALANA TRES BANDES,2a DIVISIÓ,GRUP B,323,5,"SB FOMENT MOLINS ""C""",19,45,14
2025-26,36,LLIGA CATALANA TRES BANDES,2a DIVISIÓ,GRUP B,323,6,"C.B.LLIÇÀ D'AMUNT ""A""",17,59,16
2025-26,36,LLIGA CATALANA TRES BANDES,2a DIVISIÓ,GRUP B,323,7,"C.B.BANYOLES ""B""",17,52,14
2025-26,36,LLIGA CATALANA TRES BANDES,2a DIVISIÓ,GRUP B,323,8,"SANTA ADRIÀ ""D""",5,26,14
2025-26,36,LLIGA CATALANA TRES BANDES,2a DIVISIÓ,PROMOCIONS,340,1,"C.B. 2000 CERDANYOLA ""B""",3,9,2
2025-26,36,LLIGA CATALANA TRES BANDES,2a DIVISIÓ,PROMOCIONS,340,2,"C.B.LLIÇÀ D'AMUNT ""A""",3,7,2
2025-26,36,LLIGA CATALANA TRES BANDES,2a DIVISIÓ,PROMOCIONS,340,3,"C.B. SANTS ""D""",2,8,2
2025-26,36,LLIGA CATALANA TRES BANDES,2a DIVISIÓ,PROMOCIONS,340,4,"C.B. CANET ""B""",2,8,2
2025-26,36,LLIGA CATALANA TRES BANDES,3a DIVISIÓ,FINAL 3a DIVISIÓ,331,1,C.B. CARDONA,6,12,2
2025-26,36,LLIGA CATALANA TRES BANDES,3a DIVISIÓ,FINAL 3a DIVISIÓ,331,2,"C.B. BARCELONA ""B""",0,3,1
2025-26,36,LLIGA CATALANA TRES BANDES,3a DIVISIÓ,GRUP A,320,1,C.B. CARDONA,37,81,14
2025-26,36,LLIGA CATALANA TRES BANDES,3a DIVISIÓ,GRUP A,320,2,"C.B. SANTS ""D""",32,84,16
2025-26,36,LLIGA CATALANA TRES BANDES,3a DIVISIÓ,GRUP A,320,3,"C.B. MONFORTE ""D""",18,53,14
2025-26,36,LLIGA CATALANA TRES BANDES,3a DIVISIÓ,GRUP A,320,4,"C.B. LLINARS ""C""",17,57,16
2025-26,36,LLIGA CATALANA TRES BANDES,3a DIVISIÓ,GRUP A,320,5,"SBPE. CENTELLES ""B""",17,52,14
2025-26,36,LLIGA CATALANA TRES BANDES,3a DIVISIÓ,GRUP A,320,6,"C.B PRAT ""B""",16,52,14
2025-26,36,LLIGA CATALANA TRES BANDES,3a DIVISIÓ,GRUP A,320,7,B. EL MASNOU,15,50,14
2025-26,36,LLIGA CATALANA TRES BANDES,3a DIVISIÓ,GRUP A,320,8,"C.B.SANT BOI ""C""",11,37,14
2025-26,36,LLIGA CATALANA TRES BANDES,3a DIVISIÓ,GRUP B,321,1,"C.B. BARCELONA ""B""",36,88,14
2025-26,36,LLIGA CATALANA TRES BANDES,3a DIVISIÓ,GRUP B,321,2,"C.B. 2000 CERDANYOLA ""B""",27,77,16
2025-26,36,LLIGA CATALANA TRES BANDES,3a DIVISIÓ,GRUP B,321,3,"B.C. GRANOLLERS ""C""",22,66,14
2025-26,36,LLIGA CATALANA TRES BANDES,3a DIVISIÓ,GRUP B,321,4,"B.C. GRANOLLERS ""D""",21,51,14
2025-26,36,LLIGA CATALANA TRES BANDES,3a DIVISIÓ,GRUP B,321,5,"C.B. SANTS ""C""",20,55,14
2025-26,36,LLIGA CATALANA TRES BANDES,3a DIVISIÓ,GRUP B,321,6,S.B.ESPLUGUES AVENÇ A,19,60,14
2025-26,36,LLIGA CATALANA TRES BANDES,3a DIVISIÓ,GRUP B,321,7,"C.B.LLIÇÀ D'AMUNT ""B""",14,52,16
2025-26,36,LLIGA CATALANA TRES BANDES,3a DIVISIÓ,GRUP B,321,8,C.B. VILANOVA,2,18,14
2025-26,36,LLIGA CATALANA TRES BANDES,3a DIVISIÓ,PROMOCIONS,341,1,"C.B.LLIÇÀ D'AMUNT ""B""",4,10,2
2025-26,36,LLIGA CATALANA TRES BANDES,3a DIVISIÓ,PROMOCIONS,341,2,"C.B. LLINARS ""C""",3,10,2
2025-26,36,LLIGA CATALANA TRES BANDES,3a DIVISIÓ,PROMOCIONS,341,3,C.B. BORGES,3,6,2
2025-26,36,LLIGA CATALANA TRES BANDES,3a DIVISIÓ,PROMOCIONS,341,4,"C.B. CANET ""C""",1,6,2
2025-26,36,LLIGA CATALANA TRES BANDES,4a DIVISIÓ,FINAL 4a DIVISIÓ,332,1,"S.B. LA GRAN PENYA ""B""",6,13,2
2025-26,36,LLIGA CATALANA TRES BANDES,4a DIVISIÓ,FINAL 4a DIVISIÓ,332,2,C.B. BORGES,3,6,2
2025-26,36,LLIGA CATALANA TRES BANDES,4a DIVISIÓ,FINAL 4a DIVISIÓ,332,3,"C.B. CANET ""C""",1,6,2
2025-26,36,LLIGA CATALANA TRES BANDES,4a DIVISIÓ,FINAL 4a DIVISIÓ,332,4,"C.B. MATARÓ ""C""",0,3,1
2025-26,36,LLIGA CATALANA TRES BANDES,4a DIVISIÓ,FINAL 4a DIVISIÓ,332,5,"S.B. LA GRAN PENYA ""A""",0,0,0
2025-26,36,LLIGA CATALANA TRES BANDES,4a DIVISIÓ,GRUP A,314,1,"S.B. LA GRAN PENYA ""B""",42,98,18
2025-26,36,LLIGA CATALANA TRES BANDES,4a DIVISIÓ,GRUP A,314,2,"C.B. CANET ""C""",38,101,20
2025-26,36,LLIGA CATALANA TRES BANDES,4a DIVISIÓ,GRUP A,314,3,"C.B. MONT-ROIG ""C""",30,87,18
2025-26,36,LLIGA CATALANA TRES BANDES,4a DIVISIÓ,GRUP A,314,4,"C.B. LLINARS ""D""",29,83,18
2025-26,36,LLIGA CATALANA TRES BANDES,4a DIVISIÓ,GRUP A,314,5,"S.B.LA UNIÓ CORAL""B""",29,81,18
2025-26,36,LLIGA CATALANA TRES BANDES,4a DIVISIÓ,GRUP A,314,6,"C.B. MONFORTE ""E""",25,64,18
2025-26,36,LLIGA CATALANA TRES BANDES,4a DIVISIÓ,GRUP A,314,7,"C.B. 2000 CERDANYOLA ""C""",20,67,18
2025-26,36,LLIGA CATALANA TRES BANDES,4a DIVISIÓ,GRUP A,314,8,"C.B.BANYOLES ""C""",15,54,18
2025-26,36,LLIGA CATALANA TRES BANDES,4a DIVISIÓ,GRUP A,314,9,"C.B. MATARÓ ""D""",14,45,18
2025-26,36,LLIGA CATALANA TRES BANDES,4a DIVISIÓ,GRUP A,314,10,"C.B. LLINARS ""E""",6,46,18
2025-26,36,LLIGA CATALANA TRES BANDES,4a DIVISIÓ,GRUP B,315,1,"C.B. MATARÓ ""C""",41,100,18
2025-26,36,LLIGA CATALANA TRES BANDES,4a DIVISIÓ,GRUP B,315,2,C.B. BORGES,34,86,20
2025-26,36,LLIGA CATALANA TRES BANDES,4a DIVISIÓ,GRUP B,315,3,"C.B.BLANES ""B""",29,77,18
2025-26,36,LLIGA CATALANA TRES BANDES,4a DIVISIÓ,GRUP B,315,4,"S.B.CORAL COLON ""B""",28,78,18
2025-26,36,LLIGA CATALANA TRES BANDES,4a DIVISIÓ,GRUP B,315,5,B.C.SANT FELIU DE CODINES,24,64,18
2025-26,36,LLIGA CATALANA TRES BANDES,4a DIVISIÓ,GRUP B,315,6,S.B.ESPLUGUES AVENÇ B,20,62,18
2025-26,36,LLIGA CATALANA TRES BANDES,4a DIVISIÓ,GRUP B,315,7,"CB MANRESA ""B""",13,46,18
2025-26,36,LLIGA CATALANA TRES BANDES,4a DIVISIÓ,GRUP B,315,8,"C.B. SANTS ""E""",11,42,18
2025-26,36,LLIGA CATALANA TRES BANDES,4a DIVISIÓ,GRUP B,315,9,"C.B. BARCELONA ""C""",3,27,18
2025-26,36,LLIGA CATALANA TRES BANDES,HONOR,FINAL HONOR,333,1,"C.B. MATARÓ ""A""",6,12,2
2025-26,36,LLIGA CATALANA TRES BANDES,HONOR,FINAL HONOR,333,2,"B.C. GRANOLLERS ""A""",3,8,2
2025-26,36,LLIGA CATALANA TRES BANDES,HONOR,FINAL HONOR,333,3,"C.B. MOLLET ""A""",0,2,1
2025-26,36,LLIGA CATALANA TRES BANDES,HONOR,FINAL HONOR,333,4,"SANT ADRIÀ ""A""",0,2,1
2025-26,36,LLIGA CATALANA TRES BANDES,HONOR,GRUP A,316,1,"C.B. MATARÓ ""A""",36,89,14
2025-26,36,LLIGA CATALANA TRES BANDES,HONOR,GRUP A,316,2,"SANT ADRIÀ ""A""",34,85,14
2025-26,36,LLIGA CATALANA TRES BANDES,HONOR,GRUP A,316,3,"C.B. LLINARS ""A""",19,52,14
2025-26,36,LLIGA CATALANA TRES BANDES,HONOR,GRUP A,316,4,"C.B.SANT BOI ""A""",18,57,16
2025-26,36,LLIGA CATALANA TRES BANDES,HONOR,GRUP A,316,5,"C.B. LLEIDA ""A""",18,54,14
2025-26,36,LLIGA CATALANA TRES BANDES,HONOR,GRUP A,316,6,"SANT ADRIÀ ""B""",17,41,14
2025-26,36,LLIGA CATALANA TRES BANDES,HONOR,GRUP A,316,7,"SB FOMENT MOLINS ""A""",14,52,14
2025-26,36,LLIGA CATALANA TRES BANDES,HONOR,GRUP A,316,8,"C.B. SANTS ""A""",6,32,14
2025-26,36,LLIGA CATALANA TRES BANDES,HONOR,GRUP B,317,1,"B.C. GRANOLLERS ""A""",31,81,14
2025-26,36,LLIGA CATALANA TRES BANDES,HONOR,GRUP B,317,2,"C.B. MOLLET ""A""",27,66,14
2025-26,36,LLIGA CATALANA TRES BANDES,HONOR,GRUP B,317,3,"C.B. MONFORTE ""A""",26,66,14
2025-26,36,LLIGA CATALANA TRES BANDES,HONOR,GRUP B,317,4,"C.B. BARCELONA ""A""",22,63,14
2025-26,36,LLIGA CATALANA TRES BANDES,HONOR,GRUP B,317,5,"B.C. GRANOLLERS ""B""",15,41,14
2025-26,36,LLIGA CATALANA TRES BANDES,HONOR,GRUP B,317,6,"C.B. MONT-ROIG ""A""",13,45,14
2025-26,36,LLIGA CATALANA TRES BANDES,HONOR,GRUP B,317,7,"SBPE. CENTELLES ""A""",12,46,16
2025-26,36,LLIGA CATALANA TRES BANDES,HONOR,GRUP B,317,8,"C.B.BANYOLES ""A""",9,45,14
2025-26,36,LLIGA CATALANA TRES BANDES,HONOR,PROMOCIONS,338,1,"C.B.SANT BOI ""A""",6,14,2
2025-26,36,LLIGA CATALANA TRES BANDES,HONOR,PROMOCIONS,338,2,S.B. CASAL CERVERA,5,11,2
2025-26,36,LLIGA CATALANA TRES BANDES,HONOR,PROMOCIONS,338,3,"SBPE. CENTELLES ""A""",0,5,2
2025-26,36,LLIGA CATALANA TRES BANDES,HONOR,PROMOCIONS,338,4,"C.B. 2000 CERDANYOLA ""A""",0,2,2
2025-26,37,LLIGA CATALANA 4 MODALITATS,1a DIVISIÓ,PROMOCIONS,334,1,C.B.MONT-ROIG,6,13,2
2025-26,37,LLIGA CATALANA 4 MODALITATS,1a DIVISIÓ,PROMOCIONS,334,2,"C.B. SANTS ""B""",0,3,2
2025-26,37,LLIGA CATALANA 4 MODALITATS,1a DIVISIÓ,UNIC,324,1,"CASAL DE CERVERA ""B""",32,81,14
2025-26,37,LLIGA CATALANA 4 MODALITATS,1a DIVISIÓ,UNIC,324,2,SBPE. CENTELLES,31,75,16
2025-26,37,LLIGA CATALANA 4 MODALITATS,1a DIVISIÓ,UNIC,324,3,"C.B. 2000 CERDANYOLA ""A""",25,74,14
2025-26,37,LLIGA CATALANA 4 MODALITATS,1a DIVISIÓ,UNIC,324,4,"SB FOMENT MOLINS ""B""",22,57,14
2025-26,37,LLIGA CATALANA 4 MODALITATS,1a DIVISIÓ,UNIC,324,5,C.B.PUNT ATAC,16,48,14
2025-26,37,LLIGA CATALANA 4 MODALITATS,1a DIVISIÓ,UNIC,324,6,"SANT ADRIÀ ""B""",14,51,14
2025-26,37,LLIGA CATALANA 4 MODALITATS,1a DIVISIÓ,UNIC,324,7,"C.B. SANTS ""B""",10,37,16
2025-26,37,LLIGA CATALANA 4 MODALITATS,1a DIVISIÓ,UNIC,324,8,S.B.CORAL COLON,4,36,14
2025-26,37,LLIGA CATALANA 4 MODALITATS,2a DIVISIÓ,FINAL 2a DIVISIÓ,328,1,C.B.LLIÇÀ D-AMUNT,0,2,1
2025-26,37,LLIGA CATALANA 4 MODALITATS,2a DIVISIÓ,FINAL 2a DIVISIÓ,328,2,C.B.VIC,0,2,1
2025-26,37,LLIGA CATALANA 4 MODALITATS,2a DIVISIÓ,GRUP A,326,1,"C.B. CANET ""A""",20,55,14
2025-26,37,LLIGA CATALANA 4 MODALITATS,2a DIVISIÓ,GRUP A,326,2,C.B. VILANOVA,18,55,14
2025-26,37,LLIGA CATALANA 4 MODALITATS,2a DIVISIÓ,GRUP A,326,3,"C.B. CANET ""B""",15,46,14
2025-26,37,LLIGA CATALANA 4 MODALITATS,2a DIVISIÓ,GRUP A,326,4,"C.B.LLEIDA ""B""",7,34,14
2025-26,37,LLIGA CATALANA 4 MODALITATS,2a DIVISIÓ,GRUP A,326,5,"C.B. 2000 CERDANYOLA ""B""",3,23,14
2025-26,37,LLIGA CATALANA 4 MODALITATS,2a DIVISIÓ,GRUP B,327,1,C.B.SANT FELIU,16,46,14
2025-26,37,LLIGA CATALANA 4 MODALITATS,2a DIVISIÓ,GRUP B,327,2,C.B. MATARÓ,14,48,14
2025-26,37,LLIGA CATALANA 4 MODALITATS,2a DIVISIÓ,GRUP B,327,3,"C.B PRAT ""B""",14,43,14
2025-26,37,LLIGA CATALANA 4 MODALITATS,2a DIVISIÓ,GRUP B,327,4,"C.B. LLINARS ""B""",9,34,14
2025-26,37,LLIGA CATALANA 4 MODALITATS,2a DIVISIÓ,GRUP B,327,5,"CASAL DE CERVERA ""C""",8,34,14
2025-26,37,LLIGA CATALANA 4 MODALITATS,HONOR,PROMOCIONS,337,1,SBPE. CENTELLES,2,8,2
2025-26,37,LLIGA CATALANA 4 MODALITATS,HONOR,PROMOCIONS,337,2,"C.B. LLINARS ""A""",2,8,2
2025-26,37,LLIGA CATALANA 4 MODALITATS,HONOR,UNIC,325,1,"CASAL DE CERVERA ""A""",34,78,14
2025-26,37,LLIGA CATALANA 4 MODALITATS,HONOR,UNIC,325,2,"SB FOMENT MOLINS ""A""",28,70,14
2025-26,37,LLIGA CATALANA 4 MODALITATS,HONOR,UNIC,325,3,"C.B. SANTS ""A""",25,73,14
2025-26,37,LLIGA CATALANA 4 MODALITATS,HONOR,UNIC,325,4,"C.B.LLEIDA ""A""",23,62,14
2025-26,37,LLIGA CATALANA 4 MODALITATS,HONOR,UNIC,325,5,"SANT ADRIÀ ""A""",17,54,14
2025-26,37,LLIGA CATALANA 4 MODALITATS,HONOR,UNIC,325,6,"C.B. TARRAGONA ""A""",16,49,14
2025-26,37,LLIGA CATALANA 4 MODALITATS,HONOR,UNIC,325,7,"C.B. LLINARS ""A""",11,49,16
2025-26,37,LLIGA CATALANA 4 MODALITATS,HONOR,UNIC,325,8,"C.B PRAT ""A""",3,21,14
2026-27,38,Lliga Catalana Tres Bandes,1a DIVISIÓ,GRUP A,345,1,"C.B. MONFORTE ""C""",3,7,1
2026-27,38,Lliga Catalana Tres Bandes,1a DIVISIÓ,GRUP A,345,2,"C.B. MONT-ROIG ""B""",3,6,1
2026-27,38,Lliga Catalana Tres Bandes,1a DIVISIÓ,GRUP A,345,3,"S.B. LA UNIÓ CORAL ""A""",3,6,1
2026-27,38,Lliga Catalana Tres Bandes,1a DIVISIÓ,GRUP A,345,4,"C.B. PRAT ""A""",1,4,1
2026-27,38,Lliga Catalana Tres Bandes,1a DIVISIÓ,GRUP A,345,5,C.B. 2000 CERDANYOLA “A”,1,4,1
2026-27,38,Lliga Catalana Tres Bandes,1a DIVISIÓ,GRUP A,345,6,"C.B. SANTS ""B""",0,2,1
2026-27,38,Lliga Catalana Tres Bandes,1a DIVISIÓ,GRUP A,345,7,"SBPE. CENTELLES ""A""",0,2,1
2026-27,38,Lliga Catalana Tres Bandes,1a DIVISIÓ,GRUP A,345,8,C.B. ALBA,0,1,1
2026-27,38,Lliga Catalana Tres Bandes,1a DIVISIÓ,GRUP B,346,1,"S.B. LA GRAN PENYA ""A""",4,12,2
2026-27,38,Lliga Catalana Tres Bandes,1a DIVISIÓ,GRUP B,346,2,"C.B. MATARÓ ""B""",4,12,2
2026-27,38,Lliga Catalana Tres Bandes,1a DIVISIÓ,GRUP B,346,3,"C.B. SANTS ""A""",3,8,1
2026-27,38,Lliga Catalana Tres Bandes,1a DIVISIÓ,GRUP B,346,4,"C.B. BANYOLES ""A""",3,8,1
2026-27,38,Lliga Catalana Tres Bandes,1a DIVISIÓ,GRUP B,346,5,C. B. MOLLET “B”,0,0,1
2026-27,38,Lliga Catalana Tres Bandes,1a DIVISIÓ,GRUP B,346,6,"C.B. CANET ""A""",0,0,1
2026-27,38,Lliga Catalana Tres Bandes,1a DIVISIÓ,GRUP B,346,7,"C.B. MANRESA ""A""",0,0,1
2026-27,38,Lliga Catalana Tres Bandes,1a DIVISIÓ,GRUP B,346,8,"C.B. SANT ADRIÀ ""C""",0,0,1
2026-27,38,Lliga Catalana Tres Bandes,2a DIVISIÓ,GRUP A,347,1,"C.B. LLEIDA ""B""",3,8,1
2026-27,38,Lliga Catalana Tres Bandes,2a DIVISIÓ,GRUP A,347,2,"S. C. CORAL COLÓN ""A""",3,8,1
2026-27,38,Lliga Catalana Tres Bandes,2a DIVISIÓ,GRUP A,347,3,"C.B. BANYOLES ""B""",3,6,1
2026-27,38,Lliga Catalana Tres Bandes,2a DIVISIÓ,GRUP A,347,4,C.B. 2000 CERDANYOLA “B”,3,5,1
2026-27,38,Lliga Catalana Tres Bandes,2a DIVISIÓ,GRUP A,347,5,"C.B. LLIÇÀ ""A""",0,3,1
2026-27,38,Lliga Catalana Tres Bandes,2a DIVISIÓ,GRUP A,347,6,"SB FOMENT MOLINS ""B""",0,2,1
2026-27,38,Lliga Catalana Tres Bandes,2a DIVISIÓ,GRUP A,347,7,"C.B. BLANES ""A""",0,0,1
2026-27,38,Lliga Catalana Tres Bandes,2a DIVISIÓ,GRUP A,347,8,"C.B. SANTS ""C""",0,0,1
2026-27,38,Lliga Catalana Tres Bandes,2a DIVISIÓ,GRUP B,348,1,C.B. TARRAGONA,3,8,1
2026-27,38,Lliga Catalana Tres Bandes,2a DIVISIÓ,GRUP B,348,2,"C.B. BARCELONA ""B""",3,8,1
2026-27,38,Lliga Catalana Tres Bandes,2a DIVISIÓ,GRUP B,348,3,"C.B. VIC ""A""",3,8,1
2026-27,38,Lliga Catalana Tres Bandes,2a DIVISIÓ,GRUP B,348,4,C.B. PREMIÀ,3,7,1
2026-27,38,Lliga Catalana Tres Bandes,2a DIVISIÓ,GRUP B,348,5,"C.B. SANT BOI ""B""",0,1,1
2026-27,38,Lliga Catalana Tres Bandes,2a DIVISIÓ,GRUP B,348,6,"C.B. LLINARS ""B""",0,0,1
2026-27,38,Lliga Catalana Tres Bandes,2a DIVISIÓ,GRUP B,348,7,"C.B. CARDONA ""A""",0,0,1
2026-27,38,Lliga Catalana Tres Bandes,2a DIVISIÓ,GRUP B,348,8,"SB FOMENT MOLINS ""C""",0,0,1
2026-27,38,Lliga Catalana Tres Bandes,3a DIVISIÓ,GRUP A,349,1,S.B.GEiEG,3,8,1
2026-27,38,Lliga Catalana Tres Bandes,3a DIVISIÓ,GRUP A,349,2,"C.B. LLINARS ""C""",3,6,1
2026-27,38,Lliga Catalana Tres Bandes,3a DIVISIÓ,GRUP A,349,3,"C.B. MONFORTE ""D""",1,4,1
2026-27,38,Lliga Catalana Tres Bandes,3a DIVISIÓ,GRUP A,349,4,"B.C. GRANOLLERS ""C""",1,4,1
2026-27,38,Lliga Catalana Tres Bandes,3a DIVISIÓ,GRUP A,349,5,"C.B. SANT BOI ""C""",1,4,1
2026-27,38,Lliga Catalana Tres Bandes,3a DIVISIÓ,GRUP A,349,6,"C.B. LLIÇÀ ""B""",1,4,1
2026-27,38,Lliga Catalana Tres Bandes,3a DIVISIÓ,GRUP A,349,7,"C.B. PRAT ""B""",0,2,1
2026-27,38,Lliga Catalana Tres Bandes,3a DIVISIÓ,GRUP A,349,8,"C.B. SANTS ""D""",0,0,1
2026-27,38,Lliga Catalana Tres Bandes,3a DIVISIÓ,GRUP B,350,1,B. EL MASNOU,3,8,1
2026-27,38,Lliga Catalana Tres Bandes,3a DIVISIÓ,GRUP B,350,2,"S.B.ESPLUGUES L'AVENÇ ""A""",3,8,1
2026-27,38,Lliga Catalana Tres Bandes,3a DIVISIÓ,GRUP B,350,3,"C.B. CANET ""B""",3,8,1
2026-27,38,Lliga Catalana Tres Bandes,3a DIVISIÓ,GRUP B,350,4,"S.B. LA GRAN PENYA ""B""",1,4,1
2026-27,38,Lliga Catalana Tres Bandes,3a DIVISIÓ,GRUP B,350,5,"C.B. SANT ADRIÀ ""D""",1,4,1
2026-27,38,Lliga Catalana Tres Bandes,3a DIVISIÓ,GRUP B,350,6,"B.C. GRANOLLERS ""D""",0,0,1
2026-27,38,Lliga Catalana Tres Bandes,3a DIVISIÓ,GRUP B,350,7,"SBPE. CENTELLES ""B""",0,0,1
2026-27,38,Lliga Catalana Tres Bandes,3a DIVISIÓ,GRUP B,350,8,"C.B. MATARÓ ""C""",0,0,1
2026-27,38,Lliga Catalana Tres Bandes,4a DIVISIÓ,GRUP A,351,1,"S.B. LA UNIÓ CORAL ""B""",3,8,1
2026-27,38,Lliga Catalana Tres Bandes,4a DIVISIÓ,GRUP A,351,2,C.B. VILANOVA,3,8,2
2026-27,38,Lliga Catalana Tres Bandes,4a DIVISIÓ,GRUP A,351,3,"C.B. SANTS ""E""",3,6,1
2026-27,38,Lliga Catalana Tres Bandes,4a DIVISIÓ,GRUP A,351,4,C.B PUNT D'ATAC,1,4,1
2026-27,38,Lliga Catalana Tres Bandes,4a DIVISIÓ,GRUP A,351,5,"C.B. SANT FELIU ""A""",1,4,1
2026-27,38,Lliga Catalana Tres Bandes,4a DIVISIÓ,GRUP A,351,6,"B.C. GRANOLLERS ""E""",0,2,2
2026-27,38,Lliga Catalana Tres Bandes,4a DIVISIÓ,GRUP A,351,7,"C.B. SANT ADRIÀ ""E""",0,0,1
2026-27,38,Lliga Catalana Tres Bandes,4a DIVISIÓ,GRUP B,352,1,"C.B. MATARÓ ""D""",3,6,1
2026-27,38,Lliga Catalana Tres Bandes,4a DIVISIÓ,GRUP B,352,2,C.B.BORGES,3,6,1
2026-27,38,Lliga Catalana Tres Bandes,4a DIVISIÓ,GRUP B,352,3,"C.B. MONFORTE ""E""",3,5,1
2026-27,38,Lliga Catalana Tres Bandes,4a DIVISIÓ,GRUP B,352,4,"C.B. SANT FELIU ""B""",1,4,1
2026-27,38,Lliga Catalana Tres Bandes,4a DIVISIÓ,GRUP B,352,5,"C.B. LLINARS ""D""",1,4,1
2026-27,38,Lliga Catalana Tres Bandes,4a DIVISIÓ,GRUP B,352,6,"C.B. MONT-ROIG ""D""",0,3,1
2026-27,38,Lliga Catalana Tres Bandes,4a DIVISIÓ,GRUP B,352,7,"S.B. LA UNIÓ CORAL ""C""",0,2,1
2026-27,38,Lliga Catalana Tres Bandes,4a DIVISIÓ,GRUP B,352,8,"C.B. BANYOLES ""D""",0,2,1
2026-27,38,Lliga Catalana Tres Bandes,4a DIVISIÓ,GRUP C,353,1,"S. C. CORAL COLÓN ""B""",3,8,1
2026-27,38,Lliga Catalana Tres Bandes,4a DIVISIÓ,GRUP C,353,2,"C.B. CARDONA ""B""",3,6,1
2026-27,38,Lliga Catalana Tres Bandes,4a DIVISIÓ,GRUP C,353,3,"S.B.ESPLUGUES L'AVENÇ ""B""",3,6,1
2026-27,38,Lliga Catalana Tres Bandes,4a DIVISIÓ,GRUP C,353,4,"C.B. MATARÓ ""E""",0,2,1
2026-27,38,Lliga Catalana Tres Bandes,4a DIVISIÓ,GRUP C,353,5,"C.B. MANRESA ""B""",0,2,1
2026-27,38,Lliga Catalana Tres Bandes,4a DIVISIÓ,GRUP C,353,6,"C.B. CANET ""C""",0,0,1
2026-27,38,Lliga Catalana Tres Bandes,4a DIVISIÓ,GRUP C,353,7,"C.B. VIC ""B""",0,0,1
2026-27,38,Lliga Catalana Tres Bandes,4a DIVISIÓ,GRUP D,354,1,"S.B. LA GRAN PENYA ""C""",3,6,1
2026-27,38,Lliga Catalana Tres Bandes,4a DIVISIÓ,GRUP D,354,2,C.B. 2000 CERDANYOLA “C”,1,4,1
2026-27,38,Lliga Catalana Tres Bandes,4a DIVISIÓ,GRUP D,354,3,C.B. MATADEPERA,1,4,1
2026-27,38,Lliga Catalana Tres Bandes,4a DIVISIÓ,GRUP D,354,4,"C.B. BANYOLES ""C""",1,4,1
2026-27,38,Lliga Catalana Tres Bandes,4a DIVISIÓ,GRUP D,354,5,"C.B. LLEIDA ""C""",1,4,1
2026-27,38,Lliga Catalana Tres Bandes,4a DIVISIÓ,GRUP D,354,6,"C.B. MONT-ROIG ""C""",0,2,1
2026-27,38,Lliga Catalana Tres Bandes,4a DIVISIÓ,GRUP D,354,7,"C.B. BLANES ""B""",0,0,1
2026-27,38,Lliga Catalana Tres Bandes,HONOR,GRUP A,343,1,"C.B. MONFORTE ""A""",3,10,2
2026-27,38,Lliga Catalana Tres Bandes,HONOR,GRUP A,343,2,"B.C. GRANOLLERS ""B""",3,8,1
2026-27,38,Lliga Catalana Tres Bandes,HONOR,GRUP A,343,3,"C.B. MONT-ROIG ""A""",3,6,1
2026-27,38,Lliga Catalana Tres Bandes,HONOR,GRUP A,343,4,"C.B. SANT ADRIÀ ""A""",3,6,1
2026-27,38,Lliga Catalana Tres Bandes,HONOR,GRUP A,343,5,"C.B. MATARÓ ""A""",3,5,1
2026-27,38,Lliga Catalana Tres Bandes,HONOR,GRUP A,343,6,"C.B. LLEIDA ""A""",0,3,1
2026-27,38,Lliga Catalana Tres Bandes,HONOR,GRUP A,343,7,B. C. OLESA,0,2,2
2026-27,38,Lliga Catalana Tres Bandes,HONOR,GRUP A,343,8,"C.B. SANT BOI ""A""",0,0,1
2026-27,38,Lliga Catalana Tres Bandes,HONOR,GRUP B,344,1,C. B. MOLLET “A”,3,8,1
2026-27,38,Lliga Catalana Tres Bandes,HONOR,GRUP B,344,2,"B.C. GRANOLLERS ""A""",3,8,1
2026-27,38,Lliga Catalana Tres Bandes,HONOR,GRUP B,344,3,"C.B. BARCELONA ""A""",3,7,1
2026-27,38,Lliga Catalana Tres Bandes,HONOR,GRUP B,344,4,"C.B. LLINARS ""A""",3,6,1
2026-27,38,Lliga Catalana Tres Bandes,HONOR,GRUP B,344,5,"SB FOMENT MOLINS ""A""",0,2,1
2026-27,38,Lliga Catalana Tres Bandes,HONOR,GRUP B,344,6,"C.B. SANT ADRIÀ ""B""",0,1,1
2026-27,38,Lliga Catalana Tres Bandes,HONOR,GRUP B,344,7,S.B. CASAL CERVERA,0,0,1
2026-27,38,Lliga Catalana Tres Bandes,HONOR,GRUP B,344,8,"C.B. MONFORTE ""B""",0,0,1
2026-27,39,Lliga Catalana 4 Modalitats,1a Divisió,Únic,342,1,S.B.P.E. CENTELLES,0,0,0
2026-27,39,Lliga Catalana 4 Modalitats,1a Divisió,Únic,342,2,"C.B. SANT ADRIÀ ""B""",0,0,0
2026-27,39,Lliga Catalana 4 Modalitats,1a Divisió,Únic,342,3,"C.B. MONT-ROIG ""A""",0,0,0
2026-27,39,Lliga Catalana 4 Modalitats,1a Divisió,Únic,342,4,C.B PRAT,0,0,0
2026-27,39,Lliga Catalana 4 Modalitats,1a Divisió,Únic,342,5,"C.B. SANTS ""B""",0,0,0
2026-27,39,Lliga Catalana 4 Modalitats,1a Divisió,Únic,342,6,C.B PUNT D'ATAC,0,0,0
2026-27,39,Lliga Catalana 4 Modalitats,1a Divisió,Únic,342,7,"S.B. FOMENT MOLINS ""B""",0,0,0
2026-27,39,Lliga Catalana 4 Modalitats,1a Divisió,Únic,342,8,"C.B. 2000 CERDANYOLA ""A""",0,0,0
2026-27,39,Lliga Catalana 4 Modalitats,2a Divisió,GRUP A,356,1,S. C. CORAL COLÓN,3,8,1
2026-27,39,Lliga Catalana 4 Modalitats,2a Divisió,GRUP A,356,2,B.C. GRANOLLERS,0,0,0
2026-27,39,Lliga Catalana 4 Modalitats,2a Divisió,GRUP A,356,3,"C.B. VIC ""B""",0,0,1
2026-27,39,Lliga Catalana 4 Modalitats,2a Divisió,GRUP A,356,4,C.B. SANT FELIU,0,0,0
2026-27,39,Lliga Catalana 4 Modalitats,2a Divisió,GRUP A,356,5,C.B. 2000 CERDANYOLA “B”,0,0,0
2026-27,39,Lliga Catalana 4 Modalitats,2a Divisió,GRUP A,356,6,C.B. CANET,0,0,0
2026-27,39,Lliga Catalana 4 Modalitats,2a Divisió,GRUP B,357,1,C.B. 2000 CERDANYOLA “C”,0,0,0
2026-27,39,Lliga Catalana 4 Modalitats,2a Divisió,GRUP B,357,2,"C.B. MONT-ROIG ""B""",0,0,0
2026-27,39,Lliga Catalana 4 Modalitats,2a Divisió,GRUP B,357,3,"C.B. VIC ""A""",0,0,0
2026-27,39,Lliga Catalana 4 Modalitats,2a Divisió,GRUP B,357,4,"S.B. CASAL CERVERA ""C""",0,0,0
2026-27,39,Lliga Catalana 4 Modalitats,2a Divisió,GRUP B,357,5,C.B. LLIÇÀ,0,0,0
2026-27,39,Lliga Catalana 4 Modalitats,2a Divisió,GRUP B,357,6,C.B. VILANOVA,0,0,0
2026-27,39,Lliga Catalana 4 Modalitats,Honor,UNIC,355,1,"C.B. SANTS ""A""",0,0,0
2026-27,39,Lliga Catalana 4 Modalitats,Honor,UNIC,355,2,"S.B. FOMENT MOLINS ""A""",0,0,0
2026-27,39,Lliga Catalana 4 Modalitats,Honor,UNIC,355,3,C.B. LLINARS,0,0,0
2026-27,39,Lliga Catalana 4 Modalitats,Honor,UNIC,355,4,"S.B. CASAL CERVERA ""A""",0,0,0
2026-27,39,Lliga Catalana 4 Modalitats,Honor,UNIC,355,5,"C.B. SANT ADRIÀ ""A""",0,0,0
2026-27,39,Lliga Catalana 4 Modalitats,Honor,UNIC,355,6,"S.B. CASAL CERVERA ""B""",0,0,0
2026-27,39,Lliga Catalana 4 Modalitats,Honor,UNIC,355,7,C.B. TARRAGONA,0,0,0
2026-27,39,Lliga Catalana 4 Modalitats,Honor,UNIC,355,8,C.B. LLEIDA,0,0,0
