jugador_id,nom,nom_bonic,jugador_fcb_id,club_actual,temporada_club_actual,monforte_actual,monforte_alguna_vegada,historial_clubs
abegon-fortet-david,"ABEGÓN FORTET, DAVID","Abegón Fortet, David",,MONFORTE,2017-18,False,True,2017-18: MONFORTE
abellan-aviles-josep,"ABELLAN AVILES, JOSEP","Abellan Aviles, Josep",,02 MONFORTE,2014-15,False,True,2014-15: 02 MONFORTE
abizanda-soler-ignacio,"ABIZANDA SOLER, IGNACIO","Abizanda Soler, Ignacio",,CASAL CERVERA,2025-26,False,False,2016-17: LLEIDA; 2017-18: LLEIDA; 2018-19: LLEIDA; 2019-20: LLEIDA; 2020-21: LLEIDA; 2021-22: LLEIDA; 2022-23: LLEIDA; 2023-24: LLEIDA; 2024-25: LLEIDA; 2025-26: CASAL CERVERA
aced-quilez-luis,"ACED QUILEZ, LUIS","Aced Quilez, Luis",1668,LLINARS,2026-27,False,False,2025-26: LLINARS; 2026-27: LLINARS
acosta-cano-jose-cruz,"ACOSTA CANO, JOSÉ CRUZ","Acosta Cano, José Cruz",81,MOLLET,2026-27,False,False,2014-15: 02 MOLLET; 2015-16: MOLLET; 2016-17: MOLLET; 2017-18: MOLLET; 2018-19: MOLLET; 2019-20: MOLLET; 2020-21: MOLLET; 2021-22: MOLLET; 2022-23: MOLLET; 2023-24: MOLLET; 2024-25: MOLLET; 2025-26: MOLLET; 2026-27: MOLLET
adell-casarramona-pere,"ADELL CASARRAMONA, PERE","Adell Casarramona, Pere",578,MONFORTE,2026-27,True,True,2014-15: 04 MONFORTE; 2015-16: MONFORTE; 2016-17: MONFORTE; 2017-18: MONFORTE; 2018-19: MONFORTE; 2019-20: MONFORTE; 2020-21: MONFORTE; 2021-22: MONFORTE; 2022-23: MONFORTE; 2023-24: MONFORTE; 2024-25: MONFORTE; 2025-26: MONFORTE; 2026-27: MONFORTE
aguilar-fayos-enric,"AGUILAR FAYOS, ENRIC","Aguilar Fayos, Enric",,CAP,2016-17,False,False,2014-15: 07 OLESA; 2015-16: FOMENT MOLINS; 2016-17: CAP
aguilar-sala-ramon,"AGUILAR SALA, RAMÓN","Aguilar Sala, Ramón",84,BANYOLES,2026-27,False,False,2014-15: 07 BANYOLES; 2015-16: BANYOLES; 2016-17: VIC; 2017-18: VIC; 2018-19: VIC; 2019-20: CASINO OLOTI; 2020-21: CANET; 2021-22: VIC; 2022-23: VIC; 2023-24: VIC; 2024-25: VIC; 2025-26: BANYOLES; 2026-27: BANYOLES
aguilar-serra-jordi,"AGUILAR SERRA, JORDI","Aguilar Serra, Jordi",2228,CENTELLES,2026-27,False,False,2021-22: CENTELLES; 2022-23: CENTELLES; 2023-24: CENTELLES; 2024-25: CENTELLES; 2025-26: CENTELLES; 2026-27: CENTELLES
aguilera-buenosvinos-jose-manuel,"AGUILERA BUENOSVINOS, JOSÉ MANUEL","Aguilera Buenosvinos, José Manuel",,CENTELLES,2025-26,False,False,2014-15: CENTELLES; 2015-16: CENTELLES; 2016-17: CENTELLES; 2017-18: CENTELLES; 2018-19: CENTELLES; 2019-20: CENTELLES; 2021-22: CENTELLES; 2022-23: CENTELLES; 2023-24: CENTELLES; 2024-25: CENTELLES; 2025-26: CENTELLES
aguilera-torres-juan-antonio,"AGUILERA TORRES, JUAN ANTONIO","Aguilera Torres, Juan Antonio",2439,2000 CERDANYOLA,2026-27,False,True,2023-24: MONFORTE; 2024-25: MONFORTE; 2025-26: 2000 CERDANYOLA; 2026-27: 2000 CERDANYOLA
aguilo-andreu-miguel,"AGUILÓ ANDREU, MIGUEL","Aguiló Andreu, Miguel",2408,B EL MASNOU,2025-26,False,False,2025-26: B EL MASNOU
agullo-taboas-josep,"AGULLO TABOAS, JOSEP","Agullo Taboas, Josep",85,LA UNIO CORAL,2026-27,False,False,2014-15: 06 LA UNIO CORAL; 2015-16: LA UNIO CORAL; 2016-17: UNIO CORAL; 2017-18: UNIO CORAL; 2018-19: UNIO CORAL; 2019-20: UNIO CORAL; 2021-22: B UNIO CORAL; 2022-23: B LA UNIO CORAL; 2023-24: B LA UNIO CORAL; 2024-25: B LA UNIO CORAL; 2025-26: LA UNIO CORAL; 2026-27: LA UNIO CORAL
agut-bonsfills-ramon,"AGUT BONSFILLS, RAMON","Agut Bonsfills, Ramon",1204,MATADEPERA,2026-27,False,False,2014-15: MATADEPERA; 2015-16: MATADEPERA; 2016-17: MATADEPERA; 2017-18: MATADEPERA; 2018-19: MATADEPERA; 2019-20: MATADEPERA; 2020-21: MATADEPERA; 2021-22: MATADEPERA; 2022-23: CERDANYOLA; 2023-24: 2000 CERDANYOLA; 2024-25: 2000 CERDANYOLA; 2025-26: 2000 CERDANYOLA; 2026-27: MATADEPERA
alarcon-galisteo-francesc,"ALARCÓN GALISTEO, FRANCESC","Alarcón Galisteo, Francesc",581,2000 CERDANYOLA,2026-27,False,False,2014-15: 06 DANY ELLS; 2015-16: DANY ELLS; 2016-17: DANY'ELLS; 2017-18: DANY ELLS; 2018-19: DANY ELLS; 2019-20: GRANOLLERS; 2021-22: SANT FELIU; 2026-27: 2000 CERDANYOLA
alberich-sanchez-vicente,"ALBERICH SÁNCHEZ, VICENTE","Alberich Sánchez, Vicente",87,MONT ROIG,2026-27,False,False,2014-15: 07 SANT BOI; 2015-16: SANT BOI; 2016-17: SANT BOI; 2017-18: SANT BOI; 2018-19: SANT BOI; 2019-20: SANT BOI; 2021-22: SANT BOI; 2022-23: SANT BOI; 2023-24: SANT BOI; 2024-25: SANT BOI; 2025-26: SANT BOI; 2026-27: MONT ROIG
alcaide-tellez-pere,"ALCAIDE TELLEZ, PERE","Alcaide Tellez, Pere",,06 GRANOLLERS,2014-15,False,False,2014-15: 06 GRANOLLERS
alcoberro-melero-david,"ALCOBERRO MELERO, DAVID","Alcoberro Melero, David",,MONFORTE,2022-23,False,True,2018-19: MONFORTE; 2019-20: MONFORTE; 2020-21: MONFORTE; 2021-22: MONFORTE; 2022-23: MONFORTE
alconchel-cabrera-jose,"ALCONCHEL CABRERA, JOSÉ","Alconchel Cabrera, José",2753,CARDONA,2026-27,False,False,2026-27: CARDONA
alemany-burch-salvador,"ALEMANY BURCH, SALVADOR","Alemany Burch, Salvador",2478,BANYOLES,2023-24,False,False,2023-24: BANYOLES
alemany-graus-gabriel,"ALEMANY GRAUS, GABRIEL","Alemany Graus, Gabriel",,,,False,False,
alemany-ros-leandro,"ALEMANY ROS, LEANDRO","Alemany Ros, Leandro",1187,CANET DE MAR,2026-27,False,False,2014-15: VIC; 2015-16: VIC; 2016-17: VIC; 2017-18: VIC; 2018-19: VIC; 2019-20: VIC; 2020-21: VIC; 2021-22: VIC; 2022-23: CANET AMISTAT; 2023-24: CANET; 2024-25: CANET; 2025-26: CANET; 2026-27: CANET DE MAR
algaba-castro-jose,"ALGABA CASTRO, JOSÉ","Algaba Castro, José",,CAP,2025-26,False,False,2014-15: VIC; 2015-16: VIC; 2016-17: VIC; 2017-18: MANRESA; 2018-19: MANRESA; 2019-20: MANRESA; 2020-21: VIC; 2021-22: VIC; 2022-23: VIC; 2023-24: VIC; 2024-25: VIC; 2025-26: CAP
alias-gonzalez-joan-antoni,"ALIAS GONZÁLEZ, JOAN ANTONI","Alias González, Joan Antoni",,LLINARS,2018-19,False,False,2014-15: 05 LLINARS; 2015-16: LLINARS; 2016-17: LLINARS; 2017-18: LLINARS; 2018-19: LLINARS
almendros-ballesteros-francesc,"ALMENDROS BALLESTEROS, FRANCESC","Almendros Ballesteros, Francesc",,SANT ADRIA,2015-16,False,False,2015-16: SANT ADRIA
almendros-lupianez-francisco,"ALMENDROS LUPIAÑEZ, FRANCISCO","Almendros Lupiañez, Francisco",,03 BLANES,2014-15,False,False,2014-15: 03 BLANES
almiron-gomez-josep,"ALMIRÓN GÓMEZ, JOSEP","Almirón Gómez, Josep",,,,False,False,
alonso-salinas-diego,"ALONSO SALINAS, DIEGO","Alonso Salinas, Diego",,CANET DE MAR,2019-20,False,False,2019-20: CANET DE MAR
alonso-sanchez-jose-antonio,"ALONSO SÁNCHEZ, JOSÉ ANTONIO","Alonso Sánchez, José Antonio",,,,False,False,
alsina-casas-xavier,"ALSINA CASAS, XAVIER","Alsina Casas, Xavier",,,,False,False,
alsina-planella-pere,"ALSINA PLANELLA, PERE","Alsina Planella, Pere",,CASINO OLOTI,2019-20,False,False,2014-15: 07 BANYOLES; 2015-16: VIC; 2016-17: VIC; 2017-18: VIC; 2019-20: CASINO OLOTI
alvarez-alvarez-alejandro,"ÁLVAREZ ÁLVAREZ, ALEJANDRO","Álvarez Álvarez, Alejandro",96,LLEIDA,2026-27,False,False,2014-15: 02 LLEIDA; 2015-16: LLEIDA; 2016-17: LLEIDA; 2017-18: LLEIDA; 2018-19: LLEIDA; 2019-20: LLEIDA; 2020-21: LLEIDA; 2021-22: LLEIDA; 2022-23: LLEIDA; 2023-24: LLEIDA; 2024-25: LLEIDA; 2025-26: LLEIDA; 2026-27: LLEIDA
alvarez-buylla-pascual-ramon,"ÁLVAREZ-BUYLLA PASCUAL, RAMÓN","Álvarez-Buylla Pascual, Ramón",98,BLANES,2026-27,False,False,2014-15: 03 BLANES; 2015-16: BLANES; 2016-17: BLANES; 2017-18: BLANES; 2018-19: BLANES; 2019-20: BLANES; 2020-21: BLANES; 2021-22: BLANES; 2022-23: BLANES; 2023-24: BLANES; 2024-25: BLANES; 2025-26: BLANES; 2026-27: BLANES
alvarez-fernandez-manuel,"ÁLVAREZ FERNÁNDEZ, MANUEL","Álvarez Fernández, Manuel",2651,VILANOVA,2025-26,False,False,2025-26: VILANOVA
alves-da-cunha-david-m,"ALVES DA CUNHA, DAVID M.","Alves Da Cunha, David M.",588,LLINARS,2026-27,False,False,2015-16: MOLLET; 2016-17: MOLLET; 2018-19: LLINARS; 2019-20: LLINARS; 2020-21: MOLLET; 2021-22: LLINARS; 2022-23: LLINARS; 2023-24: LLINARS; 2024-25: LLINARS; 2025-26: LLINARS; 2026-27: LLINARS
amado-gamboa-javier-ignacio,"AMADO GAMBOA, JAVIER IGNACIO","Amado Gamboa, Javier Ignacio",1977,OLESA,2026-27,False,False,2019-20: OLESA; 2022-23: OLESA; 2023-24: OLESA; 2024-25: OLESA; 2025-26: OLESA; 2026-27: OLESA
amado-gamboa-jose-manuel,"AMADO GAMBOA, JOSE MANUEL","Amado Gamboa, Jose Manuel",589,OLESA,2026-27,False,False,2014-15: 07 OLESA; 2015-16: OLESA; 2016-17: OLESA; 2017-18: OLESA; 2018-19: OLESA; 2019-20: OLESA; 2022-23: OLESA; 2023-24: OLESA; 2024-25: OLESA; 2025-26: OLESA; 2026-27: OLESA
amador-amaya-antonio,"AMADOR AMAYA, ANTONIO","Amador Amaya, Antonio",,CORAL COLON,2017-18,False,False,2017-18: CORAL COLON
amell-amell-jordi,"AMELL AMELL, JORDI","Amell Amell, Jordi",99,LA GRAN PENYA,2026-27,False,False,2026-27: LA GRAN PENYA
amell-montaner-amalio,"AMELL MONTANER, AMALIO","Amell Montaner, Amalio",,LA GRAN PENYA,2015-16,False,False,2014-15: LA GRAN PENYA; 2015-16: LA GRAN PENYA
ametller-congost-lluis,"AMETLLER CONGOST, LLUIS","Ametller Congost, Lluis",591,BANYOLES,2026-27,False,False,2014-15: 07 BANYOLES; 2015-16: BANYOLES; 2016-17: BANYOLES; 2017-18: BANYOLES; 2018-19: BANYOLES; 2019-20: BANYOLES; 2021-22: BANYOLES; 2022-23: BANYOLES; 2023-24: BANYOLES; 2024-25: BANYOLES; 2025-26: BANYOLES; 2026-27: BANYOLES
amigo-barberan-joaquim,"AMIGÓ BARBERÁN, JOAQUIM","Amigó Barberán, Joaquim",1772,SANT ADRIA,2026-27,False,False,2023-24: SANT ADRIA; 2024-25: SANT ADRIA; 2025-26: SANTA ADRIA; 2026-27: SANT ADRIA
amoretti-vidal-lluis,"AMORETTI VIDAL, LLUIS","Amoretti Vidal, Lluis",101,CANET DE MAR,2026-27,False,False,2020-21: CANET; 2021-22: CANET; 2022-23: CANET; 2023-24: CANET; 2024-25: CANET; 2025-26: CANET; 2026-27: CANET DE MAR
andres-auladell-lluis,"ANDRÉS AULADELL, LLUIS","Andrés Auladell, Lluis",1566,B EL MASNOU,2025-26,False,False,2018-19: EL MASNOU; 2019-20: EL MASNOU; 2020-21: ALBA; 2023-24: B EL MASNOU; 2024-25: B EL MASNOU; 2025-26: B EL MASNOU
andres-gil-rafael,"ANDRÉS GIL, RAFAEL","Andrés Gil, Rafael",,GEIEG,2021-22,False,False,2014-15: 06 BANYOLES; 2015-16: BANYOLES; 2016-17: BANYOLES; 2017-18: GEIEG; 2018-19: GEIEG; 2019-20: GEIEG; 2020-21: GEIGEG; 2021-22: GEIEG
andres-tarazona-joaquim,"ANDRÉS TARAZONA, JOAQUIM","Andrés Tarazona, Joaquim",,MATARO,2025-26,False,False,2014-15: 01 CANET; 2015-16: CANET DE MAR; 2016-17: MATARO; 2017-18: MATARO; 2018-19: MATARO; 2019-20: MATARO; 2020-21: MATARO; 2021-22: MATARO AMISTAT; 2022-23: MATARO; 2023-24: MATARO; 2024-25: MATARO; 2025-26: MATARO
andreu-jordi,"ANDREU, JORDI","Andreu, Jordi",2543,ESPLUGUES L'AVENC,2026-27,False,False,2024-25: ESPLUGUES AVENC; 2025-26: ESPLUGUES AVENC; 2026-27: ESPLUGUES L'AVENC
andreu-perez-jaume,"ANDREU PÉREZ, JAUME","Andreu Pérez, Jaume",103,F MOLINS,2026-27,False,False,2014-15: 01 FOMENT MOLINS; 2015-16: FOMENT MOLINS; 2016-17: FOMENT MOLINS; 2017-18: MOLINS; 2018-19: MOLINS; 2019-20: MOLINS; 2020-21: MOLINS; 2021-22: FOMENT MOLINS; 2022-23: MOLINS; 2023-24: GRANOLLERS; 2024-25: GRANOLLERS; 2025-26: FOMENT MOLINS; 2026-27: F MOLINS
andrino-cubino-simon,"ANDRINO CUBINO, SIMÓN","Andrino Cubino, Simón",1684,F MOLINS,2026-27,False,False,2026-27: F MOLINS
angarita-cristancho-alexander,"ANGARITA CRISTANCHO, ALEXANDER","Angarita Cristancho, Alexander",593,MONT ROIG,2026-27,False,False,2015-16: PUNT D ATAC; 2016-17: PUNT D'ATAC; 2019-20: TARRAGONA; 2020-21: TARRAGONA; 2021-22: TARRAGONA; 2022-23: TARRAGONA; 2023-24: TARRAGONA; 2024-25: MONT ROIG; 2025-26: MONT ROIG; 2026-27: MONT ROIG
angel-garcia-miguel,"ÁNGEL GARCÍA, MIGUEL","Ángel García, Miguel",2046,SANTS,2026-27,False,True,2020-21: SANTS; 2021-22: MONFORTE; 2022-23: MONFORTE; 2023-24: MONFORTE; 2024-25: MONFORTE; 2026-27: SANTS
angel-garzon-leonardo,"ANGEL GARZÓN, LEONARDO","Angel Garzón, Leonardo",2842,LA UNIO CORAL,2026-27,False,False,2026-27: LA UNIO CORAL
anghel-turmac-georgeta,"ANGHEL TURMAC, GEORGETA","Anghel Turmac, Georgeta",1129,MANRESA,2026-27,False,False,2014-15: 05 MANRESA; 2015-16: MANRESA; 2016-17: MANRESA; 2017-18: MANRESA; 2018-19: MANRESA; 2019-20: MANRESA; 2020-21: MANRESA; 2021-22: MANRESA; 2022-23: MANRESA; 2023-24: MANRESA; 2024-25: MANRESA; 2025-26: MANRESA; 2026-27: MANRESA
anillo-martin-jose-antonio,"ANILLO MARTÍN, JOSÉ ANTONIO","Anillo Martín, José Antonio",594,BLANES,2026-27,False,False,2014-15: 03 BLANES; 2015-16: BLANES; 2016-17: BLANES; 2017-18: BLANES; 2018-19: BLANES; 2019-20: BLANES; 2020-21: BLANES; 2021-22: BLANES; 2026-27: BLANES
aparicio-escudero-sergi,"APARICIO ESCUDERO, SERGI","Aparicio Escudero, Sergi",2542,EL MASNOU,2026-27,False,False,2024-25: CAP; 2025-26: B EL MASNOU; 2026-27: EL MASNOU
arau-turon-miquel,"ARAU TURÓN, MIQUEL","Arau Turón, Miquel",,CASINO OLOTI,2019-20,False,False,2019-20: CASINO OLOTI
arbiol-morera-ramon,"ARBIOL MORERA, RAMON","Arbiol Morera, Ramon",1198,LA GRAN PENYA,2026-27,False,False,2014-15: 02 BARCELONA; 2015-16: BARCELONA; 2016-17: BARCELONA; 2017-18: BARCELONA; 2018-19: BARCELONA; 2019-20: BARCELONA; 2020-21: BARCELONA; 2021-22: BARCELONA; 2022-23: BARCELONA; 2023-24: BARCELONA; 2024-25: BARCELONA; 2025-26: BARCELONA; 2026-27: LA GRAN PENYA
arcas-aracil-diego,"ARCAS ARACIL, DIEGO","Arcas Aracil, Diego",,TARRAGONA,2017-18,False,False,2014-15: 02 TARRAGONA; 2015-16: TARRAGONA; 2017-18: TARRAGONA
ardisson-vieira-dos-santos-anton,"ARDISSON VIEIRA DOS SANTOS, ANTON","Ardisson Vieira Dos Santos, Anton",596,GRANOLLERS,2026-27,False,False,2024-25: GRANOLLERS; 2025-26: GRANOLLERS; 2026-27: GRANOLLERS
argelich-arnal-joan,"ARGELICH ARNAL, JOAN","Argelich Arnal, Joan",,LLINARS,2019-20,False,False,2014-15: LLINARS; 2015-16: LLINARS; 2016-17: LLINARS; 2019-20: LLINARS
argemi-duran-miquel,"ARGEMÍ DURÁN, MIQUEL","Argemí Durán, Miquel",,MOLINS,2019-20,False,False,2014-15: 11 PUNT D'ATAC; 2016-17: ALBA; 2017-18: MOLINS; 2018-19: MOLINS; 2019-20: MOLINS
arias-herrero-jose,"ARIAS HERRERO, JOSÉ","Arias Herrero, José",1766,SANT ADRIA,2026-27,False,False,2019-20: SANT ADRIA; 2020-21: SANT ADRIA; 2021-22: SANT ADRIA; 2022-23: SANT ADRIA; 2023-24: SANT ADRIA; 2024-25: SANT ADRIA; 2025-26: SANTA ADRIA; 2026-27: SANT ADRIA
arias-sanchez-miguel,"ARIAS SÁNCHEZ, MIGUEL","Arias Sánchez, Miguel",598,MOLLET,2023-24,False,False,2014-15: 02 MOLLET; 2015-16: DANY ELLS; 2016-17: DANY'ELLS; 2017-18: MOLLET; 2018-19: MOLLET; 2019-20: MOLLET; 2020-21: MOLLET; 2021-22: MOLLET; 2023-24: MOLLET
aris-guitart-albert,"ARIS GUITART, ALBERT","Aris Guitart, Albert",1244,PUNT D'ATAC,2026-27,False,True,2015-16: MONFORTE; 2016-17: MONFORTE; 2017-18: MONFORTE; 2018-19: MONFORTE; 2019-20: MONFORTE; 2020-21: MONFORTE; 2021-22: MONFORTE; 2022-23: MONFORTE; 2023-24: MONFORTE; 2024-25: MONFORTE; 2025-26: MONFORTE; 2026-27: PUNT D'ATAC
armengol-bertran-jordi,"ARMENGOL BERTRAN, JORDI","Armengol Bertran, Jordi",599,SANTS,2026-27,False,False,2014-15: SANTS; 2015-16: SANTS; 2016-17: SANTS; 2017-18: SANTS; 2018-19: SANTS; 2019-20: BARCELONA; 2020-21: BARCELONA; 2021-22: BARCELONA; 2022-23: SANTS; 2023-24: SANTS; 2024-25: SANTS; 2025-26: SANTS; 2026-27: SANTS
armengol-ciria-oscar,"ARMENGOL CIRIA, OSCAR","Armengol Ciria, Oscar",,EL MASNOU,2019-20,False,False,2017-18: PREMIA; 2018-19: EL MASNOU; 2019-20: EL MASNOU
arnau-abilleira-aleix,"ARNAU ABILLEIRA, ALEIX","Arnau Abilleira, Aleix",1564,MONT ROIG,2026-27,False,False,2018-19: TARRAGONA; 2019-20: TARRAGONA; 2020-21: TARRAGONA; 2021-22: TARRAGONA; 2022-23: TARRAGONA; 2023-24: TARRAGONA; 2024-25: TARRAGONA; 2025-26: TARRAGONA; 2026-27: MONT ROIG
arnau-canalda-pere,"ARNAU CANALDA, PERE","Arnau Canalda, Pere",600,TARRAGONA,2025-26,False,False,2014-15: MONT ROIG; 2015-16: MONT ROIG; 2016-17: MONT ROIG; 2017-18: MONT ROIG; 2018-19: MOLINS; 2019-20: MOLINS; 2021-22: TARRAGONA; 2022-23: TARRAGONA; 2023-24: TARRAGONA; 2024-25: TARRAGONA; 2025-26: TARRAGONA
arnau-font-ricard,"ARNAU FONT, RICARD","Arnau Font, Ricard",109,TARRAGONA,2026-27,False,False,2014-15: MONT ROIG; 2015-16: MONT ROIG; 2016-17: MONT ROIG; 2017-18: MONT ROIG; 2018-19: TARRAGONA; 2019-20: TARRAGONA; 2020-21: TARRAGONA; 2021-22: TARRAGONA; 2022-23: TARRAGONA; 2023-24: TARRAGONA; 2024-25: TARRAGONA; 2025-26: TARRAGONA; 2026-27: TARRAGONA
arnau-sala-jaume,"ARNAU SALA, JAUME","Arnau Sala, Jaume",,05 MANRESA,2014-15,False,False,2014-15: 05 MANRESA
arraiza-collellmir-joaquim,"ARRAIZA COLLELLMIR, JOAQUIM","Arraiza Collellmir, Joaquim",,LLINARS,2019-20,False,False,2014-15: LLINARS; 2015-16: LLINARS; 2016-17: LLINARS; 2017-18: LLINARS; 2018-19: LLINARS; 2019-20: LLINARS
arredondo-hernandez-domingo,"ARREDONDO HERNANDEZ, DOMINGO","Arredondo Hernandez, Domingo",,F MOLINS,2014-15,False,False,2014-15: F MOLINS
arribas-garcia-pedro,"ARRIBAS GARCÍA, PEDRO","Arribas García, Pedro",1664,LLINARS,2025-26,False,False,2025-26: LLINARS
arroyo-trabal-albert,"ARROYO TRABAL, ALBERT","Arroyo Trabal, Albert",,CENTELLES,2015-16,False,False,2014-15: 05 CENTELLES; 2015-16: CENTELLES
artigas-bentanachs-xavier,"ARTIGAS BENTANACHS, XAVIER","Artigas Bentanachs, Xavier",601,SANTS,2026-27,False,False,2014-15: 04 SANTS; 2015-16: SANTS; 2016-17: SANTS; 2017-18: SANTS; 2018-19: SANTS; 2019-20: SANTS; 2020-21: SANTS; 2021-22: SANTS; 2022-23: SANTS; 2023-24: SANTS; 2024-25: SANTS; 2025-26: SANTS; 2026-27: SANTS
arzumanyan-manvel,"ARZUMANYAN, MANVEL","Arzumanyan, Manvel",2448,CAP,2023-24,False,False,2023-24: CAP
auladell-codina-josep,"AULADELL CODINA, JOSEP","Auladell Codina, Josep",603,LLINARS,2026-27,False,False,2014-15: LLINARS; 2015-16: LLINARS; 2016-17: LLINARS; 2017-18: LLINARS; 2018-19: LLINARS; 2019-20: LLINARS; 2020-21: LLINARS; 2021-22: LLINARS; 2022-23: LLINARS; 2023-24: LLINARS; 2024-25: LLINARS; 2025-26: LLINARS; 2026-27: LLINARS
avila-canada-francisco,"AVILA CAÑADA, FRANCISCO","Avila Cañada, Francisco",,MANRESA,2022-23,False,False,2021-22: MANRESA; 2022-23: MANRESA
badia-bosque-llorenc,"BADIA BOSQUE, LLORENÇ","Badia Bosque, Llorenç",,SANTS,2023-24,False,False,2014-15: SANTS; 2015-16: SANTS; 2016-17: SANTS; 2017-18: SANTS; 2018-19: SANTS; 2019-20: SANTS; 2020-21: SANTS; 2021-22: SANTS; 2022-23: SANTS AMISTAT; 2023-24: SANTS
badia-lopez-joaquim,"BADIA LÓPEZ, JOAQUIM","Badia López, Joaquim",2630,SANT FELIU,2026-27,False,False,2025-26: SANT FELIU DE CODINES; 2026-27: SANT FELIU
bague-pubill-pere,"BAGUE PUBILL, PERE","Bague Pubill, Pere",,CANET,2017-18,False,False,2016-17: CANET; 2017-18: CANET
bague-salo-josep-ma,"BAGUE SALO, JOSEP Mª","Bague Salo, Josep Mª",,LLEIDA,2023-24,False,False,2023-24: LLEIDA
balaguer-romero-francesc,"BALAGUER ROMERO, FRANCESC","Balaguer Romero, Francesc",2367,LLICA D'AMUNT,2026-27,False,False,2026-27: LLICA D'AMUNT
balanta-perez-andres,"BALANTA PÉREZ, ANDRÉS","Balanta Pérez, Andrés",2633,2000 CERDANYOLA,2026-27,False,False,2025-26: 2000 CERDANYOLA; 2026-27: 2000 CERDANYOLA
ballester-valero-tomas,"BALLESTER VALERO, TOMÁS","Ballester Valero, Tomás",,CASAL DE CERVERA,2022-23,False,False,2018-19: CERVERA; 2019-20: CERVERA; 2021-22: CERVERA B AMISTAT; 2022-23: CASAL DE CERVERA
ballesteros-de-haro-sergio,"BALLESTEROS DE HARO, SERGIO","Ballesteros De Haro, Sergio",606,CARDONA,2026-27,False,False,2026-27: CARDONA
balsells-pamies-francesc-x,"BALSELLS PAMIES, FRANCESC X.","Balsells Pamies, Francesc X.",,,,False,False,
bancells-torner-josep,"BANCELLS TORNER, JOSEP","Bancells Torner, Josep",,,,False,False,
bancells-torner-manel,"BANCELLS TORNER, MANEL","Bancells Torner, Manel",,MATARO,2016-17,False,False,2014-15: 07 MATARO; 2015-16: MATARO; 2016-17: MATARO
banobre-picos-vicente,"BAÑOBRE PICOS, VICENTE","Bañobre Picos, Vicente",1063,MATARO,2026-27,False,False,2024-25: MATARO; 2025-26: MATARO; 2026-27: MATARO
banos-pizarro-antonio,"BAÑOS PIZARRO, ANTONIO","Baños Pizarro, Antonio",2735,VILANOVA,2026-27,False,False,2025-26: VILANOVA; 2026-27: VILANOVA
barcelo-vives-joan,"BARCELÓ VIVES, JOAN","Barceló Vives, Joan",,ALBA,2017-18,False,False,2017-18: ALBA
barenys-pinilla-miquel,"BARENYS PINILLA, MIQUEL","Barenys Pinilla, Miquel",121,LLINARS,2026-27,False,False,2015-16: MONT ROIG; 2016-17: MONT ROIG; 2017-18: MONT ROIG; 2018-19: MONT ROIG; 2019-20: MONT ROIG; 2020-21: MONT ROIG; 2021-22: LLINARS; 2022-23: LLINARS; 2023-24: LLINARS; 2024-25: MONT ROIG; 2025-26: MONT ROIG; 2026-27: LLINARS
bargallo-jaume-josep,"BARGALLO JAUME, JOSEP","Bargallo Jaume, Josep",68,SANT BOI,2026-27,False,False,2014-15: 03 SANT BOI; 2015-16: SANT BOI; 2016-17: SANT BOI; 2017-18: SANT BOI; 2018-19: SANT BOI; 2019-20: SANT BOI; 2021-22: SANT BOI; 2022-23: SANT BOI; 2023-24: SANT BOI; 2024-25: SANT BOI; 2025-26: SANT BOI; 2026-27: SANT BOI
barnolas-pares-joan,"BARNOLAS PARÉS, JOAN","Barnolas Parés, Joan",610,VIC,2026-27,False,False,2014-15: 01 VIC; 2015-16: VIC; 2016-17: VIC; 2017-18: VIC; 2018-19: VIC; 2019-20: VIC; 2020-21: VIC; 2021-22: VIC; 2022-23: VIC; 2023-24: VIC; 2024-25: VIC; 2025-26: VIC; 2026-27: VIC
barragan-de-la-cruz-luis,"BARRAGÁN DE LA CRUZ, LUIS","Barragán De La Cruz, Luis",1307,MONFORTE,2026-27,True,True,2016-17: MONFORTE; 2017-18: MONFORTE; 2018-19: MONFORTE; 2019-20: MONFORTE; 2020-21: MONFORTE; 2021-22: MONFORTE; 2022-23: MONFORTE; 2023-24: MONFORTE; 2024-25: MONFORTE; 2025-26: MONFORTE; 2026-27: MONFORTE
barrera-cerdanya-enrique,"BARRERA CERDANYA, ENRIQUE","Barrera Cerdanya, Enrique",,,,False,False,
barrera-gascon-enrique,"BARRERA GASCÓN, ENRIQUE","Barrera Gascón, Enrique",611,BLANES,2026-27,False,False,2014-15: 03 BLANES; 2015-16: BLANES; 2016-17: BLANES; 2017-18: BLANES; 2018-19: BLANES; 2019-20: BLANES; 2020-21: BLANES; 2021-22: BLANES; 2022-23: BLANES; 2024-25: BLANES; 2025-26: BLANES; 2026-27: BLANES
barrera-perdigon-damian,"BARRERA PERDIGÓN, DAMIÁN","Barrera Perdigón, Damián",1904,CANET DE MAR,2026-27,False,False,2021-22: CANET; 2022-23: CANET; 2023-24: CANET; 2024-25: CANET; 2025-26: CANET; 2026-27: CANET DE MAR
barrera-vila-carles,"BARRERA VILÀ, CARLES","Barrera Vilà, Carles",2188,CARDONA,2026-27,False,False,2026-27: CARDONA
barrientos-caballero-joan-josep,"BARRIENTOS CABALLERO, JOAN JOSEP","Barrientos Caballero, Joan Josep",123,2000 CERDANYOLA,2026-27,False,False,2014-15: CORAL COLON; 2015-16: SANT ADRIA; 2016-17: CORAL COLON; 2017-18: CERDANYOLA; 2018-19: CERDANYOLA; 2019-20: CERDANYOLA; 2020-21: CERDANYOLA; 2021-22: 2000 CERDANYOLA; 2022-23: CERDANYOLA; 2023-24: 2000 CERDANYOLA; 2024-25: 2000 CERDANYOLA; 2025-26: 2000 CERDANYOLA; 2026-27: 2000 CERDANYOLA
barroso-lancharro-eugenio,"BARROSO LANCHARRO, EUGENIO","Barroso Lancharro, Eugenio",,DANY'ELLS,2016-17,False,False,2014-15: DANY'ELLS; 2015-16: DANY ELLS; 2016-17: DANY'ELLS
bars-pique-joan-ramon,"BARS PIQUÉ, JOAN RAMÓN","Bars Piqué, Joan Ramón",1926,CASAL CERVERA,2026-27,False,False,2018-19: CERVERA; 2019-20: CERVERA; 2021-22: CERVERA B AMISTAT; 2022-23: CASAL CERVERA; 2024-25: CASAL CERVERA; 2025-26: CASAL CERVERA; 2026-27: CASAL CERVERA
bartoli-alsina-josep,"BARTOLI ALSINA, JOSEP","Bartoli Alsina, Josep",,MANRESA,2019-20,False,False,2014-15: 05 MANRESA; 2015-16: MANRESA; 2016-17: MANRESA; 2017-18: MANRESA; 2018-19: MANRESA; 2019-20: MANRESA
bartolome-asin-josep,"BARTOLOMÉ ASIN, JOSEP","Bartolomé Asin, Josep",,MONT ROIG,2021-22,False,False,2019-20: MONT ROIG; 2021-22: MONT ROIG
bas-pastor-enric,"BAS PASTOR, ENRIC","Bas Pastor, Enric",614,PREMIA,2026-27,False,False,2014-15: 03 PREMIA; 2015-16: PREMIA; 2016-17: PREMIA; 2017-18: PREMIA; 2018-19: PREMIA; 2019-20: PREMIA; 2020-21: PREMIA; 2021-22: PREMIA; 2022-23: PREMIA; 2023-24: PREMIA; 2024-25: PREMIA; 2025-26: PREMIA; 2026-27: PREMIA
bastida-parareda-josep-ant,"BASTIDA PARAREDA, JOSEP ANT.","Bastida Parareda, Josep Ant.",125,CENTELLES,2026-27,False,False,2014-15: SANT FELIU; 2015-16: SANT FELIU; 2016-17: CENTELLES; 2017-18: CENTELLES; 2018-19: CENTELLES; 2019-20: CENTELLES; 2021-22: CENTELLES; 2022-23: CENTELLES; 2023-24: CENTELLES; 2024-25: CENTELLES; 2025-26: CENTELLES; 2026-27: CENTELLES
bastida-sala-xavier,"BASTIDA SALA, XAVIER","Bastida Sala, Xavier",1641,LLICA D'AMUNT,2026-27,False,False,2018-19: LLICA D'AMUNT; 2019-20: LLICA D'AMUNT; 2020-21: LLICA; 2021-22: LLICA D'AMUNT; 2022-23: LLICA D'AMUNT; 2023-24: LLICA D'AMUNT; 2024-25: LLICA AMUNT; 2025-26: LLICA D'AMUNT; 2026-27: LLICA D'AMUNT
batista-carbonell-jaume,"BATISTA CARBONELL, JAUME","Batista Carbonell, Jaume",,GEIEG,2022-23,False,False,2019-20: GEIEG; 2020-21: GEIGEG; 2021-22: GEIEG; 2022-23: GEIEG
bautista-vicente-miquel,"BAUTISTA VICENTE, MIQUEL","Bautista Vicente, Miquel",126,CENTELLES,2026-27,False,False,2014-15: 07 BANYOLES; 2015-16: VIC; 2016-17: VIC; 2017-18: VIC; 2018-19: VIC; 2019-20: CASINO OLOTI; 2020-21: CANET; 2021-22: CENTELLES; 2022-23: CENTELLES; 2023-24: CENTELLES; 2024-25: CENTELLES; 2025-26: CENTELLES; 2026-27: CENTELLES
baz-vergara-isidre,"BAZ VERGARA, ISIDRE","Baz Vergara, Isidre",127,MONT ROIG,2026-27,False,False,2015-16: MONT ROIG; 2016-17: MONT ROIG; 2017-18: MONT ROIG; 2018-19: MONT ROIG; 2019-20: MONT ROIG; 2020-21: MONT ROIG; 2021-22: MONT ROIG; 2022-23: MONT ROIG; 2023-24: MONT ROIG; 2024-25: MONT ROIG; 2025-26: MONT ROIG; 2026-27: MONT ROIG
bea-pigrau-evaristo,"BEA PIGRAU, EVARISTO","Bea Pigrau, Evaristo",,CANET,2017-18,False,False,2014-15: CANET DE MAR; 2015-16: CANET DE MAR; 2016-17: CANET; 2017-18: CANET
becerra-gomez-cipriano,"BECERRA GÓMEZ, CIPRIANO","Becerra Gómez, Cipriano",128,LA UNIO CORAL,2026-27,False,False,2014-15: FOMENT MOLINS; 2015-16: F MOLINS; 2016-17: CAP; 2017-18: LA UNIO CORAL; 2018-19: CERDANYOLA; 2019-20: CERDANYOLA; 2020-21: CERDANYOLA; 2021-22: 2000 CERDANYOLA; 2022-23: 2000 CERDANYOLA; 2023-24: 2000 CERDANYOLA; 2024-25: B LA UNIO CORAL; 2025-26: LA UNIO CORAL; 2026-27: LA UNIO CORAL
beguda-barcons-joan,"BEGUDA BARCONS, JOAN","Beguda Barcons, Joan",,DANY ELLS,2018-19,False,False,2015-16: DANY ELLS; 2016-17: DANY'ELLS; 2018-19: DANY ELLS
bellido-mas-david,"BELLIDO MAS, DAVID","Bellido Mas, David",,PRAT,2022-23,False,False,2022-23: PRAT
bellido-rosado-antoni,"BELLIDO ROSADO, ANTONI","Bellido Rosado, Antoni",,,,False,False,
bellot-botello-francisco,"BELLOT BOTELLO, FRANCISCO","Bellot Botello, Francisco",1292,PRAT,2025-26,False,False,2016-17: EL PRAT; 2017-18: EL PRAT; 2018-19: PRAT; 2019-20: EL PRAT; 2020-21: PRAT; 2021-22: PRAT; 2022-23: PRAT; 2023-24: PRAT; 2024-25: PRAT; 2025-26: PRAT
beltran-cortes-jaume,"BELTRAN CORTES, JAUME","Beltran Cortes, Jaume",2641,BARCELONA,2026-27,False,False,2025-26: BARCELONA; 2026-27: BARCELONA
beltran-leal-alfonso,"BELTRÁN LEAL, ALFONSO","Beltrán Leal, Alfonso",,SANT ADRIA,2016-17,False,False,2014-15: SANT ADRIA; 2015-16: SANT ADRIA; 2016-17: SANT ADRIA
benavides-cortes-leopoldo,"BENAVIDES CORTÉS, LEOPOLDO","Benavides Cortés, Leopoldo",,LA COLMENA,2016-17,False,False,2015-16: LA COLMENA; 2016-17: LA COLMENA
benitez-reina-pau,"BENITEZ REINA, PAU","Benitez Reina, Pau",133,MATARO,2026-27,False,False,2014-15: 03 MATARO; 2015-16: MATARO; 2016-17: MATARO; 2017-18: MATARO; 2019-20: MATARO; 2020-21: MATARO; 2021-22: MATARO; 2022-23: MATARO; 2023-24: MATARO; 2024-25: MATARO; 2025-26: MATARO; 2026-27: MATARO
berengueras-costa-f-xavier,"BERENGUERAS COSTA, F. XAVIER","Berengueras Costa, F. Xavier",134,GRANOLLERS,2026-27,False,False,2015-16: GRANOLLERS; 2016-17: GRANOLLERS; 2017-18: GRANOLLERS; 2018-19: GRANOLLERS; 2019-20: GRANOLLERS; 2020-21: GRANOLLERS; 2021-22: GRANOLLERS; 2022-23: GRANOLLERS; 2023-24: GRANOLLERS; 2024-25: GRANOLLERS; 2025-26: GRANOLLERS; 2026-27: GRANOLLERS
berengueras-costa-jordi,"BERENGUERAS COSTA, JORDI","Berengueras Costa, Jordi",2646,GRANOLLERS,2026-27,False,False,2026-27: GRANOLLERS
bergada-pallise-joan,"BERGADÀ PALLISÉ, JOAN","Bergadà Pallisé, Joan",2794,LLEIDA,2026-27,False,False,2026-27: LLEIDA
berlango-jimenez-rafael,"BERLANGO JIMÉNEZ, RAFAEL","Berlango Jiménez, Rafael",2812,F MOLINS,2026-27,False,False,2026-27: F MOLINS
bernad-daza-jaime,"BERNAD DAZA, JAIME","Bernad Daza, Jaime",1072,PRAT,2025-26,False,False,2014-15: SANT BOI; 2015-16: SANT BOI; 2016-17: SANT BOI; 2017-18: SANT BOI; 2018-19: SANT BOI; 2021-22: SANT BOI; 2024-25: PRAT; 2025-26: PRAT
bernal-gamez-xavi,"BERNAL GAMEZ, XAVI","Bernal Gamez, Xavi",,MONT ROIG,2014-15,False,False,2014-15: MONT ROIG
bertran-garcia-pere,"BERTRAN GARCÍA, PERE","Bertran García, Pere",,,,False,False,
bertran-mercader-tomas,"BERTRAN MERCADER, TOMAS","Bertran Mercader, Tomas",,,,False,False,
blade-recha-antoni,"BLADÉ RECHA, ANTONI","Bladé Recha, Antoni",1169,TARRAGONA,2023-24,False,False,2014-15: TARRAGONA; 2015-16: TARRAGONA; 2016-17: TARRAGONA; 2017-18: TARRAGONA; 2018-19: TARRAGONA; 2019-20: TARRAGONA; 2020-21: TARRAGONA; 2021-22: TARRAGONA; 2022-23: TARRAGONA; 2023-24: TARRAGONA
blanch-gimeno-joaquim,"BLANCH GIMENO, JOAQUIM","Blanch Gimeno, Joaquim",1539,LA GRAN PENYA,2026-27,False,False,2018-19: LA GRAN PENYA; 2019-20: LA GRAN PENYA; 2021-22: VILANOVA; 2022-23: LA GRAN PENYA; 2023-24: LA GRAN PENYA; 2024-25: GRAN PENYA; 2025-26: LA GRAN PENYA; 2026-27: LA GRAN PENYA
blanco-acedo-alvaro,"BLANCO ACEDO, ALVARO","Blanco Acedo, Alvaro",,02 MOLLET,2014-15,False,False,2014-15: 02 MOLLET
blanco-mayo-bernardo,"BLANCO MAYO, BERNARDO","Blanco Mayo, Bernardo",,VILANOVA I LA GELTRU,2016-17,False,False,2016-17: VILANOVA I LA GELTRU
blasco-ros-angels,"BLASCO ROS, ANGELS","Blasco Ros, Angels",,BARCELONA,2015-16,False,False,2015-16: BARCELONA
boix-galvez-daniel,"BOIX GALVEZ, DANIEL","Boix Galvez, Daniel",1167,FOMENT MOLINS,2025-26,False,False,2014-15: F MOLINS; 2015-16: F MOLINS; 2016-17: MOLINS; 2017-18: MOLINS; 2018-19: MOLINS; 2019-20: MOLINS; 2020-21: MOLINS; 2021-22: FOMENT MOLINS; 2022-23: F MOLINS; 2023-24: F MOLINS; 2024-25: FOMENT MOLINS; 2025-26: FOMENT MOLINS
bolivar-martinez-gabriel,"BOLIVAR MARTÍNEZ, GABRIEL","Bolivar Martínez, Gabriel",,MATARO,2015-16,False,False,2015-16: MATARO
boloix-sedo-ramon,"BOLOIX SEDO, RAMÓN","Boloix Sedo, Ramón",2598,PRAT,2026-27,False,False,2025-26: PRAT; 2026-27: PRAT
bonache-lopez-miquel,"BONACHE LÓPEZ, MIQUEL","Bonache López, Miquel",,MOLLET,2018-19,False,False,2014-15: MOLLET; 2015-16: MOLLET; 2016-17: MOLLET; 2017-18: MOLLET; 2018-19: MOLLET
bonaluque-sanchez-manuel,"BONALUQUE SÁNCHEZ, MANUEL","Bonaluque Sánchez, Manuel",1461,PRAT,2026-27,False,False,2017-18: PRAT; 2018-19: PRAT; 2020-21: PRAT; 2021-22: PRAT; 2022-23: PRAT; 2023-24: PRAT; 2024-25: PRAT; 2025-26: PRAT; 2026-27: PRAT
bonet-carmona-sebastia,"BONET CARMONA, SEBASTIÀ","Bonet Carmona, Sebastià",140,SANTS,2026-27,False,False,2014-15: SANTS; 2015-16: SANTS; 2016-17: SANTS; 2017-18: SANTS; 2018-19: SANTS; 2019-20: SANTS; 2020-21: SANTS; 2021-22: SANTS; 2022-23: SANTS; 2023-24: SANTS; 2024-25: SANTS; 2025-26: SANTS; 2026-27: SANTS
bonet-moreno-pau,"BONET MORENO, PAU","Bonet Moreno, Pau",1393,MONFORTE,2026-27,True,True,2018-19: MONFORTE; 2019-20: MONFORTE; 2020-21: MONFORTE; 2021-22: ALBA; 2022-23: ALBA; 2023-24: ALBA; 2024-25: MONFORTE; 2025-26: MONFORTE; 2026-27: MONFORTE
bonet-pascual-cesar,"BONET PASCUAL, CÉSAR","Bonet Pascual, César",620,F MOLINS,2026-27,False,False,2014-15: 01 FOMENT MOLINS; 2015-16: FOMENT MOLINS; 2016-17: FOMENT MOLINS; 2017-18: MOLINS; 2018-19: F MOLINS; 2019-20: MOLINS; 2020-21: MOLINS; 2022-23: MOLINS; 2023-24: SBF MOLINS; 2024-25: FOMENT MOLINS; 2025-26: FOMENT MOLINS; 2026-27: F MOLINS
bonet-pocino-miquel,"BONET POCINO, MIQUEL","Bonet Pocino, Miquel",,BARCELONA,2022-23,False,False,2021-22: BARCELONA; 2022-23: BARCELONA
boronat-pujals-jaume,"BORONAT PUJALS, JAUME","Boronat Pujals, Jaume",621,MONT ROIG,2026-27,False,False,2014-15: 01 MONT ROIG; 2015-16: MONT ROIG; 2016-17: MONT ROIG; 2017-18: MONT ROIG; 2018-19: MONT ROIG; 2019-20: MONT ROIG; 2020-21: MONT ROIG; 2026-27: MONT ROIG
borras-cassant-antoni,"BORRÁS CASSANT, ANTONI","Borrás Cassant, Antoni",,ALBA,2018-19,False,False,2017-18: ALBA; 2018-19: ALBA
bort-carinena-salvador,"BORT CARIÑENA, SALVADOR","Bort Cariñena, Salvador",623,MATARO,2026-27,False,False,2014-15: 07 MATARO; 2015-16: MATARO; 2016-17: MATARO; 2017-18: MATARO; 2018-19: MATARO; 2023-24: MATARO; 2024-25: MATARO; 2025-26: MATARO; 2026-27: MATARO
bosch-bosch-miquel,"BOSCH BOSCH, MIQUEL","Bosch Bosch, Miquel",1132,LLEIDA,2025-26,False,False,2015-16: LLEIDA; 2016-17: LLEIDA; 2017-18: LLEIDA; 2018-19: LLEIDA; 2019-20: LLEIDA; 2020-21: LLEIDA; 2021-22: LLEIDA; 2022-23: LLEIDA; 2023-24: LLEIDA; 2025-26: LLEIDA
bosch-farre-ramon,"BOSCH FARRÉ, RAMÓN","Bosch Farré, Ramón",,CERVERA,2019-20,False,False,2018-19: CERVERA; 2019-20: CERVERA
bosch-peiro-miquel,"BOSCH PEIRÓ, MIQUEL","Bosch Peiró, Miquel",,CAP,2017-18,False,False,2015-16: LLEIDA; 2016-17: LLEIDA; 2017-18: CAP
bosqued-tore-david,"BOSQUED TORE, DAVID","Bosqued Tore, David",144,SANT ADRIA,2026-27,False,False,2014-15: 05 SANT ADRIA; 2015-16: SANT ADRIA; 2016-17: SANT ADRIA; 2017-18: SANT ADRIA; 2018-19: SANT ADRIA; 2021-22: SANT ADRIA; 2022-23: SANT ADRIA; 2023-24: SANT ADRIA; 2024-25: SANT ADRIA; 2025-26: SANT ADRIA; 2026-27: SANT ADRIA
botero-berrio-carlos-alberto,"BOTERO BERRIO, CARLOS ALBERTO","Botero Berrio, Carlos Alberto",2599,SANTS,2025-26,False,False,2025-26: SANTS
bou-laborda-jacinto,"BOU LABORDA, JACINTO","Bou Laborda, Jacinto",,EL MASNOU,2018-19,False,False,2015-16: EL CASINET MASNOU; 2018-19: EL MASNOU
bouterin-bote-joan,"BOUTERIN BOTE, JOAN","Bouterin Bote, Joan",625,MOLLET,2026-27,False,False,2014-15: 05 MONTMELO; 2015-16: MOLLET; 2016-17: MOLLET; 2017-18: MOLLET; 2018-19: MOLLET; 2019-20: MOLLET; 2020-21: MOLLET; 2021-22: MOLLET; 2022-23: MOLLET; 2023-24: MOLLET; 2024-25: MOLLET; 2025-26: MOLLET; 2026-27: MOLLET
boy-muntana-marceli,"BOY MUNTAÑÀ, MARCELÍ","Boy Muntañà, Marcelí",,MONT ROIG,2015-16,False,False,2014-15: 04 MONT ROIG; 2015-16: MONT ROIG
boya-soler-lluis,"BOYA SOLER, LLUÍS","Boya Soler, Lluís",626,MATADEPERA,2026-27,False,False,2014-15: 03 MATADEPERA; 2015-16: MATADEPERA; 2016-17: MATADEPERA; 2017-18: MATADEPERA; 2018-19: MATADEPERA; 2019-20: MATADEPERA; 2021-22: MATADEPERA; 2022-23: MATADEPERA; 2024-25: MATADEPERA; 2025-26: MATADEPERA; 2026-27: MATADEPERA
bragulat-santos-rafael,"BRAGULAT SANTOS, RAFAEL","Bragulat Santos, Rafael",,CAP,2020-21,False,False,2014-15: MONTMELO; 2020-21: CAP
bravo-collado-joan,"BRAVO COLLADO, JOAN","Bravo Collado, Joan",628,MATARO,2026-27,False,False,2015-16: MATARO; 2016-17: MATARO; 2017-18: MATARO; 2018-19: MATARO; 2019-20: MATARO; 2023-24: MATARO; 2025-26: MATARO; 2026-27: MATARO
brigos-hermida-miguel,"BRIGOS HERMIDA, MIGUEL","Brigos Hermida, Miguel",1760,EL MASNOU,2026-27,False,False,2018-19: EL MASNOU; 2019-20: EL MASNOU; 2023-24: B EL MASNOU; 2024-25: B EL MASNOU; 2026-27: EL MASNOU
brizzi-lino,"BRIZZI, LINO","Brizzi, Lino",1184,F MOLINS,2026-27,False,False,2014-15: 04 SANTS; 2015-16: SANTS; 2016-17: ALBA; 2017-18: ALBA; 2018-19: CANET; 2019-20: CANET; 2020-21: CANET; 2022-23: CANET; 2023-24: CANET DE MAR; 2024-25: F MOLINS; 2025-26: FOMENT MOLINS; 2026-27: F MOLINS
brugulat-capdevila-ricardo,"BRUGULAT CAPDEVILA, RICARDO","Brugulat Capdevila, Ricardo",,SANT BOI,2018-19,False,False,2017-18: SANT BOI; 2018-19: SANT BOI
bruna-ochoa-ruben,"BRUNA OCHOA, RUBÉN","Bruna Ochoa, Rubén",1922,PUNT DATAC,2024-25,False,False,2018-19: VILANOVA; 2019-20: LA GRAN PENYA; 2021-22: VILANOVA; 2023-24: PUNT DATAC; 2024-25: PUNT DATAC
buitrago-del-moral-iker,"BUITRAGO DEL MORAL, IKER","Buitrago Del Moral, Iker",2736,LLINARS,2026-27,False,False,2025-26: LLINARS; 2026-27: LLINARS
busquet-catalan-joan,"BUSQUET CATALÁN, JOAN","Busquet Catalán, Joan",1679,LA GRAN PENYA,2026-27,False,False,2019-20: LA GRAN PENYA; 2021-22: LA GRAN PENYA; 2022-23: LA GRAN PENYA; 2023-24: LA GRAN PENYA; 2024-25: GRAN PENYA; 2025-26: LA GRAN PENYA; 2026-27: LA GRAN PENYA
busquets-troses-roma,"BUSQUETS TROSES, ROMÀ","Busquets Troses, Romà",632,MOLLET,2026-27,False,False,2014-15: 01 MOLLET; 2015-16: MOLLET; 2016-17: MOLLET; 2017-18: MOLLET; 2018-19: MOLLET; 2019-20: MOLLET; 2020-21: MOLLET; 2021-22: MOLLET; 2022-23: MOLLET; 2023-24: MOLLET; 2024-25: MOLLET; 2025-26: MOLLET; 2026-27: MOLLET
caba-fabregat-sebastia,"CABA FABREGAT, SEBASTIÀ","Caba Fabregat, Sebastià",,PREMIA,2018-19,False,False,2014-15: PREMIA; 2015-16: PREMIA; 2016-17: PREMIA; 2017-18: PREMIA; 2018-19: PREMIA
caballe-oliva-carles,"CABALLÉ OLIVA, CARLES","Caballé Oliva, Carles",633,CENTELLES,2023-24,False,False,2014-15: CENTELLES; 2015-16: CENTELLES; 2016-17: CENTELLES; 2017-18: CENTELLES; 2018-19: CENTELLES; 2019-20: CENTELLES; 2021-22: CENTELLES; 2022-23: CENTELLES; 2023-24: CENTELLES
caballero-castro-fo-gabriel,"CABALLERO CASTRO, Fº GABRIEL","Caballero Castro, Fº Gabriel",,CORAL COLON,2021-22,False,False,2020-21: CORAL COLON; 2021-22: CORAL COLON
cabrerizo-mas-victor,"CABRERIZO MÁS, VICTOR","Cabrerizo Más, Victor",1840,SANTS,2026-27,False,False,2022-23: SANTS; 2023-24: CENTELLES; 2024-25: CENTELLES; 2025-26: CENTELLES; 2026-27: SANTS
cadillac-jodar-jordi,"CADILLAC JODAR, JORDI","Cadillac Jodar, Jordi",149,PUNT D'ATAC,2026-27,False,False,2013-14: TARRAGONA; 2014-15: 06 TARRAGONA; 2015-16: TARRAGONA; 2016-17: TARRAGONA; 2017-18: CERDANYOLA; 2018-19: TARRAGONA; 2019-20: TARRAGONA; 2021-22: TARRAGONA; 2022-23: TARRAGONA; 2023-24: 2000 CERDANYOLA; 2024-25: 2000 CERDANYOLA; 2025-26: 2000 CERDANYOLA; 2026-27: PUNT D'ATAC
calle-ortega-antoni,"CALLE ORTEGA, ANTONI","Calle Ortega, Antoni",637,GEIEG,2026-27,False,False,2014-15: 06 BANYOLES; 2015-16: BANYOLES; 2016-17: BANYOLES; 2017-18: GEIEG; 2018-19: GEIEG; 2019-20: GEIEG; 2020-21: GEIGEG; 2021-22: GEIEG; 2022-23: GEIEG; 2023-24: GEIEG; 2024-25: GEIEG; 2025-26: GEIEG; 2026-27: GEIEG
calle-ortega-eusebi,"CALLE ORTEGA, EUSEBI","Calle Ortega, Eusebi",638,GEIEG,2026-27,False,False,2014-15: 06 BANYOLES; 2015-16: BANYOLES; 2016-17: BANYOLES; 2017-18: GEIEG; 2018-19: GEIEG; 2019-20: GEIEG; 2020-21: GEIGEG; 2021-22: GEIEG; 2022-23: GEIEG; 2023-24: GEIEG; 2024-25: GEIEG; 2025-26: GEIEG; 2026-27: GEIEG
calls-sarroca-josep,"CALLS SARROCA, JOSEP","Calls Sarroca, Josep",1315,LLICA D'AMUNT,2026-27,False,False,2021-22: LLICA D'AMUNT; 2022-23: LLICA D'AMUNT; 2023-24: LLICA D'AMUNT; 2024-25: LLICA AMUNT; 2025-26: LLICA D'AMUNT; 2026-27: LLICA D'AMUNT
calvache-banus-jordi,"CALVACHE BANÚS, JORDI","Calvache Banús, Jordi",150,LLINARS,2026-27,False,False,2017-18: LLINARS; 2018-19: LLINARS; 2019-20: LLINARS; 2020-21: LLINARS; 2021-22: LLINARS; 2022-23: LLINARS; 2023-24: LLINARS; 2024-25: LLINARS; 2025-26: LLINARS; 2026-27: LLINARS
calvet-llach-joan,"CALVET LLACH, JOAN","Calvet Llach, Joan",640,SANT ADRIA,2026-27,False,False,2014-15: 04 ALBA; 2017-18: SANT ADRIA; 2018-19: SANT ADRIA; 2019-20: SANT ADRIA; 2020-21: SANT ADRIA; 2022-23: SANT ADRIA; 2023-24: SANT ADRIA; 2024-25: SANT ADRIA; 2025-26: SANT ADRIA; 2026-27: SANT ADRIA
calvet-tarrida-lluis,"CALVET TARRIDA, LLUÍS","Calvet Tarrida, Lluís",,SANT ADRIA,2021-22,False,False,2014-15: 02 SANT ADRIA; 2015-16: SANT ADRIA; 2016-17: SANT ADRIA; 2017-18: SANT ADRIA; 2018-19: SANT ADRIA; 2020-21: SANT ADRIA; 2021-22: SANT ADRIA
calzada-sanchez-eduard,"CALZADA SÁNCHEZ, EDUARD","Calzada Sánchez, Eduard",,LLEIDA,2019-20,False,False,2014-15: 10 LLEIDA; 2018-19: LLEIDA; 2019-20: LLEIDA
calzon-gonzalez-oscar,"CALZÓN GONZÁLEZ, ÓSCAR","Calzón González, Óscar",2473,GEIEG,2025-26,False,False,2023-24: CAP; 2024-25: GEIEG; 2025-26: GEIEG
camaros-serra-jordi,"CAMAROS SERRA, JORDI","Camaros Serra, Jordi",2558,VILANOVA,2026-27,False,False,2025-26: VILANOVA; 2026-27: VILANOVA
camelo-carvajal-mario,"CAMELO CARVAJAL, MARIO","Camelo Carvajal, Mario",641,BANYOLES,2024-25,False,False,2023-24: BANYOLES; 2024-25: BANYOLES
campana-comino-gregori,"CAMPAÑA COMINO, GREGORI","Campaña Comino, Gregori",153,CASAL CERVERA,2026-27,False,False,2014-15: 03 CASAL DE CERVERA; 2015-16: CASAL CERVERA; 2016-17: CASAL CERVERA; 2017-18: CERVERA; 2018-19: CERVERA; 2019-20: CERVERA; 2021-22: CERVERA; 2022-23: CASAL CERVERA; 2023-24: CASAL CERVERA; 2024-25: CASAL DE CERVERA; 2025-26: CASAL CERVERA; 2026-27: CASAL CERVERA
campos-ayala-juan,"CAMPOS AYALA, JUAN","Campos Ayala, Juan",,F MOLINS,2014-15,False,False,2014-15: F MOLINS
campos-fernandez-francesc,"CAMPOS FERNÁNDEZ, FRANCESC","Campos Fernández, Francesc",696,GRANOLLERS,2026-27,False,False,2014-15: 05 LLINARS; 2019-20: LLINARS; 2020-21: LLINARS; 2022-23: LLINARS; 2023-24: LLINARS; 2024-25: LLINARS; 2025-26: GRANOLLERS; 2026-27: GRANOLLERS
campos-gonzalez-joma,"CAMPOS GONZÁLEZ, JºMª","Campos González, Jºmª",1913,MONFORTE,2026-27,True,True,2020-21: SANT ADRIA; 2021-22: SANT ADRIA; 2022-23: SANT ADRIA; 2023-24: SANT ADRIA; 2024-25: MONFORTE; 2025-26: MONFORTE; 2026-27: MONFORTE
campoy-mates-marc,"CAMPOY MATES, MARC","Campoy Mates, Marc",2752,BANYOLES,2026-27,False,False,2026-27: BANYOLES
camprubi-castella-salvador,"CAMPRUBI CASTELLA, SALVADOR","Camprubi Castella, Salvador",,,,False,False,
camps-estela-ramon,"CAMPS ESTELA, RAMÓN","Camps Estela, Ramón",2595,BANYOLES,2026-27,False,False,2025-26: BANYOLES; 2026-27: BANYOLES
camps-grau-joaquim,"CAMPS GRAU, JOAQUIM","Camps Grau, Joaquim",,SANT FELIU DE CODINES,2023-24,False,False,2014-15: SANT FELIU; 2015-16: SANT FELIU DE CODINES; 2016-17: SANT FELIU; 2018-19: SANT FELIU; 2019-20: SANT FELIU; 2023-24: SANT FELIU DE CODINES
camps-rosell-miquel,"CAMPS ROSELL, MIQUEL","Camps Rosell, Miquel",2786,CANET DE MAR,2026-27,False,False,2026-27: CANET DE MAR
canal-sanglas-nil,"CANAL SANGLÀS, NIL","Canal Sanglàs, Nil",2623,GRANOLLERS,2026-27,False,False,2025-26: LLICA D'AMUNT; 2026-27: GRANOLLERS
canals-ibanez-xavier,"CANALS IBÁÑEZ, XAVIER","Canals Ibáñez, Xavier",,MONFORTE,2017-18,False,True,2016-17: MONFORTE; 2017-18: MONFORTE
candeal-dominguez-manuel,"CANDEAL DOMINGUEZ, MANUEL","Candeal Dominguez, Manuel",156,SANTS,2026-27,False,False,2014-15: SANTS; 2016-17: SANTS; 2017-18: SANTS; 2018-19: SANTS; 2019-20: SANTS; 2020-21: SANTS; 2021-22: SANTS; 2022-23: SANTS; 2023-24: SANTS; 2024-25: SANTS; 2025-26: SANTS; 2026-27: SANTS
candela-ramos-jordi,"CANDELA RAMOS, JORDI","Candela Ramos, Jordi",644,MOLLET,2026-27,False,False,2014-15: 02 MOLLET; 2015-16: MOLLET; 2016-17: MOLLET; 2017-18: MOLLET; 2018-19: MOLLET; 2026-27: MOLLET
canellas-tapiz-alain,"CAÑELLAS TAPIZ, ALAIN","Cañellas Tapiz, Alain",,MOLINS,2019-20,False,False,2016-17: FOMENT MOLINS; 2017-18: MOLINS; 2018-19: MOLINS; 2019-20: MOLINS
cano-garrido-josep-antoni,"CANO GARRIDO, JOSEP ANTONI","Cano Garrido, Josep Antoni",,VILANOVA,2018-19,False,False,2014-15: 03 VILANOVA; 2016-17: VILANOVA I LA GELTRU; 2017-18: VILANOVA I LA GELTRU; 2018-19: VILANOVA
cano-poirrier-lalanne-santiago,"CANO POIRRIER LALANNE, SANTIAGO","Cano Poirrier Lalanne, Santiago",2261,MONFORTE,2026-27,True,True,2021-22: MONFORTE; 2022-23: MONFORTE; 2023-24: MONFORTE; 2024-25: MONFORTE; 2025-26: MONFORTE; 2026-27: MONFORTE
canovas-lorenzo-dario,"CÁNOVAS LORENZO, DARÍO","Cánovas Lorenzo, Darío",2447,PRAT,2023-24,False,False,2023-24: PRAT
cantero-llorente-francesc-m,"CANTERO LLORENTE, FRANCESC M.","Cantero Llorente, Francesc M.",158,SANT BOI,2026-27,False,False,2014-15: L'AMISTAT MOLLERUSSA; 2015-16: L'AMISTAT MOLLERUSSA; 2016-17: L'AMISTAT MOLLERUSSA; 2017-18: L'AMISTAT MOLLERUSSA; 2018-19: L'AMISTAT MOLLERUSSA; 2019-20: L'AMISTAT; 2021-22: L'AMISTAT MOLLERUSSA; 2022-23: SANT BOI; 2023-24: SANT BOI; 2024-25: SANT BOI; 2025-26: SANT BOI; 2026-27: SANT BOI
cantero-montana-aleix,"CANTERO MONTAÑA, ALEIX","Cantero Montaña, Aleix",,L'AMISTAT,2019-20,False,False,2019-20: L'AMISTAT
cantos-gamiz-antonio,"CANTOS GAMIZ, ANTONIO","Cantos Gamiz, Antonio",1723,GRANOLLERS,2026-27,False,False,2023-24: GRANOLLERS; 2024-25: GRANOLLERS; 2025-26: GRANOLLERS; 2026-27: GRANOLLERS
caralt-vila-miquel,"CARALT VILA, MIQUEL","Caralt Vila, Miquel",647,VIC,2024-25,False,False,2014-15: 01 VIC; 2015-16: VIC; 2016-17: VIC; 2017-18: VIC; 2018-19: VIC; 2019-20: VIC; 2020-21: VIC; 2021-22: VIC; 2023-24: VIC; 2024-25: VIC
carbonell-asensio-jose,"CARBONELL ASENSIO, JOSÉ","Carbonell Asensio, José",,VILANOVA I LA GELTRU,2019-20,False,False,2014-15: 03 VILANOVA; 2015-16: VILANOVA I LA GELTRU; 2016-17: VILANOVA I LA GELTRU; 2017-18: VILANOVA I LA GELTRU; 2018-19: VILANOVA; 2019-20: VILANOVA I LA GELTRU
carbonell-roger-guillem,"CARBONELL ROGER, GUILLEM","Carbonell Roger, Guillem",650,F MOLINS,2026-27,False,False,2020-21: F MOLINS; 2021-22: FOMENT MOLINS; 2022-23: MOLINS; 2023-24: SBF MOLINS; 2024-25: FOMENT MOLINS; 2025-26: FOMENT MOLINS; 2026-27: F MOLINS
carbonell-trilla-mateu,"CARBONELL TRILLA, MATEU","Carbonell Trilla, Mateu",161,CASAL CERVERA,2026-27,False,False,2017-18: CERVERA; 2018-19: CERVERA; 2021-22: CERVERA; 2022-23: CASAL DE CERVERA; 2023-24: CASAL CERVERA; 2025-26: CASAL DE CERVERA; 2026-27: CASAL CERVERA
cardenosa-marin-josep-manuel,"CARDEÑOSA MARÍN, JOSEP MANUEL","Cardeñosa Marín, Josep Manuel",2418,SANTS,2026-27,False,False,2026-27: SANTS
cardet-caldero-isidor,"CARDET CALDERÓ, ISIDOR","Cardet Calderó, Isidor",162,LLEIDA,2026-27,False,False,2014-15: LLEIDA; 2015-16: LLEIDA; 2016-17: LLEIDA; 2017-18: LLEIDA; 2018-19: LLEIDA; 2019-20: LLEIDA; 2021-22: LLEIDA; 2022-23: LLEIDA; 2023-24: LLEIDA; 2024-25: LLEIDA; 2025-26: LLEIDA; 2026-27: LLEIDA
cardona-gallego-julian-alberto,"CARDONA GALLEGO, JULIÁN ALBERTO","Cardona Gallego, Julián Alberto",2483,MONFORTE,2026-27,True,True,2023-24: MONFORTE; 2024-25: MONFORTE; 2025-26: ESPLUGUES AVENC; 2026-27: MONFORTE
cardona-vargas-alvaro,"CARDONA VARGAS, ÁLVARO","Cardona Vargas, Álvaro",2667,ESPLUGUES AVENC,2025-26,False,False,2025-26: ESPLUGUES AVENC
cardozo-talero-nelson-alirio,"CARDOZO TALERO, NELSON ALIRIO","Cardozo Talero, Nelson Alirio",2666,LLEIDA,2026-27,False,False,2025-26: LLEIDA; 2026-27: LLEIDA
carmona-fernandez-francesc,"CARMONA FERNÁNDEZ, FRANCESC","Carmona Fernández, Francesc",651,LLICA AMUNT,2024-25,False,False,2014-15: LLICA D'AMUNT; 2015-16: LLICA D'AMUNT; 2016-17: LLICA D'AMUNT; 2022-23: LLICA D'AMUNT; 2024-25: LLICA AMUNT
carmona-lopez-antonio,"CARMONA LÓPEZ, ANTONIO","Carmona López, Antonio",,EL MASNOU,2026-27,False,False,2023-24: B EL MASNOU; 2024-25: B EL MASNOU; 2025-26: B EL MASNOU; 2026-27: EL MASNOU
carmona-martin-enrique,"CARMONA MARTÍN, ENRIQUE","Carmona Martín, Enrique",163,GEIEG,2026-27,False,False,2014-15: 07 BANYOLES; 2015-16: BANYOLES; 2016-17: BANYOLES; 2017-18: GEIEG; 2018-19: GEIEG; 2019-20: GEIEG; 2021-22: GEIEG; 2022-23: GEIEG; 2023-24: GEIEG; 2024-25: GEIEG; 2025-26: GEIEG; 2026-27: GEIEG
carmona-rodriguez-antonio,"CARMONA RODRIGUEZ, ANTONIO","Carmona Rodriguez, Antonio",1133,LLEIDA,2024-25,False,False,2015-16: LLEIDA; 2016-17: LLEIDA; 2017-18: LLEIDA; 2018-19: LLEIDA; 2021-22: LLEIDA; 2023-24: LLEIDA; 2024-25: LLEIDA
carpintero-perez-uriel,"CARPINTERO PÉREZ, URIEL","Carpintero Pérez, Uriel",2323,MATARO,2026-27,False,False,2026-27: MATARO
carracedo-barrio-pedro,"CARRACEDO BARRIO, PEDRO","Carracedo Barrio, Pedro",,SANT ADRIA,2018-19,False,False,2017-18: SANT ADRIA; 2018-19: SANT ADRIA
carrasco-toledano-angel,"CARRASCO TOLEDANO, ANGEL","Carrasco Toledano, Angel",,DANY ELLS,2018-19,False,False,2016-17: DANY'ELLS; 2017-18: DANY ELLS; 2018-19: DANY ELLS
carrascosa-puig-joaquim,"CARRASCOSA PUIG, JOAQUIM","Carrascosa Puig, Joaquim",,VIC,2017-18,False,False,2014-15: VIC; 2016-17: VIC; 2017-18: VIC
carreras-batlle-jaume,"CARRERAS BATLLE, JAUME","Carreras Batlle, Jaume",652,BARCELONA,2022-23,False,False,2014-15: 02 LLINARS; 2015-16: LLINARS; 2016-17: LLINARS; 2017-18: LLINARS; 2018-19: LLINARS; 2019-20: LLINARS; 2020-21: LLINARS; 2021-22: LLINARS; 2022-23: BARCELONA
carreras-resta-josep,"CARRERAS RESTA, JOSEP","Carreras Resta, Josep",2751,BANYOLES,2026-27,False,False,2026-27: BANYOLES
carrillo-barnes-antoni,"CARRILLO BARNÉS, ANTONI","Carrillo Barnés, Antoni",,,,False,False,
carrillo-letona-valentin,"CARRILLO LETONA, VALENTIN","Carrillo Letona, Valentin",,MANRESA,2019-20,False,False,2014-15: VIC; 2015-16: VIC; 2016-17: VIC; 2017-18: MANRESA; 2018-19: MANRESA; 2019-20: MANRESA
carrio-lacasa-carles,"CARRIÓ LACASA, CARLES","Carrió Lacasa, Carles",164,LLICA D'AMUNT,2026-27,False,False,2014-15: LLICA D'AMUNT; 2015-16: LLICA D'AMUNT; 2016-17: LLICA D'AMUNT; 2017-18: LLICA D'AMUNT; 2018-19: LLICA D'AMUNT; 2019-20: LLICA D'AMUNT; 2020-21: LLICA; 2021-22: LLICA D'AMUNT; 2022-23: LLICA D'AMUNT; 2023-24: LLICA D'AMUNT; 2024-25: LLICA AMUNT; 2025-26: LLICA D'AMUNT; 2026-27: LLICA D'AMUNT
cartana-borras-oscar,"CARTAÑA BORRAS, OSCAR","Cartaña Borras, Oscar",,LLEIDA,2018-19,False,False,2014-15: 02 LLEIDA; 2015-16: LLEIDA; 2016-17: LLEIDA; 2017-18: LLEIDA; 2018-19: LLEIDA
casademunt-valles-miquel,"CASADEMUNT VALLES, MIQUEL","Casademunt Valles, Miquel",,BARCELONA,2022-23,False,False,2014-15: 01 BARCELONA; 2015-16: BARCELONA; 2016-17: BARCELONA; 2017-18: BARCELONA; 2018-19: BARCELONA; 2019-20: BARCELONA; 2020-21: BARCELONA; 2021-22: BARCELONA; 2022-23: BARCELONA
casadevall-sardanes-valero,"CASADEVALL SARDAÑES, VALERO","Casadevall Sardañes, Valero",656,OLESA,2026-27,False,False,2014-15: 07 OLESA; 2015-16: OLESA; 2016-17: OLESA; 2017-18: OLESA; 2018-19: OLESA; 2019-20: OLESA; 2022-23: OLESA; 2023-24: OLESA; 2024-25: OLESA; 2025-26: OLESA; 2026-27: OLESA
casado-roca-alex,"CASADÓ ROCA, ALEX","Casadó Roca, Alex",166,TARRAGONA,2026-27,False,False,2014-15: PUNT D'ATAC; 2015-16: PUNT D ATAC; 2016-17: PUNT D'ATAC; 2017-18: PUNT D'ATAC; 2018-19: PUNT D'ATAC; 2019-20: TARRAGONA; 2020-21: TARRAGONA; 2021-22: TARRAGONA; 2022-23: TARRAGONA; 2023-24: TARRAGONA; 2024-25: TARRAGONA; 2025-26: TARRAGONA; 2026-27: TARRAGONA
casals-oliva-jaume,"CASALS OLIVA, JAUME","Casals Oliva, Jaume",14,B EL MASNOU,2023-24,False,False,2014-15: EL MASNOU; 2015-16: EL CASINET MASNOU; 2016-17: PREMIA; 2017-18: PREMIA; 2018-19: EL MASNOU; 2019-20: EL MASNOU; 2021-22: PREMIA; 2023-24: B EL MASNOU
casas-jimenez-francisco,"CASAS JIMÉNEZ, FRANCISCO","Casas Jiménez, Francisco",,MONTMELO,2016-17,False,False,2014-15: 08 MONTMELO; 2015-16: MONTMELO; 2016-17: MONTMELO
castane-escubeyro-joaquim,"CASTAÑÉ ESCUBEYRO, JOAQUIM","Castañé Escubeyro, Joaquim",,LLINARS,2019-20,False,False,2019-20: LLINARS
castane-sitjas-jordi,"CASTAÑE SITJAS, JORDI","Castañe Sitjas, Jordi",,MOLLET,2019-20,False,False,2014-15: 02 MOLLET; 2015-16: MOLLET; 2016-17: MOLLET; 2017-18: MOLLET; 2018-19: MOLLET; 2019-20: MOLLET
castells-lopez-isaac,"CASTELLS LÓPEZ, ISAAC","Castells López, Isaac",,CASAL CERVERA,2021-22,False,False,2018-19: CERVERA; 2019-20: CERVERA; 2021-22: CASAL CERVERA
castellvi-pane-xavier,"CASTELLVÍ PANÉ, XAVIER","Castellví Pané, Xavier",,CERVERA,2019-20,False,False,2019-20: CERVERA
castillo-algar-juan-carlos,"CASTILLO ALGAR, JUAN CARLOS","Castillo Algar, Juan Carlos",169,SANTS,2026-27,False,False,2014-15: SANTS; 2015-16: SANTS; 2016-17: SANTS; 2017-18: SANTS; 2018-19: SANTS; 2019-20: SANTS; 2020-21: SANTS; 2021-22: SANTS; 2022-23: SANTS; 2023-24: SANTS; 2024-25: SANTS; 2025-26: SANTS; 2026-27: SANTS
castro-calvo-manuel,"CASTRO CALVO, MANUEL","Castro Calvo, Manuel",659,SANTS,2026-27,False,False,2014-15: 06 LA UNIO CORAL; 2015-16: LA UNIO CORAL; 2016-17: UNIO CORAL; 2017-18: UNIO CORAL; 2018-19: UNIO CORAL; 2019-20: UNIO CORAL; 2021-22: BARCELONA; 2022-23: BARCELONA; 2023-24: BARCELONA; 2024-25: SANTS; 2025-26: SANTS; 2026-27: SANTS
castro-sanjuan-norberto,"CASTRO SANJUAN, NORBERTO","Castro Sanjuan, Norberto",1609,MONT ROIG,2023-24,False,False,2018-19: MONT ROIG; 2019-20: MONT ROIG; 2023-24: MONT ROIG
castro-tellez-henry,"CASTRO TÉLLEZ, HENRY","Castro Téllez, Henry",1245,MONFORTE,2026-27,True,True,2015-16: MONFORTE; 2016-17: MONFORTE; 2017-18: MONFORTE; 2018-19: MONFORTE; 2019-20: MONFORTE; 2020-21: MONFORTE; 2021-22: MONFORTE; 2023-24: MONFORTE; 2024-25: MONFORTE; 2025-26: MONFORTE; 2026-27: MONFORTE
ceferino-palacio-victor-hugo,"CEFERINO PALACIO, VICTOR HUGO","Ceferino Palacio, Victor Hugo",2370,BANYOLES,2024-25,False,False,2022-23: BANYOLES; 2023-24: BANYOLES; 2024-25: BANYOLES
cendros-fonollet-lluis,"CENDROS FONOLLET, LLUIS","Cendros Fonollet, Lluis",1479,BARCELONA,2024-25,False,False,2018-19: BARCELONA; 2019-20: BARCELONA; 2020-21: BARCELONA; 2021-22: BARCELONA; 2022-23: BARCELONA; 2023-24: BARCELONA; 2024-25: BARCELONA
cervera-mur-jordi,"CERVERA MUR, JORDI","Cervera Mur, Jordi",173,VILANOVA,2026-27,False,False,2014-15: ALBA; 2015-16: ALBA; 2017-18: MATARO; 2018-19: EL MASNOU; 2019-20: EL MASNOU; 2021-22: VILANOVA; 2022-23: CAP; 2023-24: VILANOVA; 2024-25: VILANOVA; 2025-26: VILANOVA; 2026-27: VILANOVA
cervera-sans-gabriel,"CERVERA SANS, GABRIEL","Cervera Sans, Gabriel",1906,MONFORTE,2026-27,True,True,2018-19: MONFORTE; 2019-20: MONFORTE; 2020-21: MONFORTE; 2021-22: MONFORTE; 2022-23: MONFORTE; 2024-25: MONFORTE; 2025-26: MONFORTE; 2026-27: MONFORTE
chacon-lopez-carlos-j,"CHACÓN LÓPEZ, CARLOS J.","Chacón López, Carlos J.",661,MONT ROIG,2026-27,False,False,2014-15: 11 PUNT D'ATAC; 2015-16: PUNT D ATAC; 2016-17: PUNT D'ATAC; 2017-18: PUNT D'ATAC; 2018-19: PUNT D'ATAC; 2019-20: TARRAGONA; 2020-21: TARRAGONA; 2024-25: MONT ROIG; 2025-26: MONT ROIG; 2026-27: MONT ROIG
chaura-gallego-santiago,"CHAURA GALLEGO, SANTIAGO","Chaura Gallego, Santiago",2485,SANT ADRIA,2023-24,False,False,2023-24: SANT ADRIA
chaves-romero-ferney,"CHAVES ROMERO, FERNEY","Chaves Romero, Ferney",1946,F MOLINS,2026-27,False,False,2018-19: CERDANYOLA; 2019-20: CERDANYOLA; 2020-21: CERDANYOLA; 2021-22: CERDANYOLA; 2022-23: 2000 CERDANYOLA; 2023-24: SBF MOLINS; 2024-25: FOMENT MOLINS; 2025-26: FOMENT MOLINS; 2026-27: F MOLINS
chaves-romero-luis-alberto,"CHAVES ROMERO, LUIS ALBERTO","Chaves Romero, Luis Alberto",2545,F MOLINS,2025-26,False,False,2024-25: FOMENT MOLINS; 2025-26: F MOLINS
checa-fuentes-dionisio,"CHECA FUENTES, DIONISIO","Checa Fuentes, Dionisio",31,PREMIA,2026-27,False,False,2017-18: PREMIA; 2020-21: PREMIA; 2021-22: PREMIA; 2022-23: PREMIA; 2025-26: PREMIA; 2026-27: PREMIA
chenoll-castro-enric,"CHENOLL CASTRO, ENRIC","Chenoll Castro, Enric",78,MONFORTE,2025-26,True,True,2014-15: 04 MONFORTE; 2015-16: MONFORTE; 2016-17: MONFORTE; 2017-18: MONFORTE; 2018-19: MONFORTE; 2019-20: MONFORTE; 2023-24: MONFORTE; 2024-25: MONFORTE; 2025-26: MONFORTE
chiriaco-napolitano-luigi,"CHIRIACO NAPOLITANO, LUIGI","Chiriaco Napolitano, Luigi",1982,MANRESA,2026-27,False,False,2022-23: MANRESA; 2023-24: MANRESA; 2024-25: MANRESA; 2025-26: MANRESA; 2026-27: MANRESA
chiva-cervera-alfonso,"CHIVA CERVERA, ALFONSO","Chiva Cervera, Alfonso",174,LLINARS,2025-26,False,False,2014-15: LLINARS; 2015-16: LLINARS; 2016-17: LLINARS; 2018-19: LLINARS; 2020-21: LLINARS; 2021-22: LLINARS; 2022-23: LLINARS; 2023-24: LLINARS; 2024-25: CAP; 2025-26: LLINARS
chuecos-enriquez-luis,"CHUECOS ENRIQUEZ, LUIS","Chuecos Enriquez, Luis",2535,MONFORTE,2026-27,True,True,2024-25: SANTS; 2025-26: SANTS; 2026-27: MONFORTE
chumillas-invernon-cristobal,"CHUMILLAS INVERNON, CRISTOBAL","Chumillas Invernon, Cristobal",9,SANTS,2026-27,False,False,2015-16: EL CASINET MASNOU; 2016-17: SANTS; 2017-18: SANTS; 2018-19: SANTS; 2019-20: SANTS; 2020-21: SANTS; 2021-22: SANTS; 2022-23: SANTS; 2023-24: SANTS; 2024-25: SANTS; 2025-26: SANTS; 2026-27: SANTS
clapes-miro-jordi,"CLAPÉS MIRÓ, JORDI","Clapés Miró, Jordi",176,GRANOLLERS,2026-27,False,False,2014-15: GRANOLLERS; 2015-16: GRANOLLERS; 2016-17: GRANOLLERS; 2017-18: LLINARS; 2018-19: LLINARS; 2019-20: LLINARS; 2020-21: GRANOLLERS; 2021-22: GRANOLLERS; 2022-23: LLINARS; 2023-24: LLINARS; 2024-25: LLINARS; 2025-26: LLINARS; 2026-27: GRANOLLERS
claveria-abizanda-miguel-angel,"CLAVERÍA ABIZANDA, MIGUEL ANGEL","Clavería Abizanda, Miguel Angel",,LLEIDA,2021-22,False,False,2014-15: 02 LLEIDA; 2015-16: LLEIDA; 2016-17: LLEIDA; 2017-18: LLEIDA; 2019-20: LLEIDA; 2021-22: LLEIDA
coca-benaiges-antoni,"COCA BENAIGES, ANTONI","Coca Benaiges, Antoni",,SANTS,2021-22,False,False,2014-15: SANTS; 2015-16: SANTS; 2016-17: SANTS; 2017-18: SANTS; 2018-19: SANTS; 2019-20: SANTS; 2020-21: SANTS; 2021-22: SANTS
codina-llonch-marc,"CODINA LLONCH, MARC","Codina Llonch, Marc",,VIC,2022-23,False,False,2022-23: VIC
colell-llop-quim,"COLELL LLOP, QUIM","Colell Llop, Quim",666,LLEIDA,2026-27,False,False,2014-15: 10 LLEIDA; 2015-16: LLEIDA; 2016-17: LLEIDA; 2017-18: LLEIDA; 2018-19: LLEIDA; 2019-20: LLEIDA; 2020-21: LLEIDA; 2021-22: LLEIDA; 2022-23: LLEIDA; 2023-24: LLEIDA; 2024-25: LLEIDA; 2026-27: LLEIDA
collado-banchs-francesc,"COLLADO BANCHS, FRANCESC","Collado Banchs, Francesc",181,CANET DE MAR,2026-27,False,False,2014-15: 01 CANET; 2015-16: CANET DE MAR; 2016-17: CANET; 2017-18: CANET DE MAR; 2018-19: CANET DE MAR; 2019-20: CANET; 2020-21: CANET; 2021-22: CANET; 2022-23: CANET; 2023-24: CANET; 2024-25: CANET; 2025-26: CANET; 2026-27: CANET DE MAR
colldelram-rovira-josep-maria,"COLLDELRAM ROVIRA, JOSEP MARIA","Colldelram Rovira, Josep Maria",,VIC,2021-22,False,False,2017-18: VIC; 2018-19: VIC; 2019-20: VIC; 2021-22: VIC
colom-cots-joan,"COLOM COTS, JOAN","Colom Cots, Joan",,BANYOLES,2015-16,False,False,2015-16: BANYOLES
colom-freire-jaume,"COLOM FREIRE, JAUME","Colom Freire, Jaume",,CERDANYOLA,2018-19,False,False,2014-15: 04 2000 CERDANYOLA; 2015-16: 2000 CERDANYOLA; 2016-17: CERDANYOLA; 2017-18: CERDANYOLA; 2018-19: CERDANYOLA
colomina-samso-josep,"COLOMINA SAMSO, JOSEP","Colomina Samso, Josep",2657,CENTELLES,2026-27,False,False,2025-26: CENTELLES; 2026-27: CENTELLES
comabella-huguet-jose-ramon,"COMABELLA HUGUET, JOSÉ RAMÓN","Comabella Huguet, José Ramón",669,CORAL COLON,2026-27,False,False,2014-15: 03 PREMIA; 2015-16: PREMIA; 2019-20: CORAL COLON; 2020-21: CORAL COLON; 2021-22: CORAL COLON; 2022-23: CORAL COLON; 2023-24: CORAL COLON; 2024-25: CORAL COLON; 2025-26: CORAL COLON; 2026-27: CORAL COLON
comas-ferrer-jordi,"COMAS FERRER, JORDI","Comas Ferrer, Jordi",,LLINARS,2022-23,False,False,2014-15: LLINARS; 2015-16: LLINARS; 2016-17: LLINARS; 2017-18: LLINARS; 2018-19: LLINARS; 2019-20: LLINARS; 2020-21: LLINARS; 2021-22: LLINARS; 2022-23: LLINARS
conejero-alcazar-francisco,"CONEJERO ALCÁZAR, FRANCISCO","Conejero Alcázar, Francisco",,MONFORTE,2019-20,False,True,2019-20: MONFORTE
conesa-armero-jaume,"CONESA ARMERO, JAUME","Conesa Armero, Jaume",2409,EL MASNOU,2026-27,False,False,2026-27: EL MASNOU
coranti-del-castillo-andres,"CORANTI DEL CASTILLO, ANDRÉS","Coranti Del Castillo, Andrés",185,LLINARS,2026-27,False,False,2014-15: LLINARS; 2015-16: LLINARS; 2016-17: LLINARS; 2017-18: LLINARS; 2018-19: LLINARS; 2019-20: LLINARS; 2025-26: LLINARS; 2026-27: LLINARS
corbella-garreta-joan,"CORBELLA GARRETA, JOAN","Corbella Garreta, Joan",,PUNT D'ATAC,2016-17,False,False,2014-15: PUNT D'ATAC; 2016-17: PUNT D'ATAC
cordoba-biaz-jose-carlos,"CÓRDOBA BIAZ, JOSÉ CARLOS","Córdoba Biaz, José Carlos",1415,TARRAGONA,2022-23,False,False,2022-23: TARRAGONA
cordon-sosa-juan,"CORDÓN SOSA, JUAN","Cordón Sosa, Juan",2190,CARDONA,2026-27,False,False,2021-22: CARDONA; 2022-23: CARDONA; 2023-24: CARDONA; 2024-25: CARDONA; 2025-26: CARDONA; 2026-27: CARDONA
corominas-franch-esteve,"COROMINAS FRANCH, ESTEVE","Corominas Franch, Esteve",1310,BANYOLES,2026-27,False,False,2016-17: BANYOLES; 2017-18: BANYOLES; 2018-19: BANYOLES; 2019-20: BANYOLES; 2021-22: BANYOLES; 2022-23: BANYOLES; 2023-24: BANYOLES; 2024-25: BANYOLES; 2025-26: BANYOLES; 2026-27: BANYOLES
coronado-soto-josep,"CORONADO SOTO, JOSEP","Coronado Soto, Josep",186,LLINARS,2026-27,False,False,2014-15: LLINARS; 2021-22: LLINARS; 2022-23: LLINARS; 2023-24: LLINARS; 2024-25: LLINARS; 2026-27: LLINARS
corpas-natoli-fernando,"CORPAS NATOLI, FERNANDO","Corpas Natoli, Fernando",671,LLINARS,2026-27,False,False,2018-19: F MOLINS; 2019-20: MOLINS; 2021-22: FOMENT MOLINS; 2022-23: MOLINS; 2023-24: F MOLINS; 2024-25: GRANOLLERS; 2025-26: GRANOLLERS; 2026-27: LLINARS
correa-garrido-alberto,"CORREA GARRIDO, ALBERTO","Correa Garrido, Alberto",,UNIO CORAL,2018-19,False,False,2014-15: 06 LA UNIO CORAL; 2016-17: UNIO CORAL; 2018-19: UNIO CORAL
cortada-ruz-jaime,"CORTADA RUZ, JAIME","Cortada Ruz, Jaime",,LLEIDA,2015-16,False,False,2015-16: LLEIDA
cortes-sanchez-jose,"CORTÉS SÁNCHEZ, JOSÉ","Cortés Sánchez, José",1990,CORAL COLON,2026-27,False,False,2019-20: CORAL COLON; 2020-21: CORAL COLON; 2021-22: CORAL COLON; 2022-23: CORAL COLON; 2023-24: CORAL COLON; 2024-25: CORAL COLON; 2025-26: CORAL COLON; 2026-27: CORAL COLON
cortes-testillano-francisco,"CORTÉS TESTILLANO, FRANCISCO","Cortés Testillano, Francisco",,TARRAGONA,2019-20,False,False,2014-15: 02 TARRAGONA; 2015-16: TARRAGONA; 2016-17: TARRAGONA; 2017-18: TARRAGONA; 2018-19: TARRAGONA; 2019-20: TARRAGONA
costa-gasquez-sergi,"COSTA GÁSQUEZ, SERGI","Costa Gásquez, Sergi",189,MONFORTE,2025-26,True,True,2014-15: MONFORTE; 2015-16: MONFORTE; 2016-17: MONFORTE; 2017-18: MONFORTE; 2018-19: MONFORTE; 2019-20: MONFORTE; 2020-21: MONFORTE; 2021-22: MONFORTE; 2022-23: MONFORTE; 2023-24: MONFORTE; 2024-25: MONFORTE; 2025-26: MONFORTE
costa-ribo-sergi,"COSTA RIBÓ, SERGI","Costa Ribó, Sergi",,CENTELLES,2019-20,False,False,2014-15: VIC; 2017-18: VIC; 2018-19: VIC; 2019-20: CENTELLES
costa-salvans-miquel,"COSTA SALVANS, MIQUEL","Costa Salvans, Miquel",1233,VIC,2026-27,False,False,2015-16: VIC; 2016-17: VIC; 2017-18: VIC; 2018-19: VIC; 2019-20: VIC; 2020-21: VIC; 2021-22: VIC; 2023-24: VIC; 2024-25: VIC; 2025-26: VIC; 2026-27: VIC
costabella-portella-josep,"COSTABELLA PORTELLA, JOSEP","Costabella Portella, Josep",2835,BANYOLES,2026-27,False,False,2026-27: BANYOLES
cot-romera-ramon,"COT ROMERA, RAMÓN","Cot Romera, Ramón",,2000 CERDANYOLA,2015-16,False,False,2014-15: 04 2000 CERDANYOLA; 2015-16: 2000 CERDANYOLA
crego-guerrero-didier,"CREGO GUERRERO, DIDIER","Crego Guerrero, Didier",1269,LLICA D'AMUNT,2026-27,False,False,2015-16: DANY ELLS; 2016-17: DANY'ELLS; 2017-18: DANY ELLS; 2018-19: DANY ELLS; 2019-20: SANT FELIU; 2021-22: SANT FELIU; 2022-23: SANT FELIU; 2023-24: LLICA D'AMUNT; 2024-25: LLICA AMUNT; 2025-26: LLICA D'AMUNT; 2026-27: LLICA D'AMUNT
crespo-alcala-carlos,"CRESPO ALCALA, CARLOS","Crespo Alcala, Carlos",,,,False,False,
cristobal-cebolla-carlos,"CRISTÓBAL CEBOLLA, CARLOS","Cristóbal Cebolla, Carlos",1228,PREMIA,2026-27,False,False,2015-16: PREMIA; 2017-18: PREMIA; 2018-19: PREMIA; 2019-20: PREMIA; 2020-21: PREMIA; 2021-22: PREMIA; 2022-23: PREMIA; 2023-24: PREMIA; 2024-25: PREMIA; 2025-26: PREMIA; 2026-27: PREMIA
cros-gelma-pere,"CROS GELMA, PERE","Cros Gelma, Pere",,BANYOLES,2021-22,False,False,2014-15: 06 BANYOLES; 2019-20: BANYOLES; 2021-22: BANYOLES
cruells-ribera-eusebi,"CRUELLS RIBERA, EUSEBI","Cruells Ribera, Eusebi",,,,False,False,
cruz-burot-josep,"CRUZ BUROT, JOSEP","Cruz Burot, Josep",,MATARO,2017-18,False,False,2014-15: 07 MATARO; 2015-16: MATARO; 2016-17: MATARO; 2017-18: MATARO
cruz-lorenzanza-angel,"CRUZ LORENZANZA, ÁNGEL","Cruz Lorenzanza, Ángel",2528,LLICA D'AMUNT,2026-27,False,False,2024-25: LLICA D'AMUNT; 2025-26: LLICA D AMUNT; 2026-27: LLICA D'AMUNT
cuartas-cardenas-marino,"CUARTAS CARDENAS, MARINO","Cuartas Cardenas, Marino",2516,CANET DE MAR,2026-27,False,False,2014-15: CANET DE MAR; 2024-25: CANET; 2025-26: CANET; 2026-27: CANET DE MAR
cuenca-pardo-manuel,"CUENCA PARDO, MANUEL","Cuenca Pardo, Manuel",,SANTS,2017-18,False,True,2014-15: 04 MONFORTE; 2015-16: MONFORTE; 2016-17: MONFORTE; 2017-18: SANTS
cuevas-galan-pablo,"CUEVAS GALAN, PABLO","Cuevas Galan, Pablo",12,GRANOLLERS,2026-27,False,False,2014-15: 06 GRANOLLERS; 2015-16: LLICA D'AMUNT; 2016-17: GRANOLLERS; 2017-18: GRANOLLERS; 2018-19: GRANOLLERS; 2021-22: GRANOLLERS; 2022-23: GRANOLLERS; 2023-24: GRANOLLERS; 2024-25: GRANOLLERS; 2025-26: GRANOLLERS; 2026-27: GRANOLLERS
cusine-barber-manuel,"CUSINÉ BARBER, MANUEL","Cusiné Barber, Manuel",1179,LLEIDA,2026-27,False,False,2014-15: L'AMISTAT MOLLERUSSA; 2015-16: L'AMISTAT MOLLERUSSA; 2016-17: LLEIDA; 2017-18: LLEIDA; 2018-19: L'AMISTAT; 2019-20: L'AMISTAT; 2020-21: LLEIDA; 2021-22: LLEIDA; 2022-23: LLEIDA; 2023-24: LLEIDA; 2024-25: LLEIDA; 2025-26: LLEIDA; 2026-27: LLEIDA
da-silva-rivilla-alvaro,"DA SILVA RIVILLA, ÁLVARO","Da Silva Rivilla, Álvaro",2512,BANYOLES,2026-27,False,False,2024-25: BANYOLES; 2025-26: BANYOLES; 2026-27: BANYOLES
dalmau-sune-enric,"DALMAU SUÑE, ENRIC","Dalmau Suñe, Enric",201,SANTS,2026-27,False,False,2014-15: 05 SANTS; 2015-16: SANTS; 2016-17: SANTS; 2017-18: SANTS; 2018-19: SANTS; 2019-20: SANTS; 2020-21: SANTS; 2021-22: SANTS; 2022-23: SANTS; 2023-24: SANTS; 2024-25: SANTS; 2025-26: SANTS; 2026-27: SANTS
danes-rodriguez-isaac,"DANES RODRIGUEZ, ISAAC","Danes Rodriguez, Isaac",2392,CORAL COLON,2023-24,False,False,2022-23: CORAL COLON; 2023-24: CORAL COLON
daude-costa-alberto,"DAUDE COSTA, ALBERTO","Daude Costa, Alberto",678,LA UNIO CORAL,2026-27,False,False,2014-15: 06 LA UNIO CORAL; 2015-16: LA UNIO CORAL; 2016-17: UNIO CORAL; 2017-18: UNIO CORAL; 2018-19: UNIO CORAL; 2019-20: UNIO CORAL; 2021-22: B UNIO CORAL; 2022-23: B LA UNIO CORAL; 2023-24: B LA UNIO CORAL; 2024-25: B LA UNIO CORAL; 2025-26: LA UNIO CORAL; 2026-27: LA UNIO CORAL
davila-silva-henry,"DAVILA SILVA, HENRY","Davila Silva, Henry",73,LLEIDA,2026-27,False,False,2014-15: 02 LLEIDA; 2015-16: LLEIDA; 2016-17: LLEIDA; 2017-18: LLEIDA; 2018-19: LLEIDA; 2019-20: LLEIDA; 2020-21: LLEIDA; 2021-22: LLEIDA; 2022-23: LLEIDA; 2023-24: LLEIDA; 2024-25: LLEIDA; 2025-26: LLEIDA; 2026-27: LLEIDA
de-la-hoz-alonso-miquel,"DE LA HOZ ALONSO, MIQUEL","De La Hoz Alonso, Miquel",203,CANET DE MAR,2026-27,False,False,2014-15: 01 CANET; 2015-16: CANET DE MAR; 2016-17: CANET; 2017-18: CANET; 2018-19: CANET; 2019-20: CANET; 2020-21: CANET; 2021-22: CANET; 2022-23: CANET; 2023-24: CANET; 2024-25: CANET; 2025-26: CANET; 2026-27: CANET DE MAR
de-la-rosa-jurado-narcis,"DE LA ROSA JURADO, NARCIS","De La Rosa Jurado, Narcis",,MONTMELO,2015-16,False,False,2015-16: MONTMELO
de-los-rios-martinez-jose,"DE LOS RÍOS MARTÍNEZ, JOSÉ","De Los Ríos Martínez, José",2429,MATARO,2026-27,False,False,2025-26: MATARO; 2026-27: MATARO
de-paco-mellado-pablo,"DE PACO MELLADO, PABLO","De Paco Mellado, Pablo",,LA COLMENA,2019-20,False,False,2017-18: LA COLMENA; 2018-19: LA COLMENA; 2019-20: LA COLMENA
de-rocafiguera-gibert-xavier,"DE ROCAFIGUERA GIBERT, XAVIER","De Rocafiguera Gibert, Xavier",,BARCELONA,2017-18,False,False,2017-18: BARCELONA
de-vega-gracia-carlos,"DE VEGA GRACIA, CARLOS","De Vega Gracia, Carlos",2486,CASAL CERVERA,2026-27,False,False,2023-24: LLINARS; 2024-25: LLINARS; 2025-26: CASAL DE CERVERA; 2026-27: CASAL CERVERA
deibis-fernandez-yhojan,"DEIBIS FERNÁNDEZ, YHOJAN","Deibis Fernández, Yhojan",1176,2000 CERDANYOLA,2026-27,False,False,2014-15: PRAT; 2015-16: MONTMELO; 2016-17: EL PRAT; 2017-18: EL PRAT; 2018-19: PRAT; 2019-20: EL PRAT; 2020-21: MOLLET; 2021-22: MOLLET; 2022-23: MOLLET; 2023-24: MOLLET; 2024-25: MOLLET; 2025-26: MOLLET; 2026-27: 2000 CERDANYOLA
delgado-bosch-jo-ma,"DELGADO BOSCH, Jº Mª","Delgado Bosch, Jº Mª",2317,OLESA,2026-27,False,False,2022-23: OLESA; 2023-24: OLESA; 2024-25: OLESA; 2025-26: OLESA; 2026-27: OLESA
delmas-font-josep,"DELMAS FONT, JOSEP","Delmas Font, Josep",,BARCELONA,2016-17,False,False,2014-15: 02 BARCELONA; 2015-16: BARCELONA; 2016-17: BARCELONA
desa-antonio-sergio,"DESA, ANTONIO SERGIO","Desa, Antonio Sergio",683,MATADEPERA,2026-27,False,False,2026-27: MATADEPERA
deulofeu-vilarnau-llorenc,"DEULOFEU VILARNAU, LLORENÇ","Deulofeu Vilarnau, Llorenç",2474,GEIEG,2023-24,False,False,2022-23: GEIEG; 2023-24: GEIEG
devesa-lopez-gonzalo,"DEVESA LÓPEZ, GONZALO","Devesa López, Gonzalo",685,PUNT DATAC,2024-25,False,False,2023-24: PUNT DATAC; 2024-25: PUNT DATAC
diaz-barreiro-jose-tomas,"DIAZ BARREIRO, JOSÉ TOMÁS","Diaz Barreiro, José Tomás",,,,False,False,
diaz-lunar-serafin,"DIAZ LUNAR, SERAFIN","Diaz Lunar, Serafin",,,,False,False,
diaz-moreno-milton-cesar,"DIAZ MORENO, MILTON CESAR","Diaz Moreno, Milton Cesar",2792,VIC,2026-27,False,False,2026-27: VIC
diez-ayza-xavier,"DIEZ AYZA, XAVIER","Diez Ayza, Xavier",206,CENTELLES,2026-27,False,False,2014-15: CENTELLES; 2015-16: CENTELLES; 2016-17: CENTELLES; 2017-18: CENTELLES; 2018-19: CENTELLES; 2019-20: CENTELLES; 2021-22: CENTELLES; 2022-23: CENTELLES; 2023-24: CENTELLES; 2024-25: CENTELLES; 2025-26: CENTELLES; 2026-27: CENTELLES
dios-ortega-jesus,"DIOS ORTEGA, JESÚS","Dios Ortega, Jesús",,MONTMELO,2016-17,False,False,2014-15: 08 MONTMELO; 2015-16: MONTMELO; 2016-17: MONTMELO
domingo-juan-jorge,"DOMINGO JUAN, JORGE","Domingo Juan, Jorge",1844,SANTS,2026-27,False,False,2021-22: SANTS; 2022-23: SANTS; 2023-24: SANTS; 2024-25: SANTS; 2025-26: SANTS; 2026-27: SANTS
donadeu-gonzalez-coviella-joan,"DONADEU GONZALEZ-COVIELLA, JOAN","Donadeu Gonzalez-Coviella, Joan",,GEIEG,2022-23,False,False,2017-18: GEIEG; 2019-20: GEIEG; 2021-22: GEIEG; 2022-23: GEIEG
donat-garay-arcadi,"DONAT GARAY, ARCADI","Donat Garay, Arcadi",2263,MONFORTE,2023-24,False,True,2023-24: MONFORTE
dorado-chavez-juan,"DORADO CHÁVEZ, JUAN","Dorado Chávez, Juan",1105,2000 CERDANYOLA,2025-26,False,False,2019-20: CERDANYOLA; 2020-21: CERDANYOLA; 2021-22: 2000 CERDANYOLA C AMISTAT; 2023-24: 2000 CERDANYOLA AMISTAT; 2024-25: 2000 CERDANYOLA; 2025-26: 2000 CERDANYOLA
duarte-rodriguez-daniel,"DUARTE RODRIGUEZ, DANIEL","Duarte Rodriguez, Daniel",209,LA GRAN PENYA,2026-27,False,False,2014-15: SANTS; 2015-16: SANTS; 2016-17: SANTS; 2017-18: SANTS; 2025-26: LA GRAN PENYA; 2026-27: LA GRAN PENYA
duarte-rodriguez-lorenzo,"DUARTE RODRIGUEZ, LORENZO","Duarte Rodriguez, Lorenzo",,CENTELLES,2019-20,False,False,2019-20: CENTELLES
duque-giraldo-carlos-alberto,"DUQUE GIRALDO, CARLOS ALBERTO","Duque Giraldo, Carlos Alberto",2480,SANTS,2026-27,False,False,2023-24: SANTS; 2024-25: SANTS; 2025-26: SANTS; 2026-27: SANTS
duque-mateo-francisco,"DUQUE MATEO, FRANCISCO","Duque Mateo, Francisco",1475,ALBA,2025-26,False,False,2017-18: PUNT D'ATAC; 2018-19: PUNT D'ATAC ZONA 1; 2019-20: PUNT D'ATAC; 2021-22: PUNT D'ATAC; 2022-23: PUNT D'ATAC; 2023-24: PUNT DATAC; 2024-25: ALBA; 2025-26: ALBA
duran-de-la-rosa-antonio,"DURÁN DE LA ROSA, ANTONIO","Durán De La Rosa, Antonio",1567,PREMIA,2023-24,False,False,2017-18: EL MASNOU; 2018-19: EL MASNOU; 2019-20: EL MASNOU; 2020-21: PREMIA; 2021-22: PREMIA; 2022-23: PREMIA; 2023-24: PREMIA
duran-salgado-jhon-eder,"DURÁN SALGADO, JHON EDER","Durán Salgado, Jhon Eder",2031,VIC,2026-27,False,False,2020-21: VIC; 2021-22: VIC; 2022-23: VIC; 2023-24: CENTELLES; 2024-25: CENTELLES; 2025-26: CENTELLES; 2026-27: VIC
elias-hernandez-ruben,"ELIAS HERNÁNDEZ, RUBÉN","Elias Hernández, Rubén",2389,,,False,False,
espejo-lopez-luis,"ESPEJO LÓPEZ, LUIS","Espejo López, Luis",,LLEIDA,2015-16,False,False,2015-16: LLEIDA
espejo-merino-manuel,"ESPEJO MERINO, MANUEL","Espejo Merino, Manuel",210,PUNT D'ATAC,2026-27,False,False,2013-14: PUNT D'ATAC; 2014-15: PUNT D'ATAC; 2015-16: PUNT D'ATAC; 2016-17: PUNT D'ATAC; 2017-18: PUNT D'ATAC; 2018-19: PUNT D'ATAC; 2019-20: PUNT D'ATAC; 2022-23: PUNT D'ATAC; 2023-24: PUNT DATAC; 2024-25: PUNT DATAC; 2025-26: PUNT ATAC; 2026-27: PUNT D'ATAC
espejo-molina-antonio,"ESPEJO MOLINA, ANTONIO","Espejo Molina, Antonio",1195,BARCELONA,2024-25,False,False,2014-15: 06 BARCELONA; 2015-16: BARCELONA; 2016-17: BARCELONA; 2017-18: BARCELONA; 2018-19: BARCELONA; 2019-20: BARCELONA; 2020-21: BARCELONA; 2021-22: BARCELONA; 2022-23: BARCELONA; 2023-24: BARCELONA; 2024-25: BARCELONA
espinasa-sanchez-joan,"ESPINASA SÁNCHEZ, JOAN","Espinasa Sánchez, Joan",211,GRANOLLERS,2026-27,False,False,2014-15: 09 CORAL COLON; 2015-16: CORAL COLON; 2016-17: CORAL COLON; 2017-18: CORAL COLON; 2018-19: VIC; 2019-20: VIC; 2020-21: GRANOLLERS; 2021-22: GRANOLLERS; 2022-23: GRANOLLERS; 2023-24: GRANOLLERS; 2024-25: GRANOLLERS; 2025-26: GRANOLLERS; 2026-27: GRANOLLERS
espinelli-miguel-angel,"ESPINELLI, MIGUEL ÁNGEL","Espinelli, Miguel Ángel",,CENTELLES,2019-20,False,False,2019-20: CENTELLES
estevez-pintor-jose,"ESTÉVEZ PINTOR, JOSÉ","Estévez Pintor, José",691,SANT FELIU,2026-27,False,False,2015-16: DANY ELLS; 2016-17: DANY'ELLS; 2017-18: DANY ELLS; 2018-19: DANY ELLS; 2019-20: SANT FELIU; 2021-22: SANT FELIU; 2022-23: SANT FELIU; 2023-24: SANT FELIU DE CODINES; 2024-25: SANT FELIU; 2025-26: SANT FELIU DE CODINES; 2026-27: SANT FELIU
estradera-sayerza-david,"ESTRADERA SAYERZA, DAVID","Estradera Sayerza, David",212,SANT FELIU,2026-27,False,False,2022-23: SANT FELIU; 2023-24: SANT FELIU; 2024-25: SANT FELIU; 2025-26: SANT FELIU; 2026-27: SANT FELIU
fabrega-santamaria-climent,"FABREGA SANTAMARIA, CLIMENT","Fabrega Santamaria, Climent",2054,MANRESA,2026-27,False,False,2021-22: MANRESA; 2022-23: MANRESA; 2023-24: MANRESA; 2024-25: MANRESA; 2026-27: MANRESA
fabregas-fontanet-antoni,"FÀBREGAS FONTANET, ANTONI","Fàbregas Fontanet, Antoni",,MONFORTE,2015-16,False,True,2014-15: 04 MONFORTE; 2015-16: MONFORTE
falco-bellart-marc,"FALCO BELLART, MARC","Falco Bellart, Marc",,,,False,False,
farina-villanueva-francisco,"FARIÑA VILLANUEVA, FRANCISCO","Fariña Villanueva, Francisco",1996,MONFORTE,2026-27,True,True,2019-20: MONFORTE; 2020-21: MONFORTE; 2021-22: MONFORTE; 2022-23: MONFORTE; 2023-24: MONFORTE; 2024-25: MONFORTE; 2025-26: MONFORTE; 2026-27: MONFORTE
farran-fernandez-marti,"FARRAN FERNÁNDEZ, MARTÍ","Farran Fernández, Martí",2410,EL MASNOU,2026-27,False,False,2025-26: B EL MASNOU; 2026-27: EL MASNOU
faura-tubau-jaume,"FAURA TUBAU, JAUME","Faura Tubau, Jaume",694,LA UNIO CORAL,2026-27,False,False,2014-15: 06 LA UNIO CORAL; 2015-16: LA UNIO CORAL; 2016-17: UNIO CORAL; 2017-18: UNIO CORAL; 2018-19: UNIO CORAL; 2019-20: UNIO CORAL; 2021-22: B UNIO CORAL; 2022-23: B LA UNIO CORAL; 2023-24: B LA UNIO CORAL; 2024-25: B LA UNIO CORAL; 2025-26: LA UNIO CORAL; 2026-27: LA UNIO CORAL
fecundez-martinez-joaquim,"FECÚNDEZ MARTÍNEZ, JOAQUIM","Fecúndez Martínez, Joaquim",,PREMIA,2019-20,False,False,2014-15: 03 PREMIA; 2015-16: PREMIA; 2016-17: PREMIA; 2017-18: PREMIA; 2018-19: PREMIA; 2019-20: PREMIA
feliu-pi-pere,"FELIU PI, PERE","Feliu Pi, Pere",214,2000 CERDANYOLA,2026-27,False,False,2014-15: 01 MOLLET; 2015-16: MOLLET; 2016-17: MOLLET; 2017-18: MOLLET; 2018-19: MOLLET; 2019-20: MOLLET; 2020-21: MOLLET; 2021-22: MOLLET; 2022-23: MOLLET; 2023-24: MOLLET; 2024-25: MOLLET; 2025-26: MOLLET; 2026-27: 2000 CERDANYOLA
fernandez-barragan-jorge,"FERNÁNDEZ BARRAGAN, JORGE","Fernández Barragan, Jorge",215,MONT ROIG,2026-27,False,False,2014-15: MONT ROIG; 2015-16: MONT ROIG; 2016-17: MONT ROIG; 2017-18: MONT ROIG; 2018-19: MONT ROIG; 2019-20: MONT ROIG; 2020-21: MONT ROIG; 2021-22: MONT ROIG; 2022-23: MONT ROIG; 2023-24: MONT ROIG; 2024-25: MONT ROIG; 2025-26: MONT ROIG; 2026-27: MONT ROIG
fernandez-callejon-alfredo,"FERNÁNDEZ CALLEJÓN, ALFREDO","Fernández Callejón, Alfredo",216,MATARO,2026-27,False,False,2014-15: 2000 CERDANYOLA; 2015-16: 2000 CERDANYOLA; 2016-17: CERDANYOLA; 2017-18: CERDANYOLA; 2018-19: CERDANYOLA; 2019-20: CERDANYOLA; 2020-21: CERDANYOLA; 2021-22: 2000 CERDANYOLA C AMISTAT; 2022-23: CERDANYOLA; 2023-24: 2000 CERDANYOLA AMISTAT; 2024-25: 2000 CERDANYOLA; 2025-26: 2000 CERDANYOLA; 2026-27: MATARO
fernandez-canovas-miguel,"FERNÁNDEZ CÁNOVAS, MIGUEL","Fernández Cánovas, Miguel",2750,SANTS,2026-27,False,False,2026-27: SANTS
fernandez-fernandez-angel,"FERNÁNDEZ FERNÁNDEZ, ANGEL","Fernández Fernández, Angel",,LA COLMENA,2016-17,False,False,2015-16: LA COLMENA; 2016-17: LA COLMENA
fernandez-fernandez-jorge,"FERNÁNDEZ FERNÁNDEZ, JORGE","Fernández Fernández, Jorge",,SANT BOI,2024-25,False,False,2022-23: SANT BOI; 2023-24: SANT BOI; 2024-25: SANT BOI
fernandez-morales-richard,"FERNÁNDEZ MORALES, RICHARD","Fernández Morales, Richard",,02 SANTS,2014-15,False,False,2014-15: 02 SANTS
fernandez-murcia-antonio,"FERNÁNDEZ MURCIA, ANTONIO","Fernández Murcia, Antonio",,TARRAGONA,2017-18,False,False,2017-18: TARRAGONA
fernandez-nunez-manuel,"FERNÁNDEZ NÚÑEZ, MANUEL","Fernández Núñez, Manuel",2546,MONFORTE,2026-27,True,True,2024-25: MONFORTE; 2025-26: MONFORTE; 2026-27: MONFORTE
fernandez-sepulveda-rafael,"FERNÁNDEZ SEPÚLVEDA, RAFAEL","Fernández Sepúlveda, Rafael",2779,MATARO,2026-27,False,False,2026-27: MATARO
fernandez-torres-daniel,"FERNÁNDEZ TORRES, DANIEL","Fernández Torres, Daniel",2419,SANTS,2026-27,False,False,2023-24: SANTS; 2024-25: SANTS; 2025-26: SANTS; 2026-27: SANTS
fernandez-velasco-enric,"FERNÁNDEZ VELASCO, ENRIC","Fernández Velasco, Enric",221,PUNT D'ATAC,2026-27,False,False,2013-14: PUNT D'ATAC; 2014-15: 04 PUNT D'ATAC; 2015-16: PUNT D ATAC; 2016-17: PUNT D'ATAC; 2017-18: PUNT D'ATAC; 2018-19: PUNT D'ATAC; 2019-20: PUNT D'ATAC; 2021-22: TARRAGONA; 2022-23: TARRAGONA; 2023-24: PUNT DATAC; 2024-25: PUNT DATAC; 2025-26: PUNT ATAC; 2026-27: PUNT D'ATAC
ferrando-costa-ramon,"FERRANDO COSTA, RAMÓN","Ferrando Costa, Ramón",,MONT ROIG,2017-18,False,False,2014-15: 04 MONT ROIG; 2015-16: MONT ROIG; 2016-17: MONT ROIG; 2017-18: MONT ROIG
ferrando-papio-ramon,"FERRANDO PAPIO, RAMÓN","Ferrando Papio, Ramón",701,MONT ROIG,2026-27,False,False,2014-15: MONT ROIG; 2015-16: MONT ROIG; 2016-17: MONT ROIG; 2017-18: MONT ROIG; 2018-19: MONT ROIG; 2019-20: MONT ROIG; 2020-21: MONT ROIG; 2021-22: MONT ROIG; 2022-23: MONT ROIG; 2023-24: MONT ROIG; 2024-25: MONT ROIG; 2025-26: MONT ROIG; 2026-27: MONT ROIG
ferre-guallar-jaume,"FERRÉ GUALLAR, JAUME","Ferré Guallar, Jaume",702,SANT ADRIA,2026-27,False,False,2014-15: 01 CANET; 2015-16: LLINARS; 2016-17: LLINARS; 2017-18: LLINARS; 2018-19: LLINARS; 2019-20: LLINARS; 2020-21: LLINARS; 2021-22: LLINARS; 2022-23: LLINARS; 2023-24: LLINARS; 2024-25: LLINARS; 2025-26: LLINARS; 2026-27: SANT ADRIA
ferrer-alonso-vicenc,"FERRER ALONSO, VICENÇ","Ferrer Alonso, Vicenç",,VIC,2020-21,False,False,2017-18: VIC; 2018-19: VIC; 2019-20: VIC; 2020-21: VIC
ferrer-gonzalez-joaquim,"FERRER GONZÁLEZ, JOAQUIM","Ferrer González, Joaquim",,SANT ADRIA,2024-25,False,False,2014-15: 05 SANT ADRIA; 2015-16: SANT ADRIA; 2016-17: SANT ADRIA; 2017-18: SANT ADRIA; 2018-19: SANT ADRIA; 2019-20: SANT ADRIA; 2021-22: SANT ADRIA; 2022-23: SANT ADRIA; 2023-24: SANT ADRIA; 2024-25: SANT ADRIA
fiol-alonso-david,"FIOL ALONSO, DAVID","Fiol Alonso, David",,SANT ADRIA,2019-20,False,False,2014-15: SANT ADRIA; 2015-16: SANT ADRIA; 2016-17: SANT ADRIA; 2017-18: SANT ADRIA; 2018-19: SANT ADRIA; 2019-20: SANT ADRIA
fiol-meszaros-ricard,"FIOL MESZAROS, RICARD","Fiol Meszaros, Ricard",,SANT ADRIA,2021-22,False,False,2014-15: SANT ADRIA; 2015-16: SANT ADRIA; 2016-17: SANT ADRIA; 2017-18: SANT ADRIA; 2018-19: SANT ADRIA; 2019-20: SANT ADRIA; 2020-21: SANT ADRIA; 2021-22: SANT ADRIA
flores-blay-sergi,"FLORES BLAY, SERGI","Flores Blay, Sergi",1237,CORAL COLON,2026-27,False,False,2015-16: CORAL COLON; 2016-17: CORAL COLON; 2017-18: CORAL COLON; 2018-19: CORAL COLON; 2019-20: CORAL COLON; 2020-21: CORAL COLON; 2021-22: CORAL COLON; 2022-23: CORAL COLON; 2023-24: CORAL COLON; 2024-25: CORAL COLON; 2025-26: CORAL COLON; 2026-27: CORAL COLON
fonellosa-caro-aleix,"FONELLOSA CARO, ALEIX","Fonellosa Caro, Aleix",,MONFORTE,2024-25,False,True,2022-23: MONFORTE; 2023-24: MONFORTE; 2024-25: MONFORTE
fonellosa-casanovas-xavier,"FONELLOSA CASANOVAS, XAVIER","Fonellosa Casanovas, Xavier",704,MONFORTE,2026-27,True,True,2014-15: 02 MONFORTE; 2015-16: MONFORTE; 2016-17: MONFORTE; 2017-18: MONFORTE; 2018-19: MONFORTE; 2019-20: MONFORTE; 2020-21: MONFORTE; 2021-22: MONFORTE; 2022-23: MONFORTE; 2023-24: MONFORTE; 2024-25: MONFORTE; 2025-26: MONFORTE; 2026-27: MONFORTE
font-borderas-jordi,"FONT BORDERAS, JORDI","Font Borderas, Jordi",1890,BARCELONA,2025-26,False,False,2018-19: BARCELONA; 2024-25: BARCELONA; 2025-26: BARCELONA
font-dalmau-frederic,"FONT DALMAU, FREDERIC","Font Dalmau, Frederic",,MONT ROIG B ZONA 1,2018-19,False,False,2014-15: MONT ROIG; 2015-16: MONT ROIG; 2016-17: MONT ROIG; 2017-18: MONT ROIG; 2018-19: MONT ROIG B ZONA 1
font-gimenez-joan-anton,"FONT GIMÉNEZ, JOAN ANTON","Font Giménez, Joan Anton",228,MONT ROIG,2026-27,False,False,2014-15: 01 MONT ROIG; 2015-16: MONT ROIG; 2016-17: MONT ROIG; 2017-18: MONT ROIG; 2018-19: MONT ROIG; 2019-20: MONT ROIG; 2020-21: MONT ROIG; 2021-22: MONT ROIG; 2022-23: MONT ROIG; 2023-24: MONT ROIG; 2024-25: MONT ROIG; 2025-26: MONT ROIG; 2026-27: MONT ROIG
fontanet-angosto-ricard,"FONTANET ANGOSTO, RICARD","Fontanet Angosto, Ricard",,CAP,2021-22,False,False,2016-17: MONTMELO; 2017-18: MONTMELO; 2018-19: MOLLET; 2019-20: VIC; 2021-22: CAP
fontanet-belles-joan-carles,"FONTANET BELLES, JOAN CARLES","Fontanet Belles, Joan Carles",707,F MOLINS,2026-27,False,False,2014-15: 06 LA UNIO CORAL; 2015-16: SANTS; 2016-17: SANTS; 2017-18: SANTS; 2018-19: SANTS; 2019-20: SANTS; 2020-21: SANTS; 2022-23: MOLINS; 2024-25: FOMENT MOLINS; 2025-26: FOMENT MOLINS; 2026-27: F MOLINS
fontes-fulquet-manel,"FONTES FULQUET, MANEL","Fontes Fulquet, Manel",30,SANT BOI,2026-27,False,False,2014-15: SANT BOI; 2015-16: SANT BOI; 2016-17: SANT BOI; 2017-18: SANT BOI; 2018-19: SANT BOI; 2019-20: SANT BOI; 2021-22: SANT BOI; 2022-23: SANT BOI; 2023-24: SANT BOI; 2024-25: SANT BOI; 2025-26: SANT BOI; 2026-27: SANT BOI
fornies-argiles-cesar-augusto,"FORNIÉS ARGILES, CÉSAR AUGUSTO","Forniés Argiles, César Augusto",231,2000 CERDANYOLA,2026-27,False,False,2014-15: CORAL COLON; 2020-21: CERDANYOLA; 2021-22: 2000 CERDANYOLA C AMISTAT; 2022-23: CERDANYOLA; 2023-24: 2000 CERDANYOLA AMISTAT; 2024-25: 2000 CERDANYOLA; 2025-26: 2000 CERDANYOLA; 2026-27: 2000 CERDANYOLA
forreiter-novello-marco,"FORREITER NOVELLO, MARCO","Forreiter Novello, Marco",1531,SBF MOLINS,2023-24,False,False,2018-19: MOLINS; 2019-20: F MOLINS; 2021-22: FOMENT MOLINS; 2022-23: MOLINS; 2023-24: SBF MOLINS
fortiana-bertran-francesc,"FORTIANA BERTRAN, FRANCESC","Fortiana Bertran, Francesc",,,,False,False,
fortuny-ros-jordi,"FORTUNY ROS, JORDI","Fortuny Ros, Jordi",1317,CANET DE MAR,2026-27,False,False,2016-17: LLINARS; 2017-18: LLINARS; 2018-19: LLINARS; 2019-20: LLINARS; 2020-21: LLINARS; 2021-22: LLINARS; 2022-23: CANET AMISTAT; 2023-24: CANET; 2024-25: CANET; 2025-26: CANET; 2026-27: CANET DE MAR
fradera-noe-jordi,"FRADERA NOÉ, JORDI","Fradera Noé, Jordi",,MATARO,2022-23,False,False,2019-20: MATARO; 2021-22: MATARO AMISTAT; 2022-23: MATARO
franquet-masip-albert,"FRANQUET MASIP, ALBERT","Franquet Masip, Albert",,CAP,2021-22,False,False,2014-15: CORAL COLON; 2015-16: CORAL COLON; 2016-17: CORAL COLON; 2017-18: CORAL COLON; 2018-19: CORAL COLON; 2019-20: CERDANYOLA; 2021-22: CAP
freixes-montserrat-josep,"FREIXES MONTSERRAT, JOSEP","Freixes Montserrat, Josep",,BLANES,2021-22,False,False,2015-16: BLANES; 2017-18: BLANES; 2018-19: BLANES; 2019-20: BLANES; 2020-21: BLANES; 2021-22: BLANES
fresquet-rodrigo-andreu,"FRESQUET RODRIGO, ANDREU","Fresquet Rodrigo, Andreu",,LLICA D'AMUNT,2015-16,False,False,2014-15: 08 LLICA D'AMUNT; 2015-16: LLICA D'AMUNT
fuente-jutgla-santi,"FUENTE JUTGLÀ, SANTI","Fuente Jutglà, Santi",1188,VIC,2026-27,False,False,2014-15: VIC; 2015-16: VIC; 2016-17: VIC; 2017-18: VIC; 2018-19: VIC; 2019-20: VIC; 2025-26: VIC; 2026-27: VIC
fuente-montane-nicolau,"FUENTE MONTANE, NICOLAU","Fuente Montane, Nicolau",1569,LLEIDA,2026-27,False,False,2018-19: LLEIDA; 2019-20: LLEIDA; 2020-21: LLEIDA; 2021-22: LLEIDA; 2025-26: LLEIDA; 2026-27: LLEIDA
fuentes-vargas-antonio,"FUENTES VARGAS, ANTONIO","Fuentes Vargas, Antonio",,04 SANTS,2014-15,False,False,2014-15: 04 SANTS
fulcara-mayne-joan,"FULCARA MAYNE, JOAN","Fulcara Mayne, Joan",,,,False,False,
galeano-amado-ramon,"GALEANO AMADO, RAMÓN","Galeano Amado, Ramón",2218,GEIEG,2026-27,False,False,2021-22: GEIEG; 2022-23: GEIEG; 2023-24: GEIEG; 2024-25: GEIEG; 2025-26: GEIEG; 2026-27: GEIEG
galeano-carrillo-jassir-alexander,"GALEANO CARRILLO, JASSIR ALEXANDER","Galeano Carrillo, Jassir Alexander",2811,BARCELONA,2026-27,False,False,2026-27: BARCELONA
galisteo-moral-carlos,"GALISTEO MORAL, CARLOS","Galisteo Moral, Carlos",2397,LA GRAN PENYA,2025-26,False,False,2022-23: LA GRAN PENYA; 2024-25: LA GRAN PENYA; 2025-26: LA GRAN PENYA
gallego-lancuentra-alex,"GALLEGO LANCUENTRA, ALEX","Gallego Lancuentra, Alex",,LLEIDA,2017-18,False,False,2017-18: LLEIDA
gallego-martin-josep-ll,"GALLEGO MARTÍN, JOSEP LL.","Gallego Martín, Josep Ll.",713,SANTS,2026-27,False,False,2023-24: SANTS; 2024-25: SANTS; 2025-26: SANTS; 2026-27: SANTS
galve-martinez-carlos,"GALVE MARTÍNEZ, CARLOS","Galve Martínez, Carlos",1264,PUNT D'ATAC,2026-27,False,False,2015-16: PUNT D'ATAC; 2016-17: PUNT D'ATAC; 2017-18: PUNT D'ATAC; 2018-19: PUNT D'ATAC; 2022-23: PUNT D'ATAC; 2023-24: PUNT DATAC; 2026-27: PUNT D'ATAC
galvez-jurado-francisco,"GÁLVEZ JURADO, FRANCISCO","Gálvez Jurado, Francisco",242,LLINARS,2026-27,False,False,2014-15: LLINARS; 2015-16: LLINARS; 2017-18: LLINARS; 2018-19: LLINARS; 2019-20: LLINARS; 2020-21: LLINARS; 2021-22: LLINARS; 2022-23: LLINARS; 2023-24: LLINARS; 2024-25: LLINARS; 2025-26: LLINARS; 2026-27: LLINARS
galvez-parejo-jose-maria,"GÁLVEZ PAREJO, JOSÉ MARÍA","Gálvez Parejo, José María",243,CANET DE MAR,2026-27,False,False,2014-15: 01 CANET; 2015-16: CANET DE MAR; 2016-17: CANET; 2017-18: CANET; 2018-19: CANET; 2019-20: CANET; 2020-21: CANET; 2021-22: CANET; 2022-23: CANET; 2023-24: CANET; 2024-25: CANET; 2025-26: CANET; 2026-27: CANET DE MAR
gamero-jimenez-joan-b,"GAMERO JIMÉNEZ, JOAN B.","Gamero Jiménez, Joan B.",,,,False,False,
garces-burballa-angel,"GARCÉS BURBALLA, ANGEL","Garcés Burballa, Angel",,LLEIDA,2016-17,False,False,2014-15: LLEIDA; 2015-16: LLEIDA; 2016-17: LLEIDA
garces-burballa-daniel,"GARCÉS BURBALLA, DANIEL","Garcés Burballa, Daniel",,LLEIDA,2016-17,False,False,2014-15: LLEIDA; 2015-16: LLEIDA; 2016-17: LLEIDA
garces-turmo-carmelo,"GARCÉS TURMO, CARMELO","Garcés Turmo, Carmelo",1218,LLEIDA,2025-26,False,False,2015-16: LLEIDA; 2016-17: LLEIDA; 2017-18: LLEIDA; 2019-20: LLEIDA; 2020-21: LLEIDA; 2021-22: LLEIDA; 2022-23: LLEIDA; 2023-24: LLEIDA; 2024-25: LLEIDA; 2025-26: LLEIDA
garcia-aguado-miguel,"GARCÍA AGUADO, MIGUEL","García Aguado, Miguel",1469,SANTS,2026-27,False,False,2017-18: SANTS; 2018-19: SANTS; 2019-20: SANTS; 2020-21: SANTS; 2021-22: SANTS; 2022-23: SANTS; 2023-24: SANTS; 2024-25: SANTS; 2026-27: SANTS
garcia-alarcon-carlos,"GARCÍA ALARCÓN, CARLOS","García Alarcón, Carlos",69,B LA UNIO CORAL,2024-25,False,False,2014-15: 06 LA UNIO CORAL; 2015-16: LA UNIO CORAL; 2016-17: UNIO CORAL; 2017-18: UNIO CORAL; 2018-19: UNIO CORAL; 2019-20: UNIO CORAL; 2021-22: B UNIO CORAL; 2022-23: B LA UNIO CORAL; 2023-24: LA UNIO CORAL; 2024-25: B LA UNIO CORAL
garcia-alarcon-ricardo,"GARCÍA ALARCÓN, RICARDO","García Alarcón, Ricardo",716,MONFORTE,2026-27,True,True,2014-15: 12 LA COLMENA; 2015-16: VIC; 2016-17: VIC; 2017-18: VIC; 2018-19: VIC; 2019-20: VIC; 2022-23: LLINARS; 2023-24: LLINARS; 2024-25: MONFORTE; 2025-26: MONFORTE; 2026-27: MONFORTE
garcia-burgueno-eduardo,"GARCÍA BURGUEÑO, EDUARDO","García Burgueño, Eduardo",2522,MATARO,2026-27,False,False,2025-26: MATARO; 2026-27: MATARO
garcia-camargo-jose-manuel,"GARCÍA CAMARGO, JOSÉ MANUEL","García Camargo, José Manuel",2648,VILANOVA,2025-26,False,False,2025-26: VILANOVA
garcia-canadas-marco-antonio,"GARCÍA CAÑADAS, MARCO ANTONIO","García Cañadas, Marco Antonio",,MONFORTE,2019-20,False,True,2017-18: MONFORTE; 2018-19: MONFORTE; 2019-20: MONFORTE
garcia-castillo-antonio,"GARCÍA CASTILLO, ANTONIO","García Castillo, Antonio",2668,VIC,2026-27,False,False,2025-26: VIC; 2026-27: VIC
garcia-cobos-josep,"GARCÍA COBOS, JOSEP","García Cobos, Josep",,MATARO,2019-20,False,False,2018-19: MATARO; 2019-20: MATARO
garcia-corbalan-jesus,"GARCÍA CORBALÁN, JESÚS","García Corbalán, Jesús",1190,SANT BOI,2026-27,False,False,2014-15: 07 SANT BOI; 2015-16: SANT BOI; 2016-17: SANT BOI; 2017-18: SANT BOI; 2018-19: SANT BOI; 2019-20: SANT BOI; 2021-22: SANT BOI; 2022-23: SANT BOI; 2023-24: SANT BOI; 2024-25: SANT BOI; 2025-26: SANT BOI; 2026-27: SANT BOI
garcia-dominguez-jo-antonio,"GARCÍA DOMÍNGUEZ, Jº ANTONIO","García Domínguez, Jº Antonio",2196,CARDONA,2026-27,False,False,2026-27: CARDONA
garcia-duenas-adria,"GARCÍA DUEÑAS, ADRIÀ","García Dueñas, Adrià",249,GRANOLLERS,2023-24,False,False,2015-16: CENTELLES; 2016-17: CENTELLES; 2018-19: CENTELLES; 2019-20: MATADEPERA; 2020-21: MATADEPERA; 2021-22: CENTELLES; 2022-23: GRANOLLERS; 2023-24: GRANOLLERS
garcia-duran-carmelo,"GARCÍA DURÁN, CARMELO","García Durán, Carmelo",250,SANTS,2026-27,False,False,2014-15: LA COLMENA; 2015-16: LA COLMENA; 2016-17: LA COLMENA; 2017-18: LA COLMENA; 2018-19: LA COLMENA; 2019-20: LA COLMENA; 2022-23: SANTS; 2023-24: SANTS; 2024-25: SANTS; 2025-26: SANTS; 2026-27: SANTS
garcia-duran-manuel,"GARCÍA DURÁN, MANUEL","García Durán, Manuel",,LA COLMENA,2019-20,False,False,2014-15: 05 LA COLMENA; 2015-16: LA COLMENA; 2016-17: LA COLMENA; 2017-18: LA COLMENA; 2018-19: LA COLMENA; 2019-20: LA COLMENA
garcia-espada-alfredo,"GARCÍA ESPADA, ALFREDO","García Espada, Alfredo",1295,TARRAGONA,2022-23,False,False,2016-17: TARRAGONA; 2017-18: TARRAGONA; 2018-19: TARRAGONA; 2019-20: TARRAGONA; 2020-21: TARRAGONA; 2021-22: TARRAGONA; 2022-23: TARRAGONA
garcia-espigares-francisco,"GARCÍA ESPIGARES, FRANCISCO","García Espigares, Francisco",,SANT ADRIA,2021-22,False,False,2014-15: 02 SANT ADRIA; 2015-16: SANT ADRIA; 2016-17: SANT ADRIA; 2017-18: SANT ADRIA; 2018-19: SANT ADRIA; 2019-20: SANT ADRIA; 2021-22: SANT ADRIA
garcia-espigares-jose,"GARCÍA ESPIGARES, JOSÉ","García Espigares, José",253,PRAT,2026-27,False,False,2015-16: MONTMELO; 2016-17: MONTMELO; 2017-18: EL PRAT; 2020-21: PRAT; 2021-22: PRAT; 2022-23: SANT BOI; 2023-24: SANT BOI; 2024-25: FOMENT MOLINS; 2025-26: SANT BOI; 2026-27: PRAT
garcia-fores-manel,"GARCÍA FORÉS, MANEL","García Forés, Manel",2737,MONT ROIG,2026-27,False,False,2025-26: MONT ROIG; 2026-27: MONT ROIG
garcia-garcia-jordi,"GARCÍA GARCÍA, JORDI","García García, Jordi",16,LA UNIO CORAL,2026-27,False,False,2014-15: 01 FOMENT MOLINS; 2015-16: FOMENT MOLINS; 2016-17: FOMENT MOLINS; 2017-18: MOLINS; 2018-19: MOLINS; 2021-22: FOMENT MOLINS; 2022-23: MOLINS; 2023-24: SBF MOLINS; 2024-25: FOMENT MOLINS; 2025-26: FOMENT MOLINS; 2026-27: LA UNIO CORAL
garcia-garcia-pompilio,"GARCÍA GARCÍA, POMPILIO","García García, Pompilio",1229,PRAT,2026-27,False,False,2015-16: EL PRAT; 2017-18: EL PRAT; 2018-19: PRAT; 2019-20: EL PRAT; 2026-27: PRAT
garcia-gavilan-mario,"GARCÍA GAVILÁN, MARIO","García Gavilán, Mario",254,LA GRAN PENYA,2026-27,False,False,2014-15: 03 LA GRAN PENYA; 2015-16: LA GRAN PENYA; 2016-17: LA GRAN PENYA; 2017-18: LA GRAN PENYA; 2018-19: LA GRAN PENYA; 2019-20: LA GRAN PENYA; 2021-22: LA GRAN PENYA; 2022-23: LA GRAN PENYA; 2023-24: LA GRAN PENYA; 2024-25: GRAN PENYA; 2025-26: LA GRAN PENYA; 2026-27: LA GRAN PENYA
garcia-gil-xavier,"GARCÍA GIL, XAVIER","García Gil, Xavier",,SANTS,2016-17,False,False,2016-17: SANTS
garcia-gomez-antonio,"GARCÍA GÓMEZ, ANTONIO","García Gómez, Antonio",,CANET,2021-22,False,False,2014-15: 04 LLINARS; 2015-16: LLINARS; 2016-17: LLINARS; 2017-18: LLINARS; 2018-19: CANET; 2019-20: CANET; 2020-21: CANET DE MAR; 2021-22: CANET
garcia-gonzalez-jose-luis,"GARCÍA GONZÁLEZ, JOSÉ LUIS","García González, José Luis",2471,2000 CERDANYOLA,2026-27,False,False,2023-24: 2000 CERDANYOLA; 2024-25: 2000 CERDANYOLA; 2025-26: 2000 CERDANYOLA; 2026-27: 2000 CERDANYOLA
garcia-harutyunyan-maximo,"GARCÍA HARUTYUNYAN, MÁXIMO","García Harutyunyan, Máximo",,LA GRAN PENYA,2018-19,False,False,2018-19: LA GRAN PENYA
garcia-lopez-alfonso,"GARCÍA LÓPEZ, ALFONSO","García López, Alfonso",1242,F MOLINS,2026-27,False,False,2015-16: LA COLMENA; 2016-17: LA COLMENA; 2017-18: LA COLMENA; 2018-19: LA COLMENA; 2019-20: LA COLMENA; 2026-27: F MOLINS
garcia-mallalt-gabriel,"GARCÍA MALLALT, GABRIEL","García Mallalt, Gabriel",,,,False,False,
garcia-marin-fdo,"GARCÍA MARÍN, FDO.","García Marín, Fdo.",1483,TARRAGONA,2022-23,False,False,2021-22: TARRAGONA; 2022-23: TARRAGONA
garcia-marin-fernando,"GARCÍA MARÍN, FERNANDO","García Marín, Fernando",,PRAT,2021-22,False,False,2018-19: PRAT; 2019-20: EL PRAT; 2020-21: PRAT; 2021-22: PRAT
garcia-marques-cesar,"GARCÍA MARQUÉS, CÉSAR","García Marqués, César",1466,ALBA,2026-27,False,False,2017-18: ALBA; 2019-20: ALBA; 2020-21: ALBA; 2021-22: ALBA; 2022-23: ALBA; 2023-24: ALBA; 2024-25: ALBA; 2025-26: ALBA; 2026-27: ALBA
garcia-martinez-manuel,"GARCÍA MARTÍNEZ, MANUEL","García Martínez, Manuel",1530,GRANOLLERS,2026-27,False,False,2017-18: GRANOLLERS; 2018-19: GRANOLLERS; 2019-20: GRANOLLERS; 2020-21: GRANOLLERS; 2021-22: GRANOLLERS; 2022-23: GRANOLLERS; 2023-24: GRANOLLERS; 2024-25: GRANOLLERS; 2025-26: GRANOLLERS; 2026-27: GRANOLLERS
garcia-oliva-antonio-manuel,"GARCÍA OLIVA, ANTONIO MANUEL","García Oliva, Antonio Manuel",724,ALBA,2026-27,False,False,2014-15: 04 ALBA; 2015-16: ALBA; 2016-17: ALBA; 2017-18: ALBA; 2018-19: ALBA; 2019-20: ALBA; 2020-21: ALBA; 2021-22: ALBA; 2022-23: ALBA; 2023-24: ALBA; 2024-25: ALBA; 2025-26: ALBA; 2026-27: ALBA
garcia-perez-jose-mariano,"GARCÍA PÉREZ, JOSÉ MARIANO","García Pérez, José Mariano",,GRANOLLERS,2019-20,False,False,2014-15: GRANOLLERS; 2015-16: GRANOLLERS; 2016-17: GRANOLLERS; 2017-18: GRANOLLERS; 2018-19: GRANOLLERS; 2019-20: GRANOLLERS
garcia-roman-francisco-javier,"GARCÍA ROMÁN, FRANCISCO JAVIER","García Román, Francisco Javier",1091,VIC,2026-27,False,False,2014-15: VIC; 2015-16: VIC; 2016-17: VIC; 2017-18: VIC; 2018-19: VIC; 2019-20: VIC; 2021-22: VIC; 2022-23: VIC; 2023-24: VIC; 2024-25: VIC; 2025-26: VIC; 2026-27: VIC
garcia-rubio-samuel,"GARCÍA RUBIO, SAMUEL","García Rubio, Samuel",,LA COLMENA,2019-20,False,False,2016-17: LA COLMENA; 2017-18: LA COLMENA; 2018-19: LA COLMENA; 2019-20: LA COLMENA
garcia-santos-joan,"GARCÍA SANTOS, JOAN","García Santos, Joan",2521,SANT FELIU,2026-27,False,False,2024-25: SANT FELIU; 2025-26: SANT FELIU DE CODINES; 2026-27: SANT FELIU
garcia-soriano-antoni,"GARCÍA SORIANO, ANTONI","García Soriano, Antoni",727,CARDONA,2026-27,False,False,2014-15: 07 MANRESA; 2015-16: MANRESA; 2016-17: MANRESA; 2017-18: MANRESA; 2018-19: MANRESA; 2019-20: MANRESA; 2020-21: MANRESA; 2021-22: CARDONA; 2022-23: CARDONA; 2023-24: CARDONA; 2024-25: CARDONA; 2025-26: CARDONA; 2026-27: CARDONA
garcia-tarrats-albert,"GARCIA TARRATS, ALBERT","Garcia Tarrats, Albert",2257,BANYOLES,2026-27,False,False,2022-23: BANYOLES; 2023-24: BANYOLES; 2024-25: BANYOLES; 2025-26: BANYOLES; 2026-27: BANYOLES
garcia-zaldivar-ricardo,"GARCÍA ZALDIVAR, RICARDO","García Zaldivar, Ricardo",261,MONFORTE,2026-27,True,True,2014-15: 04 MONFORTE; 2015-16: MONFORTE; 2016-17: MONFORTE; 2017-18: MONFORTE; 2018-19: MONFORTE; 2019-20: MONFORTE; 2020-21: MONFORTE; 2021-22: MONFORTE; 2022-23: MONFORTE; 2023-24: MONFORTE; 2024-25: MONFORTE; 2025-26: MONFORTE; 2026-27: MONFORTE
garrido-blancar-victor-manuel,"GARRIDO BLANCAR, VÍCTOR MANUEL","Garrido Blancar, Víctor Manuel",,SANT ADRIA,2022-23,False,True,2016-17: MONFORTE; 2017-18: MONFORTE; 2018-19: SANT ADRIA; 2019-20: SANT ADRIA; 2020-21: SANT ADRIA; 2021-22: SANT ADRIA; 2022-23: SANT ADRIA
garriga-comas-jordi,"GARRIGA COMAS, JORDI","Garriga Comas, Jordi",262,MATARO,2026-27,False,False,2014-15: 03 MATARO; 2015-16: MATARO; 2016-17: MATARO; 2020-21: SANT ADRIA; 2021-22: SANT ADRIA; 2022-23: SANT ADRIA; 2023-24: SANT ADRIA; 2024-25: SANT ADRIA; 2025-26: SANT ADRIA; 2026-27: MATARO
garriga-garriga-jaume,"GARRIGA GARRIGA, JAUME","Garriga Garriga, Jaume",2622,CARDONA,2026-27,False,False,2025-26: CARDONA; 2026-27: CARDONA
garriga-llovet-sergi,"GARRIGA LLOVET, SERGI","Garriga Llovet, Sergi",264,CASAL CERVERA,2026-27,False,False,2016-17: CASAL CERVERA; 2017-18: CERVERA; 2018-19: CERVERA; 2019-20: CERVERA; 2021-22: CERVERA; 2022-23: CASAL DE CERVERA; 2023-24: CASAL DE CERVERA; 2024-25: CASAL DE CERVERA; 2025-26: CASAL DE CERVERA; 2026-27: CASAL CERVERA
garrigo-castellano-jordi,"GARRIGÓ CASTELLANO, JORDI","Garrigó Castellano, Jordi",,,,False,False,
gascon-reyes-rafael,"GASCÓN REYES, RAFAEL","Gascón Reyes, Rafael",265,SANT BOI,2026-27,False,False,2014-15: 03 SANT BOI; 2015-16: SANT BOI; 2016-17: SANT BOI; 2017-18: SANT BOI; 2018-19: SANT BOI; 2019-20: SANT BOI; 2020-21: SANT BOI; 2021-22: SANT BOI; 2022-23: SANT BOI; 2023-24: SANT BOI; 2024-25: SANT BOI; 2025-26: SANT BOI; 2026-27: SANT BOI
gasso-chumillas-jordi,"GASSÓ CHUMILLAS, JORDI","Gassó Chumillas, Jordi",266,GRANOLLERS,2026-27,False,False,2014-15: CORAL COLON; 2015-16: CORAL COLON; 2022-23: GRANOLLERS; 2023-24: GRANOLLERS; 2024-25: GRANOLLERS; 2025-26: GRANOLLERS; 2026-27: GRANOLLERS
gavilan-raya-jose-antonio,"GAVILAN RAYA, JOSE ANTONIO","Gavilan Raya, Jose Antonio",1209,LLICA D'AMUNT,2026-27,False,False,2014-15: 08 MONTMELO; 2015-16: MONTMELO; 2016-17: MONTMELO; 2017-18: MONTMELO; 2022-23: LLICA D'AMUNT; 2023-24: LLICA D'AMUNT; 2024-25: LLICA AMUNT; 2025-26: LLICA D'AMUNT; 2026-27: LLICA D'AMUNT
gay-vila-josep,"GAY VILA, JOSEP","Gay Vila, Josep",267,SANT ADRIA,2023-24,False,False,2014-15: SANT ADRIA; 2015-16: SANT ADRIA; 2016-17: SANT ADRIA; 2017-18: SANT ADRIA; 2018-19: SANT ADRIA; 2019-20: SANT ADRIA; 2021-22: SANT ADRIA; 2022-23: SANT ADRIA; 2023-24: SANT ADRIA
gil-munoz-lluis,"GIL MUÑOZ, LLUIS","Gil Muñoz, Lluis",,,,False,False,
gil-perez-albert,"GIL PÉREZ, ALBERT","Gil Pérez, Albert",1909,SANT ADRIA,2026-27,False,True,2018-19: MONFORTE; 2019-20: MONFORTE; 2020-21: MONFORTE; 2021-22: MONFORTE; 2022-23: MONFORTE; 2023-24: MONFORTE; 2024-25: MONFORTE; 2025-26: MONFORTE; 2026-27: SANT ADRIA
gilabert-capdevila-lluis,"GILABERT CAPDEVILA, LLUIS","Gilabert Capdevila, Lluis",,CERVERA B AMISTAT,2021-22,False,False,2018-19: CERVERA; 2019-20: CERVERA; 2021-22: CERVERA B AMISTAT
gilabert-pesquer-joan,"GILABERT PESQUER, JOAN","Gilabert Pesquer, Joan",1921,CARDONA,2026-27,False,False,2021-22: CARDONA; 2023-24: CARDONA; 2026-27: CARDONA
gili-bertral-joan,"GILI BERTRAL, JOAN","Gili Bertral, Joan",1246,MONFORTE,2026-27,True,True,2015-16: MONFORTE; 2016-17: MONFORTE; 2017-18: MONFORTE; 2018-19: MONFORTE; 2019-20: MONFORTE; 2020-21: MONFORTE; 2021-22: MONFORTE; 2022-23: MONFORTE; 2023-24: MONFORTE; 2024-25: MONFORTE; 2025-26: MONFORTE; 2026-27: MONFORTE
gimenez-adsuar-gerard,"GIMÉNEZ ADSUAR, GERARD","Giménez Adsuar, Gerard",,SANT FELIU,2018-19,False,False,2014-15: 06 SANT FELIU; 2018-19: SANT FELIU
gimenez-escrig-miquel,GIMÉNEZ ESCRIG MIQUEL,Giménez Escrig Miquel,,MONFORTE,2020-21,False,True,2017-18: MONFORTE; 2019-20: MONFORTE; 2020-21: MONFORTE
gimenez-figuera-laurea,"GIMÉNEZ FIGUERA, LAUREÀ","Giménez Figuera, Laureà",272,LA GRAN PENYA,2026-27,False,False,2022-23: VILANOVA; 2023-24: VILANOVA; 2024-25: VILANOVA; 2025-26: LA GRAN PENYA; 2026-27: LA GRAN PENYA
gimenez-font-francesc-xavier,"GIMÉNEZ FONT, FRANCESC XAVIER","Giménez Font, Francesc Xavier",273,SANT FELIU,2026-27,False,False,2014-15: SANT FELIU; 2015-16: SANT FELIU DE CODINES; 2016-17: SANT FELIU; 2017-18: SANT FELIU DE CODINES; 2018-19: SANT FELIU; 2019-20: SANT FELIU; 2020-21: SANT ADRIA; 2021-22: SANT FELIU; 2022-23: SANT FELIU; 2023-24: SANT FELIU DE CODINES; 2024-25: SANT FELIU; 2025-26: SANT FELIU DE CODINES; 2026-27: SANT FELIU
gimenez-verde-rafael,"GIMENEZ VERDE, RAFAEL","Gimenez Verde, Rafael",2385,SANTS,2026-27,False,False,2026-27: SANTS
gine-buisan-gerard,"GINE BUISAN, GERARD","Gine Buisan, Gerard",,LLEIDA,2016-17,False,False,2015-16: LLEIDA; 2016-17: LLEIDA
giobellina-aranda-ezequiel,"GIOBELLINA ARANDA, EZEQUIEL","Giobellina Aranda, Ezequiel",,CANET DE MAR,2014-15,False,False,2014-15: CANET DE MAR
giralt-ribas-joan,"GIRALT RIBAS, JOAN","Giralt Ribas, Joan",,MOLLET,2016-17,False,False,2014-15: 02 MOLLET; 2015-16: MOLLET; 2016-17: MOLLET
gisbert-tejero-joan-bautista,"GISBERT TEJERO, JOAN BAUTISTA","Gisbert Tejero, Joan Bautista",,SANT FELIU,2019-20,False,False,2014-15: SANT FELIU; 2015-16: SANT FELIU; 2016-17: SANT FELIU; 2017-18: SANT FELIU; 2018-19: SANT FELIU; 2019-20: SANT FELIU
godoy-sanchez-julian-eugenio,"GODOY SÁNCHEZ, JULIÁN EUGENIO","Godoy Sánchez, Julián Eugenio",,PRAT,2014-15,False,False,2014-15: PRAT
gomez-ametller-albert,"GÓMEZ AMETLLER, ALBERT","Gómez Ametller, Albert",278,BANYOLES,2026-27,False,False,2023-24: BANYOLES; 2024-25: BANYOLES; 2025-26: BANYOLES; 2026-27: BANYOLES
gomez-de-la-torre-ruiz-ignacio,"GOMEZ DE LA TORRE RUIZ, IGNACIO","Gomez De La Torre Ruiz, Ignacio",,MOLINS,2022-23,False,False,2014-15: 01 FOMENT MOLINS; 2015-16: FOMENT MOLINS; 2016-17: FOMENT MOLINS; 2017-18: MOLINS; 2018-19: MOLINS; 2019-20: MOLINS; 2020-21: MOLINS; 2021-22: FOMENT MOLINS; 2022-23: MOLINS
gomez-gonzalez-josep,"GÓMEZ GONZÁLEZ, JOSEP","Gómez González, Josep",740,SANT BOI,2026-27,False,False,2014-15: 07 SANT BOI; 2015-16: SANT BOI; 2016-17: SANT BOI; 2017-18: SANT BOI; 2018-19: SANT BOI; 2019-20: SANT BOI; 2021-22: SANT BOI; 2022-23: SANT BOI; 2023-24: SANT BOI; 2024-25: SANT BOI; 2025-26: SANT BOI; 2026-27: SANT BOI
gomez-lazaro-antonio,"GÓMEZ LÁZARO, ANTONIO","Gómez Lázaro, Antonio",,MATADEPERA,2020-21,False,False,2016-17: MATADEPERA; 2017-18: MATADEPERA; 2018-19: MATADEPERA; 2019-20: MATADEPERA; 2020-21: MATADEPERA
gomez-lidon-segundo,"GÓMEZ LIDÓN, SEGUNDO","Gómez Lidón, Segundo",,,,False,False,
gomez-lopez-francisco,"GOMEZ LOPEZ, FRANCISCO","Gomez Lopez, Francisco",56,BLANES,2026-27,False,False,2014-15: 03 BLANES; 2015-16: BLANES; 2016-17: BLANES; 2017-18: BLANES; 2018-19: BLANES; 2019-20: BLANES; 2020-21: BLANES; 2021-22: BLANES; 2022-23: BLANES; 2025-26: BLANES; 2026-27: BLANES
gomez-martin-antoni,"GÓMEZ MARTÍN, ANTONI","Gómez Martín, Antoni",,F MOLINS,2017-18,False,False,2014-15: F MOLINS; 2015-16: F MOLINS; 2016-17: F MOLINS; 2017-18: F MOLINS
gomez-moran-lluis,"GÓMEZ MORÁN, LLUIS","Gómez Morán, Lluis",281,F MOLINS,2026-27,False,False,2018-19: MOLINS; 2019-20: MOLINS; 2020-21: MOLINS; 2021-22: FOMENT MOLINS; 2022-23: MOLINS; 2023-24: SBF MOLINS; 2024-25: FOMENT MOLINS; 2025-26: FOMENT MOLINS; 2026-27: F MOLINS
gomez-nino-daniel,"GÓMEZ NIÑO, DANIEL","Gómez Niño, Daniel",2797,BARCELONA,2026-27,False,False,2026-27: BARCELONA
gomez-perez-arturo,"GÓMEZ PÉREZ, ARTURO","Gómez Pérez, Arturo",282,CANET DE MAR,2026-27,False,False,2014-15: 01 CANET; 2015-16: CANET DE MAR; 2016-17: CANET; 2017-18: CANET; 2018-19: CANET; 2019-20: CANET; 2020-21: CANET; 2021-22: CANET; 2022-23: CANET; 2023-24: CANET; 2024-25: CANET; 2025-26: CANET; 2026-27: CANET DE MAR
gomez-perez-jesus,"GOMEZ PEREZ, JESUS","Gomez Perez, Jesus",,PUNT D'ATAC,2015-16,False,False,2014-15: PUNT D'ATAC; 2015-16: PUNT D'ATAC
gomez-pimpollo-velasco-ignacio,"GÓMEZ-PIMPOLLO VELASCO, IGNACIO","Gómez-Pimpollo Velasco, Ignacio",2788,GRANOLLERS,2026-27,False,False,2026-27: GRANOLLERS
gomez-salvador-manuel,"GÓMEZ SALVADOR, MANUEL","Gómez Salvador, Manuel",1800,ESPLUGUES L'AVENC,2026-27,False,False,2026-27: ESPLUGUES L'AVENC
gomez-vera-javier,"GÓMEZ VERA, JAVIER","Gómez Vera, Javier",,MONFORTE,2016-17,False,True,2014-15: MONFORTE; 2015-16: MONFORTE; 2016-17: MONFORTE
gomis-garcia-roberto,"GOMIS GARCÍA, ROBERTO","Gomis García, Roberto",,,,False,False,
gonzalez-aguirre-oscar,"GONZÁLEZ AGUIRRE, ÓSCAR","González Aguirre, Óscar",,SANT BOI,2018-19,False,False,2017-18: SANT BOI; 2018-19: SANT BOI
gonzalez-barriga-josep-manel,"GONZÁLEZ BARRIGA, JOSEP MANEL","González Barriga, Josep Manel",285,MONT ROIG,2026-27,False,False,2013-14: PUNT D'ATAC; 2014-15: PUNT D'ATAC; 2015-16: PUNT D'ATAC; 2016-17: PUNT D ATAC; 2017-18: PUNT D'ATAC; 2018-19: PUNT D'ATAC; 2019-20: PUNT D'ATAC; 2021-22: PUNT D'ATAC; 2022-23: PUNT D'ATAC; 2023-24: PUNT DATAC; 2024-25: PUNT ATAC; 2025-26: MONT ROIG; 2026-27: MONT ROIG
gonzalez-carvajal-lluis,"GONZÁLEZ CARVAJAL, LLUÍS","González Carvajal, Lluís",286,CAP,2025-26,False,True,2021-22: MONFORTE; 2022-23: MONFORTE; 2023-24: TARRAGONA; 2024-25: TARRAGONA; 2025-26: CAP
gonzalez-castillo-manuel,"GONZÁLEZ CASTILLO, MANUEL","González Castillo, Manuel",287,CORAL COLON,2026-27,False,False,2014-15: CORAL COLON; 2015-16: CORAL COLON; 2016-17: CORAL COLON; 2018-19: CORAL COLON; 2019-20: CORAL COLON; 2020-21: CORAL COLON; 2021-22: CORAL COLON; 2022-23: CORAL COLON; 2023-24: CORAL COLON; 2024-25: COLON SABADELL; 2025-26: CORAL COLON; 2026-27: CORAL COLON
gonzalez-lopez-jesus,"GONZÁLEZ LÓPEZ, JESÚS","González López, Jesús",,SANT ADRIA,2025-26,False,True,2014-15: 08 SANT ADRIA; 2015-16: MONFORTE; 2016-17: SANT ADRIA; 2017-18: SANT ADRIA; 2018-19: SANT ADRIA; 2019-20: SANT ADRIA; 2020-21: SANT ADRIA; 2021-22: SANT ADRIA; 2022-23: SANT ADRIA; 2023-24: SANT ADRIA; 2024-25: SANT ADRIA; 2025-26: SANT ADRIA
gonzalez-martin-joan,"GONZÁLEZ MARTÍN, JOAN","González Martín, Joan",289,BORGES,2026-27,False,False,2024-25: BORGES; 2025-26: BORGES; 2026-27: BORGES
gonzalez-montoya-antonio,"GONZÁLEZ MONTOYA, ANTONIO","González Montoya, Antonio",,,,False,False,
gonzalez-navarrete-juan,"GONZÁLEZ NAVARRETE, JUAN","González Navarrete, Juan",,PREMIA,2019-20,False,False,2018-19: PREMIA; 2019-20: PREMIA
gonzalez-ospina-roger-eduardo,"GONZÁLEZ OSPINA, ROGER EDUARDO","González Ospina, Roger Eduardo",2755,CARDONA,2026-27,False,False,2026-27: CARDONA
gonzalez-sanchez-josep-ll,"GONZÁLEZ SÁNCHEZ, JOSEP LL.","González Sánchez, Josep Ll.",747,MANRESA,2026-27,False,False,2014-15: 07 MANRESA; 2015-16: MANRESA; 2016-17: MANRESA; 2017-18: MANRESA; 2018-19: MANRESA; 2019-20: MANRESA; 2020-21: MANRESA; 2021-22: MANRESA; 2022-23: MANRESA; 2023-24: MANRESA; 2024-25: MANRESA; 2025-26: MANRESA; 2026-27: MANRESA
gonzalez-secall-heliodoro,"GONZÁLEZ SECALL, HELIODORO","González Secall, Heliodoro",,,,False,False,
gonzalez-serrano-antoni,"GONZÁLEZ SERRANO, ANTONI","González Serrano, Antoni",293,CANET DE MAR,2026-27,False,False,2014-15: CANET DE MAR; 2015-16: CANET DE MAR; 2016-17: CANET; 2017-18: CANET; 2018-19: CANET DE MAR; 2019-20: CANET DE MAR; 2020-21: CANET DE MAR; 2021-22: CANET; 2022-23: CANET DE MAR; 2023-24: CANET; 2024-25: CANET; 2025-26: CANET; 2026-27: CANET DE MAR
gonzalez-sevilla-miquel,"GONZÁLEZ SEVILLA, MIQUEL","González Sevilla, Miquel",,,,False,False,
gonzalez-torrubia-jose,"GONZALEZ TORRUBIA, JOSE","Gonzalez Torrubia, Jose",,,,False,False,
gorgues-sendra-antoni,"GORGUES SENDRA, ANTONI","Gorgues Sendra, Antoni",,,,False,False,
gorgues-sendra-antonio,"GORGUES SENDRA, ANTONIO","Gorgues Sendra, Antonio",2508,BORGES,2026-27,False,False,2024-25: BORGES; 2025-26: BORGES; 2026-27: BORGES
governatori-tebar-nicola,"GOVERNATORI TEBAR, NICOLA","Governatori Tebar, Nicola",2808,MATARO,2026-27,False,False,2026-27: MATARO
gracia-rodriguez-emilio,"GRACIA RODRIGUEZ, EMILIO","Gracia Rodriguez, Emilio",750,LLEIDA,2026-27,False,False,2014-15: LLEIDA; 2015-16: LLEIDA; 2016-17: LLEIDA; 2017-18: LLEIDA; 2018-19: LLEIDA; 2019-20: LLEIDA; 2020-21: LLEIDA; 2022-23: LLEIDA; 2023-24: LLEIDA; 2024-25: LLEIDA; 2025-26: LLEIDA; 2026-27: LLEIDA
graells-bosch-joan,"GRAELLS BOSCH, JOAN","Graells Bosch, Joan",752,CASAL CERVERA,2026-27,False,False,2014-15: CASAL CERVERA; 2015-16: CASAL CERVERA; 2016-17: CASAL CERVERA; 2017-18: CERVERA; 2018-19: CERVERA; 2019-20: CERVERA; 2022-23: CASAL DE CERVERA; 2023-24: CASAL DE CERVERA; 2024-25: CASAL DE CERVERA; 2025-26: CASAL CERVERA; 2026-27: CASAL CERVERA
grau-burriel-raul,"GRAU BURRIEL, RAÚL","Grau Burriel, Raúl",,LLEIDA,2016-17,False,False,2015-16: LLEIDA; 2016-17: LLEIDA
grau-codina-enric,"GRAU CODINA, ENRIC","Grau Codina, Enric",,VIC,2021-22,False,False,2021-22: VIC
grau-menal-ricard,"GRAU MENAL, RICARD","Grau Menal, Ricard",,LLEIDA,2019-20,False,False,2017-18: LLEIDA; 2018-19: LLEIDA; 2019-20: LLEIDA
grau-pico-francesc-xavier,"GRAU PICÓ, FRANCESC XAVIER","Grau Picó, Francesc Xavier",296,SANT FELIU,2026-27,False,False,2014-15: 06 SANT FELIU; 2015-16: SANT FELIU DE CODINES; 2016-17: SANT FELIU; 2017-18: SANT FELIU; 2018-19: SANT FELIU; 2019-20: SANT FELIU; 2021-22: SANT FELIU; 2022-23: SANT FELIU; 2023-24: SANT FELIU DE CODINES; 2024-25: SANT FELIU; 2025-26: SANT FELIU DE CODINES; 2026-27: SANT FELIU
grifoll-llorens-jaume,"GRIFOLL LLORENS, JAUME","Grifoll Llorens, Jaume",,MONT ROIG,2019-20,False,False,2019-20: MONT ROIG
gris-peralba-toni,"GRIS PERALBA, TONI","Gris Peralba, Toni",297,CANET DE MAR,2026-27,False,False,2014-15: 07 MATARO; 2015-16: MATARO; 2016-17: MATARO; 2017-18: MATARO; 2018-19: MATARO; 2019-20: MATARO; 2020-21: CANET; 2021-22: CANET; 2022-23: CANET; 2023-24: CANET; 2024-25: CANET; 2025-26: CANET; 2026-27: CANET DE MAR
guarino-gutierrez-mateo,"GUARINO GUTIERREZ, MATEO","Guarino Gutierrez, Mateo",64,LLICA D'AMUNT,2026-27,False,False,2014-15: LLICA D'AMUNT; 2015-16: LLICA D'AMUNT; 2016-17: LLICA D'AMUNT; 2017-18: LLICA D'AMUNT; 2018-19: LLICA D'AMUNT; 2019-20: LLICA D'AMUNT; 2020-21: LLICA; 2021-22: LLICA D'AMUNT; 2022-23: LLICA D'AMUNT; 2023-24: LLICA D'AMUNT; 2024-25: LLICA AMUNT; 2025-26: LLICA D'AMUNT; 2026-27: LLICA D'AMUNT
guell-fluvia-andreu,"GÜELL FLUVIÀ, ANDREU","Güell Fluvià, Andreu",,VIC,2021-22,False,False,2021-22: VIC
guerra-garcia-ramon,"GUERRA GARCÍA, RAMÓN","Guerra García, Ramón",1464,ESPLUGUES L'AVENC,2026-27,False,False,2017-18: UNIO CORAL; 2018-19: UNIO CORAL; 2019-20: UNIO CORAL; 2021-22: B UNIO CORAL; 2022-23: B LA UNIO CORAL; 2023-24: B LA UNIO CORAL; 2024-25: ESPLUGUES AVENC; 2025-26: ESPLUGUES AVENC; 2026-27: ESPLUGUES L'AVENC
guerra-prieto-fco-javier,"GUERRA PRIETO, FCO.JAVIER","Guerra Prieto, Fco.Javier",298,PUNT D'ATAC,2026-27,False,False,2013-14: PUNT D'ATAC; 2014-15: PUNT D'ATAC; 2015-16: TARRAGONA; 2016-17: TARRAGONA; 2017-18: TARRAGONA; 2018-19: TARRAGONA; 2019-20: TARRAGONA; 2020-21: TARRAGONA; 2021-22: TARRAGONA; 2022-23: TARRAGONA; 2023-24: PUNT DATAC; 2024-25: PUNT D'ATAC; 2025-26: PUNT ATAC; 2026-27: PUNT D'ATAC
guerrero-gonzalez-miquel-a,"GUERRERO GONZÁLEZ, MIQUEL A.","Guerrero González, Miquel A.",755,SANT ADRIA,2026-27,False,False,2021-22: SANT FELIU; 2022-23: MOLLET; 2023-24: GRANOLLERS; 2024-25: GRANOLLERS; 2025-26: GRANOLLERS; 2026-27: SANT ADRIA
guijo-lobato-manel,"GUIJO LOBATO, MANEL","Guijo Lobato, Manel",2518,LA GRAN PENYA,2026-27,False,False,2024-25: GRAN PENYA; 2025-26: LA GRAN PENYA; 2026-27: LA GRAN PENYA
guil-palacio-gregorio,"GUIL PALACIO, GREGORIO","Guil Palacio, Gregorio",2674,ESPLUGUES L'AVENC,2026-27,False,False,2025-26: ESPLUGUES AVENC; 2026-27: ESPLUGUES L'AVENC
guillamon-freixenet-manel,"GUILLAMÓN FREIXENET, MANEL","Guillamón Freixenet, Manel",,,,False,False,
guillen-romero-jose,"GUILLÉN ROMERO, JOSÉ","Guillén Romero, José",,PREMIA,2019-20,False,False,2017-18: PREMIA; 2018-19: PREMIA; 2019-20: PREMIA
guirao-garcia-carlos,"GUIRAO GARCÍA, CARLOS","Guirao García, Carlos",,,,False,False,
guirao-maya-antonio,"GUIRAO MAYA, ANTONIO","Guirao Maya, Antonio",2181,MATARO,2023-24,False,False,2023-24: MATARO
guirao-romero-jaume,"GUIRAO ROMERO, JAUME","Guirao Romero, Jaume",2795,LLEIDA,2026-27,False,False,2026-27: LLEIDA
guisado-sanchez-mariano,"GUISADO SÁNCHEZ, MARIANO","Guisado Sánchez, Mariano",2620,LA GRAN PENYA,2026-27,False,False,2026-27: LA GRAN PENYA
guiu-giraut-carlos,"GUIU GIRAUT, CARLOS","Guiu Giraut, Carlos",,LLEIDA,2022-23,False,False,2014-15: 10 LLEIDA; 2015-16: LLEIDA; 2016-17: LLEIDA; 2017-18: LLEIDA; 2018-19: LLEIDA; 2019-20: LLEIDA; 2020-21: LLEIDA; 2021-22: LLEIDA; 2022-23: LLEIDA
guiu-saez-jose-luis,"GUIU SÁEZ, JOSÉ LUIS","Guiu Sáez, José Luis",,L'AMISTAT MOLLERUSSA,2021-22,False,False,2021-22: L'AMISTAT MOLLERUSSA
guiu-torner-josep-ma,"GUIU TORNER, JOSEP Mª","Guiu Torner, Josep Mª",2258,MONT ROIG,2023-24,False,False,2023-24: MONT ROIG
gusi-anglada-antoni,"GUSI ANGLADA, ANTONI","Gusi Anglada, Antoni",,MATADEPERA,2014-15,False,False,2014-15: MATADEPERA
gutierrez-castro-antoni,"GUTIÉRREZ CASTRO, ANTONI","Gutiérrez Castro, Antoni",302,PUNT ATAC,2025-26,False,False,2014-15: 11 PUNT D'ATAC; 2015-16: PUNT D ATAC; 2016-17: PUNT D'ATAC; 2017-18: PUNT D'ATAC; 2018-19: TARRAGONA; 2019-20: TARRAGONA; 2025-26: PUNT ATAC
gutierrez-contreras-arnold,"GUTIÉRREZ CONTRERAS, ARNOLD","Gutiérrez Contreras, Arnold",1891,BARCELONA,2026-27,False,False,2018-19: BARCELONA; 2019-20: BARCELONA; 2020-21: BARCELONA; 2021-22: BARCELONA; 2022-23: BARCELONA; 2023-24: BARCELONA; 2024-25: BARCELONA; 2025-26: BARCELONA; 2026-27: BARCELONA
gutierrez-garcia-jesus,"GUTIÉRREZ GARCÍA, JESÚS","Gutiérrez García, Jesús",,SANTS,2021-22,False,False,2017-18: SANTS; 2018-19: SANTS; 2019-20: SANTS; 2021-22: SANTS
gutierrez-porras-tomas,"GUTIÉRREZ PORRAS, TOMÁS","Gutiérrez Porras, Tomás",2789,GRANOLLERS,2026-27,False,False,2026-27: GRANOLLERS
heredia-gomez-jose,"HEREDIA GÓMEZ, JOSÉ","Heredia Gómez, José",,SANT ADRIA,2019-20,False,False,2018-19: SANT ADRIA; 2019-20: SANT ADRIA
hermida-diaz-eva-maria,"HERMIDA DÍAZ, EVA MARÍA","Hermida Díaz, Eva María",1565,MANRESA,2026-27,False,False,2017-18: MANRESA; 2018-19: MANRESA; 2019-20: MANRESA; 2020-21: MANRESA; 2021-22: MANRESA; 2022-23: MANRESA; 2023-24: MANRESA; 2024-25: MANRESA; 2025-26: MANRESA; 2026-27: MANRESA
hernandez-diaz-diego,"HERNÁNDEZ DÍAZ, DIEGO","Hernández Díaz, Diego",,MONTMELO,2016-17,False,False,2015-16: MONTMELO; 2016-17: MONTMELO
hernandez-falco-ignasi,"HERNÁNDEZ FALCO, IGNASI","Hernández Falco, Ignasi",305,MONFORTE,2026-27,True,True,2025-26: MONFORTE; 2026-27: MONFORTE
hernandez-giraldo-fabian-alberto,"HERNANDEZ GIRALDO, FABIAN ALBERTO","Hernandez Giraldo, Fabian Alberto",2693,MONFORTE,2026-27,True,True,2026-27: MONFORTE
hernandez-hernandez-francesc,"HERNÁNDEZ HERNÁNDEZ, FRANCESC","Hernández Hernández, Francesc",306,MANRESA,2026-27,False,False,2014-15: 07 MANRESA; 2015-16: MANRESA; 2016-17: MANRESA; 2017-18: MANRESA; 2018-19: MANRESA; 2019-20: MANRESA; 2020-21: MANRESA; 2021-22: MANRESA; 2022-23: MANRESA; 2023-24: MANRESA; 2024-25: MANRESA; 2025-26: MANRESA; 2026-27: MANRESA
hernandez-lopez-jonatan,"HERNÁNDEZ LÓPEZ, JONATAN","Hernández López, Jonatan",307,SANT ADRIA,2026-27,False,False,2014-15: 05 SANT ADRIA; 2015-16: SANT ADRIA; 2016-17: SANT ADRIA; 2017-18: SANT ADRIA; 2018-19: SANT ADRIA; 2019-20: SANT ADRIA; 2020-21: SANT ADRIA; 2021-22: SANT ADRIA; 2022-23: SANT ADRIA; 2023-24: SANT ADRIA; 2024-25: SANT ADRIA; 2025-26: SANT ADRIA; 2026-27: SANT ADRIA
hernandez-manas-jose,HERNÁNDEZ MAÑAS JOSÉ,Hernández Mañas José,1624,ALBA,2026-27,False,False,2020-21: ALBA; 2021-22: ALBA; 2025-26: ALBA; 2026-27: ALBA
hernandez-marquez-juan,"HERNÁNDEZ MÁRQUEZ, JUAN","Hernández Márquez, Juan",,SANT ADRIA,2015-16,False,False,2015-16: SANT ADRIA
hernandez-martinez-manuel,"HERNÁNDEZ MARTÍNEZ, MANUEL","Hernández Martínez, Manuel",759,LLINARS,2024-25,False,False,2014-15: 06 DANY ELLS; 2015-16: DANY ELLS; 2016-17: DANY'ELLS; 2017-18: DANY ELLS; 2018-19: DANY ELLS; 2019-20: MOLLET; 2020-21: MOLLET; 2021-22: MOLLET; 2022-23: LLINARS; 2023-24: LLINARS; 2024-25: LLINARS
hernandez-muga-oscar,"HERNÁNDEZ MUGA, ÓSCAR","Hernández Muga, Óscar",2631,LA UNIO CORAL,2026-27,False,False,2025-26: OLESA; 2026-27: LA UNIO CORAL
hernandez-nisa-ferran,"HERNÁNDEZ NISA, FERRÀN","Hernández Nisa, Ferràn",,SANT FELIU,2021-22,False,False,2016-17: SANT FELIU; 2017-18: SANT FELIU DE CODINES; 2018-19: SANT FELIU; 2019-20: SANT FELIU; 2021-22: SANT FELIU
hernandez-parra-antoni,"HERNÁNDEZ PARRA, ANTONI","Hernández Parra, Antoni",308,GRANOLLERS,2026-27,False,False,2014-15: 06 DANY ELLS; 2015-16: DANY ELLS; 2016-17: DANY'ELLS; 2017-18: DANY ELLS; 2018-19: DANY ELLS; 2019-20: GRANOLLERS; 2020-21: GRANOLLERS; 2021-22: GRANOLLERS; 2022-23: GRANOLLERS; 2023-24: GRANOLLERS; 2024-25: GRANOLLERS; 2025-26: GRANOLLERS; 2026-27: GRANOLLERS
hernandez-perea-angel,"HERNÁNDEZ PEREA, ANGEL","Hernández Perea, Angel",309,CASAL CERVERA,2025-26,False,False,2014-15: 05 L'AMISTAT MOLLERUSSA; 2015-16: L'AMISTAT MOLLERUSSA; 2016-17: L'AMISTAT MOLLERUSSA; 2017-18: L'AMISTAT; 2018-19: L'AMISTAT; 2019-20: L'AMISTAT; 2020-21: MANRESA; 2021-22: AMISTAT MOLLERUSSA; 2022-23: MOLLERUSA; 2023-24: CASAL CERVERA; 2024-25: CASAL DE CERVERA; 2025-26: CASAL CERVERA
hernandez-sanabria-yeison,"HERNÁNDEZ SANABRIA, YEISON","Hernández Sanabria, Yeison",1994,LA GRAN PENYA,2026-27,False,False,2023-24: LA GRAN PENYA; 2024-25: GRAN PENYA; 2025-26: LA GRAN PENYA; 2026-27: LA GRAN PENYA
hernandez-sanchez-francisco,"HERNÁNDEZ SÁNCHEZ, FRANCISCO","Hernández Sánchez, Francisco",,SANT BOI,2016-17,False,False,2014-15: 07 SANT BOI; 2016-17: SANT BOI
herrera-ruiz-jesus,"HERRERA RUIZ, JESÚS","Herrera Ruiz, Jesús",311,F MOLINS,2026-27,False,False,2014-15: FOMENT MOLINS; 2015-16: FOMENT MOLINS; 2016-17: MOLINS; 2017-18: MOLINS; 2018-19: MOLINS; 2019-20: MOLINS; 2020-21: MOLINS; 2021-22: FOMENT MOLINS; 2022-23: MOLINS; 2023-24: F MOLINS; 2024-25: FOMENT MOLINS; 2025-26: FOMENT MOLINS; 2026-27: F MOLINS
herrerias-cruz-joan-josep,"HERRERÍAS CRUZ, JOAN JOSEP","Herrerías Cruz, Joan Josep",,CORAL COLON,2017-18,False,False,2014-15: 09 CORAL COLON; 2015-16: CORAL COLON; 2016-17: CORAL COLON; 2017-18: CORAL COLON
herrero-morales-luis,"HERRERO MORALES, LUIS","Herrero Morales, Luis",,MONT ROIG,2018-19,False,False,2014-15: 04 MONT ROIG; 2015-16: MONT ROIG; 2016-17: MONT ROIG; 2017-18: MONT ROIG; 2018-19: MONT ROIG
holgado-martin-javier,"HOLGADO MARTÍN, JAVIER","Holgado Martín, Javier",2665,ESPLUGUES L'AVENC,2026-27,False,False,2025-26: ESPLUGUES AVENC; 2026-27: ESPLUGUES L'AVENC
homet-sitjes-pere,"HOMET SITJES, PERE","Homet Sitjes, Pere",,,,False,False,
huanqui-gamarra-luis,"HUANQUI GAMARRA, LUIS","Huanqui Gamarra, Luis",2316,OLESA,2026-27,False,False,2022-23: OLESA; 2023-24: OLESA; 2024-25: OLESA; 2026-27: OLESA
huertas-garrido-miguel,"HUERTAS GARRIDO, MIGUEL","Huertas Garrido, Miguel",1920,CARDONA,2026-27,False,False,2018-19: MANRESA; 2019-20: MANRESA; 2021-22: CARDONA; 2022-23: CARDONA; 2023-24: CARDONA; 2024-25: CARDONA; 2025-26: CARDONA; 2026-27: CARDONA
huguet-pascual-jordi,"HUGUET PASCUAL, JORDI","Huguet Pascual, Jordi",313,LLICA D'AMUNT,2026-27,False,False,2014-15: SANT FELIU; 2015-16: SANT FELIU; 2016-17: SANT FELIU; 2017-18: SANT FELIU; 2018-19: SANT FELIU; 2019-20: SANT FELIU; 2020-21: LLINARS; 2021-22: SANT FELIU; 2022-23: LLINARS; 2023-24: LLINARS; 2024-25: LLINARS; 2025-26: LLICA D'AMUNT; 2026-27: LLICA D'AMUNT
huix-rosello-josep,"HUIX ROSELLÓ, JOSEP","Huix Roselló, Josep",,BANYOLES,2015-16,False,False,2015-16: BANYOLES
humet-marti-carlos,"HUMET MARTÍ, CARLOS","Humet Martí, Carlos",19,LLICA D'AMUNT,2023-24,False,False,2014-15: 08 LLICA D'AMUNT; 2015-16: LLICA D'AMUNT; 2022-23: LLICA D'AMUNT; 2023-24: LLICA D'AMUNT
ibanez-aparicio-julia,"IBAÑEZ APARICIO, JULIÀ","Ibañez Aparicio, Julià",314,SANTS,2026-27,False,False,2014-15: SANTS; 2015-16: SANTS; 2016-17: SANTS; 2017-18: SANTS; 2018-19: SANTS; 2019-20: SANTS; 2020-21: SANTS; 2021-22: SANTS; 2022-23: SANTS; 2023-24: SANTS AMISTAT; 2024-25: SANTS; 2025-26: SANTS; 2026-27: SANTS
iglesias-vegas-jesus,"IGLESIAS VEGAS, JESÚS","Iglesias Vegas, Jesús",,LLINARS,2018-19,False,False,2014-15: 02 LLINARS; 2015-16: LLINARS; 2016-17: LLINARS; 2017-18: LLINARS; 2018-19: LLINARS
inglada-roca-esteve,"INGLADA ROCA, ESTEVE","Inglada Roca, Esteve",316,VILANOVA,2026-27,False,False,2013-14: VILANOVA; 2014-15: 03 VILANOVA; 2015-16: VILANOVA I LA GELTRU; 2016-17: VILANOVA I LA GELTRU; 2017-18: VILANOVA I LA GELTRU; 2018-19: VILANOVA; 2019-20: VILANOVA I LA GELTRU; 2021-22: VILANOVA; 2022-23: VILANOVA; 2023-24: VILANOVA; 2024-25: VILANOVA; 2025-26: VILANOVA; 2026-27: VILANOVA
inglan-la-rosa-jose-luis,"INGLAN LA ROSA, JOSE LUIS","Inglan La Rosa, Jose Luis",51,LLEIDA,2023-24,False,False,2014-15: 02 LLEIDA; 2015-16: LLEIDA; 2016-17: LLEIDA; 2018-19: LLEIDA; 2019-20: LLEIDA; 2020-21: LLEIDA; 2023-24: LLEIDA
inigo-grisalena-alejandro,"IÑIGO GRISALEÑA, ALEJANDRO","Iñigo Grisaleña, Alejandro",767,PRAT,2026-27,False,False,2023-24: PRAT; 2024-25: PRAT; 2025-26: PRAT; 2026-27: PRAT
iniguez-triquell-isidro,"IÑIGUEZ TRIQUELL, ISIDRO","Iñiguez Triquell, Isidro",1811,PRAT,2026-27,False,False,2022-23: PRAT AMISTAT; 2023-24: PRAT AMISTAT; 2024-25: PRAT; 2025-26: PRAT; 2026-27: PRAT
iniguez-triquell-jesus,"IÑIGUEZ TRIQUELL, JESÚS","Iñiguez Triquell, Jesús",2377,VILANOVA,2024-25,False,False,2024-25: VILANOVA
janes-autonell-ramon,"JANES AUTONELL, RAMÓN","Janes Autonell, Ramón",1761,SANT FELIU,2026-27,False,False,2018-19: DANY ELLS; 2019-20: SANT FELIU; 2021-22: SANT FELIU; 2022-23: SANT FELIU; 2023-24: SANT FELIU; 2024-25: SANT FELIU; 2025-26: SANT FELIU; 2026-27: SANT FELIU
jarque-sanchez-raul,"JARQUE SÁNCHEZ, RAUL","Jarque Sánchez, Raul",318,CENTELLES,2026-27,False,False,2014-15: 05 CENTELLES; 2015-16: CENTELLES; 2017-18: CENTELLES; 2019-20: CENTELLES; 2021-22: CENTELLES; 2022-23: CENTELLES; 2023-24: CENTELLES; 2024-25: CENTELLES; 2026-27: CENTELLES
jerez-lozano-guillermo,"JEREZ LOZANO, GUILLERMO","Jerez Lozano, Guillermo",2649,VILANOVA,2026-27,False,False,2025-26: VILANOVA; 2026-27: VILANOVA
jimenez-botias-max,"JIMÉNEZ BOTIAS, MAX","Jiménez Botias, Max",319,SANT ADRIA,2026-27,False,False,2014-15: SANT ADRIA; 2015-16: SANT ADRIA; 2016-17: SANT ADRIA; 2017-18: SANT ADRIA; 2018-19: SANT ADRIA; 2019-20: SANT ADRIA; 2020-21: SANT ADRIA; 2021-22: SANT ADRIA; 2022-23: SANT ADRIA; 2023-24: SANT ADRIA; 2024-25: SANT ADRIA; 2025-26: SANT ADRIA; 2026-27: SANT ADRIA
jimenez-espinosa-joan,"JIMÉNEZ ESPINOSA, JOAN","Jiménez Espinosa, Joan",320,PUNT D'ATAC,2026-27,False,False,2016-17: PUNT D'ATAC; 2017-18: PUNT D'ATAC; 2018-19: PUNT D'ATAC Z1; 2019-20: PUNT D'ATAC; 2022-23: PUNT D'ATAC; 2023-24: PUNT DATAC; 2024-25: PUNT ATAC; 2025-26: PUNT ATAC; 2026-27: PUNT D'ATAC
jimenez-galera-sergi,"JIMÉNEZ GALERA, SERGI","Jiménez Galera, Sergi",769,GRANOLLERS,2026-27,False,False,2014-15: 05 MONTMELO; 2015-16: MONTMELO; 2016-17: MONTMELO; 2017-18: MONTMELO; 2018-19: MOLINS; 2019-20: MOLINS; 2020-21: MOLINS; 2021-22: FOMENT MOLINS; 2022-23: LLINARS; 2023-24: GRANOLLERS; 2024-25: GRANOLLERS; 2025-26: GRANOLLERS; 2026-27: GRANOLLERS
jimenez-jimenez-jose,"JIMÉNEZ JIMÉNEZ, JOSÉ","Jiménez Jiménez, José",2470,SANT ADRIA,2026-27,False,False,2024-25: SANT ADRIA; 2025-26: SANTA ADRIA; 2026-27: SANT ADRIA
jimenez-lara-manuel,"JIMÉNEZ LARA, MANUEL","Jiménez Lara, Manuel",771,CENTELLES,2026-27,False,False,2015-16: VIC; 2016-17: VIC; 2017-18: VIC; 2018-19: CENTELLES; 2019-20: CENTELLES; 2021-22: CENTELLES; 2022-23: CENTELLES; 2023-24: CENTELLES; 2024-25: CENTELLES; 2025-26: CENTELLES; 2026-27: CENTELLES
jimenez-manzanero-jesus,"JIMÉNEZ MANZANERO, JESÚS","Jiménez Manzanero, Jesús",321,TARRAGONA,2026-27,False,False,2013-14: TARRAGONA; 2014-15: TARRAGONA; 2015-16: TARRAGONA; 2016-17: TARRAGONA; 2017-18: TARRAGONA; 2018-19: TARRAGONA; 2019-20: TARRAGONA; 2021-22: TARRAGONA; 2022-23: TARRAGONA; 2024-25: TARRAGONA; 2025-26: TARRAGONA; 2026-27: TARRAGONA
jimenez-martinez-jesus,"JIMÉNEZ MARTÍNEZ, JESÚS","Jiménez Martínez, Jesús",2402,CENTELLES,2026-27,False,False,2023-24: CENTELLES; 2024-25: CENTELLES; 2025-26: CENTELLES; 2026-27: CENTELLES
jimenez-perez-fernando,"JIMÉNEZ PÉREZ, FERNANDO","Jiménez Pérez, Fernando",772,GRANOLLERS,2026-27,False,False,2014-15: 08 MONTMELO; 2015-16: MONTMELO; 2016-17: MONTMELO; 2017-18: MONTMELO; 2018-19: GRANOLLERS; 2020-21: GRANOLLERS; 2021-22: GRANOLLERS; 2022-23: GRANOLLERS; 2023-24: GRANOLLERS; 2024-25: GRANOLLERS; 2025-26: GRANOLLERS; 2026-27: GRANOLLERS
jimenez-vasco-joan-carles,"JIMÉNEZ VASCO, JOAN CARLES","Jiménez Vasco, Joan Carles",773,SANT ADRIA,2026-27,False,False,2014-15: LA COLMENA; 2015-16: SANT ADRIA; 2016-17: SANT ADRIA; 2017-18: SANT ADRIA; 2018-19: SANT ADRIA; 2019-20: SANT ADRIA; 2020-21: SANT ADRIA; 2021-22: SANT ADRIA; 2022-23: SANT ADRIA; 2023-24: SANT ADRIA; 2024-25: SANT ADRIA; 2025-26: SANT ADRIA; 2026-27: SANT ADRIA
jorba-homar-pau,"JORBA HOMAR, PAU","Jorba Homar, Pau",66,BARCELONA,2026-27,False,False,2014-15: 06 BARCELONA; 2015-16: BARCELONA; 2016-17: BARCELONA; 2017-18: BARCELONA; 2018-19: BARCELONA; 2019-20: BARCELONA; 2020-21: BARCELONA; 2021-22: BARCELONA; 2022-23: BARCELONA; 2023-24: BARCELONA; 2024-25: BARCELONA; 2025-26: BARCELONA; 2026-27: BARCELONA
jose-torrisco-enrique,"JOSÉ TORRISCO, ENRIQUE","José Torrisco, Enrique",323,LLICA D'AMUNT,2026-27,False,False,2014-15: 09 CORAL COLON; 2015-16: CORAL COLON; 2016-17: LLINARS; 2017-18: LLINARS; 2018-19: MATADEPERA; 2019-20: MATADEPERA; 2020-21: MATADEPERA; 2021-22: MATADEPERA; 2022-23: MATADEPERA; 2023-24: GRANOLLERS; 2024-25: GRANOLLERS; 2025-26: LLICA D'AMUNT; 2026-27: LLICA D'AMUNT
jou-argemi-ramon,"JOU ARGEMI, RAMÓN","Jou Argemi, Ramón",775,SANT FELIU,2022-23,False,False,2014-15: SANT FELIU; 2015-16: SANT FELIU DE CODINES; 2016-17: SANT FELIU; 2017-18: SANT FELIU DE CODINES; 2018-19: SANT FELIU; 2019-20: SANT FELIU; 2021-22: SANT FELIU; 2022-23: SANT FELIU
jou-mora-ferran,"JOU MORA, FERRÀN","Jou Mora, Ferràn",776,SANT BOI,2026-27,False,False,2014-15: SANT BOI; 2015-16: SANT BOI; 2016-17: SANT BOI; 2017-18: SANT BOI; 2018-19: SANT BOI; 2019-20: SANT BOI; 2021-22: SANT BOI; 2022-23: SANT BOI; 2023-24: SANT BOI; 2024-25: SANT BOI; 2025-26: SANT BOI; 2026-27: SANT BOI
jove-badia-eduard,"JOVE BADIA, EDUARD","Jove Badia, Eduard",2240,LLINARS,2026-27,False,False,2022-23: LLINARS; 2023-24: LLINARS; 2024-25: LLINARS; 2025-26: LLINARS; 2026-27: LLINARS
jover-alsina-albert,"JOVER ALSINA, ALBERT","Jover Alsina, Albert",,,,False,False,
juan-domenech-josep-maria,"JUAN DOMÈNECH, JOSEP MARIA","Juan Domènech, Josep Maria",1555,MONT ROIG,2026-27,False,False,2017-18: MONT ROIG; 2018-19: MONT ROIG; 2019-20: MONT ROIG; 2020-21: MONT ROIG; 2021-22: MONT ROIG; 2022-23: MONT ROIG; 2023-24: MONT ROIG; 2024-25: MONT ROIG; 2025-26: MONT ROIG; 2026-27: MONT ROIG
juarez-de-alarcon-jorge,"JUÁREZ DE ALARCÓN, JORGE","Juárez De Alarcón, Jorge",778,MONFORTE,2026-27,True,True,2019-20: MONFORTE; 2020-21: MONFORTE; 2021-22: MONFORTE; 2022-23: MONFORTE; 2023-24: MONFORTE; 2024-25: MONFORTE; 2025-26: MONFORTE; 2026-27: MONFORTE
juarez-roldan-jose,"JUÁREZ ROLDÁN, JOSÉ","Juárez Roldán, José",1208,CORAL COLON,2026-27,False,False,2014-15: MATADEPERA; 2015-16: MATADEPERA; 2016-17: MATADEPERA; 2017-18: MATADEPERA; 2018-19: MATADEPERA; 2019-20: MATADEPERA; 2020-21: MATADEPERA; 2021-22: MATADEPERA; 2022-23: OLESA; 2023-24: OLESA; 2024-25: OLESA; 2025-26: CORAL COLON; 2026-27: CORAL COLON
julia-soldevila-eva,"JULIA SOLDEVILA, EVA","Julia Soldevila, Eva",325,CANET DE MAR,2026-27,False,False,2014-15: CANET DE MAR; 2015-16: CANET DE MAR; 2016-17: CANET DE MAR; 2018-19: CANET DE MAR; 2019-20: CANET DE MAR; 2022-23: CANET DE MAR; 2023-24: CANET DE MAR; 2025-26: CANET DE MAR; 2026-27: CANET DE MAR
jurado-gimenez-eduardo,"JURADO GIMENEZ, EDUARDO","Jurado Gimenez, Eduardo",,,,False,False,
jurado-luque-miguel,"JURADO LUQUE, MIGUEL","Jurado Luque, Miguel",2664,ESPLUGUES L'AVENC,2026-27,False,False,2025-26: ESPLUGUES AVENC; 2026-27: ESPLUGUES L'AVENC
jusmet-blesa-enric,"JUSMET BLESA, ENRIC","Jusmet Blesa, Enric",,LLEIDA,2022-23,False,False,2022-23: LLEIDA
justicia-rodriguez-emilio,"JUSTICIA RODRÍGUEZ, EMILIO","Justicia Rodríguez, Emilio",327,LLINARS,2026-27,False,False,2016-17: LLINARS; 2017-18: LLINARS; 2018-19: LLINARS; 2019-20: LLINARS; 2020-21: LLINARS; 2021-22: LLINARS; 2022-23: LLINARS; 2023-24: LLINARS; 2024-25: LLINARS; 2025-26: LLINARS; 2026-27: LLINARS
juvinya-badia-narcis,"JUVINYÁ BADIA, NARCÍS","Juvinyá Badia, Narcís",,CASINO OLOTI,2019-20,False,False,2019-20: CASINO OLOTI
kesim-sedat,"KESIM, SEDAT","Kesim, Sedat",2564,MONT ROIG,2025-26,False,False,2024-25: MONT ROIG; 2025-26: MONT ROIG
la-rosa-pujol-eloi,"LA ROSA PUJOL, ELOI","La Rosa Pujol, Eloi",1300,CENTELLES,2025-26,False,False,2016-17: CENTELLES; 2017-18: CENTELLES; 2018-19: CENTELLES; 2019-20: CENTELLES; 2021-22: CENTELLES; 2023-24: CENTELLES; 2024-25: CENTELLES; 2025-26: CENTELLES
labrador-codina-josep,"LABRADOR CODINA, JOSEP","Labrador Codina, Josep",1605,LLEIDA,2026-27,False,False,2018-19: LLEIDA; 2019-20: LLEIDA; 2020-21: LLEIDA; 2021-22: LLEIDA; 2022-23: LLEIDA; 2023-24: LLEIDA; 2024-25: LLEIDA; 2025-26: LLEIDA; 2026-27: LLEIDA
labrados-codina-josep,"LABRADOS CODINA, JOSEP","Labrados Codina, Josep",,LLEIDA,2017-18,False,False,2017-18: LLEIDA
lafarga-roca-oscar,"LAFARGA ROCA, OSCAR","Lafarga Roca, Oscar",2268,MONFORTE,2024-25,False,True,2022-23: MONFORTE; 2023-24: MONFORTE; 2024-25: MONFORTE
lafuente-sanchez-jose-francisco,"LAFUENTE SÁNCHEZ, JOSÉ FRANCISCO","Lafuente Sánchez, José Francisco",2754,CARDONA,2026-27,False,False,2026-27: CARDONA
laguarda-buron-carlos,"LAGUARDA BURON, CARLOS","Laguarda Buron, Carlos",2156,CORAL COLON,2026-27,False,False,2022-23: CORAL COLON; 2023-24: CORAL COLON; 2024-25: CORAL COLON; 2025-26: CORAL COLON; 2026-27: CORAL COLON
lakiszyk-kowalczuk-oscar-ernesto,"LAKISZYK KOWALCZUK, OSCAR ERNESTO","Lakiszyk Kowalczuk, Oscar Ernesto",1756,ESPLUGUES L'AVENC,2026-27,False,False,2018-19: UNIO CORAL; 2019-20: UNIO CORAL; 2021-22: B UNIO CORAL; 2022-23: B LA UNIO CORAL; 2023-24: B LA UNIO CORAL; 2024-25: B LA UNIO CORAL; 2025-26: LA UNIO CORAL; 2026-27: ESPLUGUES L'AVENC
lara-benitez-tomas,"LARA BENÍTEZ, TOMÁS","Lara Benítez, Tomás",1405,CARDONA,2022-23,False,False,2021-22: CARDONA; 2022-23: CARDONA
lara-zamorano-carmelo-jose,"LARA ZAMORANO, CARMELO JOSÉ","Lara Zamorano, Carmelo José",2252,BLANES,2023-24,False,False,2021-22: BLANES; 2022-23: BLANES; 2023-24: BLANES
latorre-puigvert-ernest,"LATORRE PUIGVERT, ERNEST","Latorre Puigvert, Ernest",330,LLEIDA,2026-27,False,False,2016-17: LLEIDA ZONA 1; 2017-18: LLEIDA; 2018-19: LLEIDA; 2019-20: LLEIDA; 2020-21: LLEIDA; 2021-22: LLEIDA; 2022-23: LLEIDA; 2023-24: LLEIDA; 2024-25: LLEIDA; 2025-26: LLEIDA; 2026-27: LLEIDA
le-boeuf-brusotto-guy,"LE BOEUF BRUSOTTO, GUY","Le Boeuf Brusotto, Guy",,,,False,False,
lee-lee-sung-kil,"LEE LEE, SUNG KIL","Lee Lee, Sung Kil",,SANT FELIU,2021-22,False,False,2021-22: SANT FELIU
legido-fernandez-sergio,"LEGIDO FERNÁNDEZ, SERGIO","Legido Fernández, Sergio",783,MATARO,2026-27,False,False,2015-16: MONTMELO; 2024-25: GEIEG; 2025-26: MATARO; 2026-27: MATARO
lentz-christophe,"LENTZ, CHRISTOPHE","Lentz, Christophe",,CERDANYOLA,2021-22,False,False,2014-15: 04 2000 CERDANYOLA; 2015-16: 2000 CERDANYOLA; 2016-17: CERDANYOLA; 2017-18: CERDANYOLA; 2018-19: CERDANYOLA; 2021-22: CERDANYOLA
leon-calvo-luis,"LEÓN CALVO, LUIS","León Calvo, Luis",333,SANTS,2026-27,False,False,2014-15: 04 SANTS; 2015-16: SANTS; 2016-17: SANTS; 2017-18: SANTS; 2018-19: SANTS; 2019-20: SANTS; 2020-21: SANTS; 2021-22: SANTS; 2022-23: SANTS; 2023-24: SANTS; 2024-25: SANTS; 2026-27: SANTS
leon-puig-esteban,"LEÓN PUIG, ESTEBAN","León Puig, Esteban",332,SANTS,2026-27,False,False,2014-15: SANTS; 2015-16: SANTS; 2016-17: SANTS; 2017-18: SANTS; 2018-19: SANTS; 2019-20: SANTS; 2022-23: SANTS; 2023-24: SANTS; 2024-25: SANTS; 2025-26: SANTS; 2026-27: SANTS
lerena-hernandez-felipe,"LERENA HERNÁNDEZ, FELIPE","Lerena Hernández, Felipe",,LA GRAN PENYA,2016-17,False,False,2013-14: LA GRAN PENYA; 2014-15: 03 LA GRAN PENYA; 2015-16: LA GRAN PENYA; 2016-17: LA GRAN PENYA
leyton-cortes-santiago,"LEYTON CORTES, SANTIAGO","Leyton Cortes, Santiago",,MONFORTE,2020-21,False,True,2020-21: MONFORTE
liarte-lisa-josep-lluis,"LIARTE LISA, JOSEP LLUIS","Liarte Lisa, Josep Lluis",,MONT ROIG,2019-20,False,False,2013-14: PUNT D'ATAC; 2014-15: 11 PUNT D'ATAC; 2015-16: PUNT D ATAC; 2016-17: PUNT D'ATAC; 2017-18: PUNT D'ATAC; 2018-19: PUNT D'ATAC; 2019-20: MONT ROIG
liebana-camara-gabriel,"LIEBANA CAMARA, GABRIEL","Liebana Camara, Gabriel",,GRANOLLERS,2022-23,False,False,2014-15: 06 DANY ELLS; 2015-16: DANY ELLS; 2016-17: DANY'ELLS; 2017-18: DANY ELLS; 2018-19: DANY ELLS; 2019-20: GRANOLLERS; 2021-22: GRANOLLERS; 2022-23: GRANOLLERS
limones-villalba-antonio,"LIMONES VILLALBA, ANTONIO","Limones Villalba, Antonio",786,BARCELONA,2026-27,False,False,2014-15: 08 LLICA D'AMUNT; 2015-16: LLICA D'AMUNT; 2016-17: LLICA D'AMUNT; 2017-18: LLICA D'AMUNT; 2018-19: LLICA D'AMUNT; 2019-20: LLICA D'AMUNT; 2020-21: LLICA; 2021-22: LLICA D'AMUNT; 2022-23: LLICA D'AMUNT; 2023-24: LLICA D'AMUNT; 2024-25: LLICA AMUNT; 2025-26: BARCELONA; 2026-27: BARCELONA
limones-villalba-jordi,"LIMONES VILLALBA, JORDI","Limones Villalba, Jordi",335,BARCELONA,2026-27,False,False,2014-15: 01 BARCELONA; 2015-16: BARCELONA; 2016-17: BARCELONA; 2017-18: BARCELONA; 2018-19: BARCELONA; 2019-20: BARCELONA; 2020-21: BARCELONA; 2021-22: BARCELONA; 2022-23: BARCELONA; 2023-24: BARCELONA; 2024-25: BARCELONA; 2025-26: BARCELONA; 2026-27: BARCELONA
linares-gutierrez-david,"LINARES GUTIERREZ, DAVID","Linares Gutierrez, David",,SANT FELIU,2022-23,False,False,2018-19: SANT FELIU; 2019-20: SANT FELIU; 2021-22: SANT FELIU; 2022-23: SANT FELIU
lindo-alvarado-enric,"LINDO ALVARADO, ENRIC","Lindo Alvarado, Enric",788,ALBA,2026-27,False,False,2014-15: 04 ALBA; 2015-16: ALBA; 2023-24: ALBA; 2024-25: ALBA; 2025-26: ALBA; 2026-27: ALBA
liria-ruiz-raquel,"LIRIA RUIZ, RAQUEL","Liria Ruiz, Raquel",,MANRESA,2015-16,False,False,2014-15: MANRESA; 2015-16: MANRESA
liziano-alquezar-juan-carlos,"LIZIANO ÁLQUEZAR, JUAN CARLOS","Liziano Álquezar, Juan Carlos",2801,MOLLET,2026-27,False,False,2026-27: MOLLET
lladonosa-sapiens-llorenc,"LLADONOSA SAPIENS, LLORENÇ","Lladonosa Sapiens, Llorenç",2436,LLEIDA,2026-27,False,False,2023-24: LLEIDA; 2024-25: LLEIDA; 2025-26: LLEIDA; 2026-27: LLEIDA
llamas-sanchez-manuel,"LLAMAS SÁNCHEZ, MANUEL","Llamas Sánchez, Manuel",790,PRAT,2026-27,False,False,2014-15: 07 SANT BOI; 2015-16: SANT BOI; 2016-17: SANT BOI; 2017-18: SANT BOI; 2018-19: SANT BOI; 2019-20: SANT BOI; 2021-22: SANT BOI; 2023-24: PRAT; 2024-25: SANT BOI; 2025-26: PRAT; 2026-27: PRAT
llobet-coronel-antoni,"LLOBET CORONEL, ANTONI","Llobet Coronel, Antoni",,,,False,False,
llobet-traveset-jordi,"LLOBET TRAVESET, JORDI","Llobet Traveset, Jordi",26,CASAL CERVERA,2026-27,False,False,2014-15: CASAL CERVERA; 2015-16: CASAL CERVERA; 2016-17: CERVERA; 2017-18: CERVERA; 2018-19: CERVERA; 2019-20: CERVERA; 2021-22: CERVERA B AMISTAT; 2022-23: CASAL CERVERA; 2023-24: CASAL CERVERA; 2024-25: CASAL CERVERA; 2025-26: CASAL CERVERA; 2026-27: CASAL CERVERA
llop-de-la-fuente-francisco,"LLOP DE LA FUENTE, FRANCISCO","Llop De La Fuente, Francisco",,SANT FELIU,2021-22,False,False,2021-22: SANT FELIU
llop-ruana-marti,"LLOP RUANA, MARTÍ","Llop Ruana, Martí",,SANTS,2020-21,False,False,2014-15: SANTS; 2015-16: SANTS; 2016-17: SANTS; 2017-18: SANTS; 2018-19: SANTS; 2019-20: SANTS; 2020-21: SANTS
llorens-roca-jordi,"LLORENS ROCA, JORDI","Llorens Roca, Jordi",2349,SANT BOI,2026-27,False,False,2022-23: SANT BOI; 2023-24: SANT BOI; 2024-25: SANT BOI; 2025-26: SANT BOI; 2026-27: SANT BOI
lloria-bordoy-jordi,"LLORIA BORDOY, JORDI","Lloria Bordoy, Jordi",793,BARCELONA,2024-25,False,False,2014-15: 02 BARCELONA; 2015-16: BARCELONA; 2016-17: BARCELONA; 2017-18: BARCELONA; 2018-19: BARCELONA; 2019-20: BARCELONA; 2022-23: BARCELONA; 2023-24: BARCELONA; 2024-25: BARCELONA
lloveras-martinez-fco-jose,"LLOVERAS MARTÍNEZ, FCO. JOSÉ","Lloveras Martínez, Fco. José",794,PREMIA,2026-27,False,False,2015-16: PREMIA; 2016-17: PREMIA; 2017-18: PREMIA; 2018-19: PREMIA; 2019-20: PREMIA; 2021-22: PREMIA; 2022-23: PREMIA; 2023-24: PREMIA; 2024-25: PREMIA; 2025-26: PREMIA; 2026-27: PREMIA
lluma-vergara-pere,"LLUMA VERGARA, PERE","Lluma Vergara, Pere",339,VIC,2026-27,False,False,2014-15: VIC; 2015-16: VIC; 2016-17: VIC; 2017-18: VIC; 2018-19: VIC; 2019-20: VIC; 2021-22: VIC; 2022-23: VIC; 2023-24: VIC; 2024-25: VIC; 2025-26: VIC; 2026-27: VIC
longaron-calle-antoni-g,"LONGARÓN CALLE, ANTONI G.","Longarón Calle, Antoni G.",340,CASAL CERVERA,2026-27,False,False,2014-15: 03 CASAL DE CERVERA; 2015-16: CASAL CERVERA; 2016-17: CASAL CERVERA; 2017-18: CERVERA; 2018-19: CERVERA; 2019-20: CERVERA; 2021-22: CERVERA; 2022-23: CASAL CERVERA; 2023-24: CASAL CERVERA; 2024-25: CASAL DE CERVERA; 2025-26: CASAL CERVERA; 2026-27: CASAL CERVERA
lopez-arjona-emilio,"LÓPEZ ARJONA, EMILIO","López Arjona, Emilio",2421,SANTS,2026-27,False,False,2023-24: SANTS; 2024-25: SANTS; 2025-26: SANTS; 2026-27: SANTS
lopez-balboa-alejandro,"LÓPEZ BALBOA, ALEJANDRO","López Balboa, Alejandro",341,F MOLINS,2026-27,False,False,2014-15: 01 SANT BOI; 2015-16: SANT BOI; 2016-17: SANT BOI; 2017-18: SANT BOI; 2018-19: SANT BOI; 2019-20: SANT BOI; 2020-21: PRAT; 2021-22: SANT BOI; 2022-23: PRAT; 2023-24: SANT BOI; 2024-25: FOMENT MOLINS; 2025-26: SANT BOI; 2026-27: F MOLINS
lopez-borrego-samuel,"LÓPEZ BORREGO, SAMUEL","López Borrego, Samuel",,CORAL COLON,2015-16,False,False,2015-16: CORAL COLON
lopez-carbonell-antoni,"LÓPEZ CARBONELL, ANTONI","López Carbonell, Antoni",342,OLESA,2026-27,False,False,2014-15: 07 OLESA; 2015-16: OLESA; 2016-17: OLESA; 2017-18: OLESA; 2018-19: OLESA; 2019-20: OLESA; 2022-23: OLESA; 2023-24: OLESA; 2024-25: OLESA; 2025-26: OLESA; 2026-27: OLESA
lopez-de-la-franca-garcia-francisco,"LÓPEZ DE LA FRANCA GARCÍA, FRANCISCO","López De La Franca García, Francisco",2061,TARRAGONA,2026-27,False,False,2026-27: TARRAGONA
lopez-diaz-antonio,"LÓPEZ DÍAZ, ANTONIO","López Díaz, Antonio",,,,False,False,
lopez-esquerdo-jose-ramon,"LÓPEZ ESQUERDO, JOSÉ RAMÓN","López Esquerdo, José Ramón",2621,MATARO,2026-27,False,False,2025-26: MATARO; 2026-27: MATARO
lopez-fernandez-jose,"LÓPEZ FERNÁNDEZ, JOSÉ","López Fernández, José",2525,MATARO,2026-27,False,False,2026-27: MATARO
lopez-fernandez-marta-fabiana,"LÓPEZ FERNÁNDEZ, MARTA FABIANA","López Fernández, Marta Fabiana",2318,MATARO,2026-27,False,False,2022-23: MATARO; 2023-24: MATARO; 2024-25: MATARO; 2025-26: MATARO; 2026-27: MATARO
lopez-fernandez-rafael,"LÓPEZ FERNÁNDEZ, RAFAEL","López Fernández, Rafael",2520,LA UNIO CORAL,2025-26,False,False,2024-25: B LA UNIO CORAL; 2025-26: LA UNIO CORAL
lopez-fibla-silvia,"LÓPEZ FIBLA, SILVIA","López Fibla, Silvia",1227,INDEPENDENT,2024-25,False,False,2014-15: INDEPENDENT; 2015-16: INDEPENDENT; 2018-19: INDEPENDENT; 2020-21: INDEPENDENT; 2021-22: INDEPENDENT; 2022-23: INDEPENDENT; 2023-24: INDEPENDENT; 2024-25: INDEPENDENT
lopez-gallego-cristian,"LÓPEZ GALLEGO, CRISTIAN","López Gallego, Cristian",2325,MONFORTE,2026-27,True,True,2022-23: MONFORTE; 2023-24: MONFORTE; 2025-26: MONFORTE; 2026-27: MONFORTE
lopez-garcia-angel,"LÓPEZ GARCÍA, ANGEL","López García, Angel",,,,False,False,
lopez-garcia-ivan,"LÓPEZ GARCÍA, IVÁN","López García, Iván",,SANT FELIU,2018-19,False,False,2016-17: SANT FELIU; 2017-18: SANT FELIU DE CODINES; 2018-19: SANT FELIU
lopez-heredia-cristobal,"LÓPEZ HEREDIA, CRISTÓBAL","López Heredia, Cristóbal",1710,SANT FELIU,2026-27,False,False,2021-22: SANT FELIU; 2022-23: SANT FELIU; 2023-24: SANT FELIU; 2024-25: SANT FELIU; 2025-26: SANT FELIU DE CODINES; 2026-27: SANT FELIU
lopez-lopez-juan,"LÓPEZ LÓPEZ, JUAN","López López, Juan",,,,False,False,
lopez-lopez-saturio,"LÓPEZ LÓPEZ, SATURIO","López López, Saturio",59,2000 CERDANYOLA,2026-27,False,False,2014-15: 04 2000 CERDANYOLA; 2015-16: 2000 CERDANYOLA; 2016-17: CERDANYOLA; 2017-18: CERDANYOLA; 2018-19: CERDANYOLA; 2019-20: CERDANYOLA; 2020-21: CERDANYOLA; 2021-22: CERDANYOLA; 2022-23: 2000 CERDANYOLA; 2023-24: 2000 CERDANYOLA; 2024-25: 2000 CERDANYOLA; 2025-26: 2000 CERDANYOLA; 2026-27: 2000 CERDANYOLA
lopez-marcos-jose-francisco,"LÓPEZ MARCOS, JOSÉ FRANCISCO","López Marcos, José Francisco",,08 MONTMELO,2014-15,False,False,2014-15: 08 MONTMELO
lopez-masegosa-francisco,"LÓPEZ MASEGOSA, FRANCISCO","López Masegosa, Francisco",1960,LLEIDA,2026-27,False,False,2021-22: LLEIDA; 2022-23: LLEIDA; 2023-24: LLEIDA; 2025-26: LLEIDA; 2026-27: LLEIDA
lopez-morilla-manuel,"LÓPEZ MORILLA, MANUEL","López Morilla, Manuel",2787,2000 CERDANYOLA,2026-27,False,False,2026-27: 2000 CERDANYOLA
lopez-munoz-ma-dolores,"LÓPEZ MUÑOZ, Mª DOLORES","López Muñoz, Mª Dolores",,INDEPENDENT,2018-19,False,False,2018-19: INDEPENDENT
lopez-navajas-carlos,"LÓPEZ NAVAJAS, CARLOS","López Navajas, Carlos",2463,LLINARS,2026-27,False,False,2023-24: LLINARS; 2024-25: LLINARS; 2025-26: LLINARS; 2026-27: LLINARS
lopez-navas-martin,"LÓPEZ NAVAS, MARTÍN","López Navas, Martín",346,2000 CERDANYOLA,2026-27,False,False,2014-15: 2000 CERDANYOLA; 2015-16: 2000 CERDANYOLA; 2016-17: CERDANYOLA; 2017-18: CERDANYOLA; 2018-19: CERDANYOLA; 2019-20: CERDANYOLA; 2020-21: CERDANYOLA; 2021-22: 2000 CERDANYOLA; 2022-23: 2000 CERDANYOLA; 2023-24: 2000 CERDANYOLA AMISTAT; 2024-25: 2000 CERDANYOLA; 2025-26: 2000 CERDANYOLA; 2026-27: 2000 CERDANYOLA
lopez-penarete-julian-alberto,"LÓPEZ PEÑARETE, JULIAN ALBERTO","López Peñarete, Julian Alberto",802,CANET DE MAR,2026-27,False,False,2014-15: 01 CANET; 2015-16: MATARO; 2016-17: CANET; 2017-18: CANET; 2018-19: CANET; 2019-20: CANET; 2020-21: CANET; 2021-22: CANET; 2022-23: CANET; 2023-24: CANET; 2024-25: CANET; 2025-26: CANET; 2026-27: CANET DE MAR
lopez-perez-manuel,"LÓPEZ PÉREZ, MANUEL","López Pérez, Manuel",2673,SANT ADRIA,2026-27,False,False,2025-26: SANT ADRIA; 2026-27: SANT ADRIA
lopez-perez-tania,"LÓPEZ PÉREZ, TANIA","López Pérez, Tania",,,,False,False,
lopez-pulido-carlos,"LÓPEZ PULIDO, CARLOS","López Pulido, Carlos",804,LA UNIO CORAL,2026-27,False,False,2014-15: 06 LA UNIO CORAL; 2015-16: LA UNIO CORAL; 2016-17: UNIO CORAL; 2019-20: LA UNIO CORAL; 2021-22: B UNIO CORAL; 2022-23: B LA UNIO CORAL; 2023-24: B LA UNIO CORAL; 2024-25: B LA UNIO CORAL; 2025-26: LA UNIO CORAL; 2026-27: LA UNIO CORAL
lopez-salvador-marti,"LÓPEZ SALVADOR, MARTI","López Salvador, Marti",1897,MATARO,2026-27,False,False,2023-24: MATARO; 2024-25: MATARO; 2025-26: MATARO; 2026-27: MATARO
lopez-soler-antonio,"LÓPEZ SOLER, ANTONIO","López Soler, Antonio",,CERDANYOLA,2018-19,False,False,2014-15: CORAL COLON; 2016-17: CERDANYOLA; 2017-18: CERDANYOLA; 2018-19: CERDANYOLA
lopez-varela-guillem,"LÓPEZ VARELA, GUILLEM","López Varela, Guillem",,SANT ADRIA,2017-18,False,False,2016-17: SANT ADRIA; 2017-18: SANT ADRIA
lorente-garcia-josep-manel,"LORENTE GARCÍA, JOSEP MANEL","Lorente García, Josep Manel",806,SANT ADRIA,2026-27,False,False,2014-15: 05 SANT ADRIA; 2015-16: SANT ADRIA; 2016-17: SANT ADRIA; 2017-18: SANT ADRIA; 2018-19: SANT ADRIA; 2019-20: SANT ADRIA; 2020-21: SANT ADRIA; 2021-22: SANT ADRIA; 2022-23: SANT ADRIA; 2023-24: SANT ADRIA; 2024-25: SANT ADRIA; 2025-26: SANTA ADRIA; 2026-27: SANT ADRIA
lozano-de-la-torre-manel,"LOZANO DE LA TORRE, MANEL","Lozano De La Torre, Manel",349,VIC,2026-27,False,False,2014-15: VIC; 2015-16: VIC; 2016-17: VIC; 2017-18: MANRESA; 2018-19: MANRESA; 2019-20: MANRESA; 2020-21: MANRESA; 2021-22: MANRESA; 2022-23: MANRESA; 2023-24: MANRESA; 2024-25: MANRESA; 2025-26: MANRESA; 2026-27: VIC
lozano-espinosa-manuel,"LOZANO ESPINOSA, MANUEL","Lozano Espinosa, Manuel",2533,LA UNIO CORAL,2026-27,False,False,2024-25: F MOLINS; 2025-26: LA UNIO CORAL; 2026-27: LA UNIO CORAL
lozano-herrero-manuel,"LOZANO HERRERO, MANUEL","Lozano Herrero, Manuel",350,MONFORTE,2026-27,True,True,2014-15: 04 MONFORTE; 2015-16: MONFORTE; 2016-17: MONFORTE; 2017-18: MONFORTE; 2018-19: MONFORTE; 2019-20: MONFORTE; 2020-21: MONFORTE; 2021-22: MONFORTE; 2022-23: MONFORTE; 2023-24: MONFORTE; 2024-25: MONFORTE; 2025-26: MONFORTE; 2026-27: MONFORTE
lozano-villegas-mauricio,"LOZANO VILLEGAS, MAURICIO","Lozano Villegas, Mauricio",810,MONFORTE,2026-27,True,True,2023-24: MONFORTE; 2024-25: MONFORTE; 2025-26: MONFORTE; 2026-27: MONFORTE
luque-aguilar-ruben,"LUQUE AGUILAR, RUBÉN","Luque Aguilar, Rubén",,LA COLMENA,2017-18,False,False,2017-18: LA COLMENA
luque-carrillo-pedro,"LUQUE CARRILLO, PEDRO","Luque Carrillo, Pedro",,CAP,2021-22,False,False,2017-18: VILANOVA; 2018-19: VILANOVA; 2019-20: VILANOVA I LA GELTRU; 2021-22: CAP
luque-martinez-jesus,"LUQUE MARTÍNEZ, JESÚS","Luque Martínez, Jesús",351,SANT ADRIA,2026-27,False,False,2014-15: 08 SANT ADRIA; 2015-16: SANT ADRIA; 2016-17: VIC; 2017-18: VIC; 2018-19: VIC; 2019-20: VIC; 2020-21: VIC; 2021-22: VIC; 2022-23: VIC; 2023-24: SANT ADRIA; 2024-25: SANT ADRIA; 2025-26: SANT ADRIA; 2026-27: SANT ADRIA
luque-tapia-pedro,"LUQUE TAPIA, PEDRO","Luque Tapia, Pedro",,LA COLMENA,2019-20,False,False,2014-15: 05 LA COLMENA; 2015-16: LA COLMENA; 2016-17: LA COLMENA; 2017-18: LA COLMENA; 2018-19: LA COLMENA; 2019-20: LA COLMENA
macias-chacon-antoni,"MACIAS CHACÓN, ANTONI","Macias Chacón, Antoni",353,B EL MASNOU,2023-24,False,False,2014-15: 03 PREMIA; 2015-16: PREMIA; 2016-17: PREMIA; 2017-18: PREMIA; 2018-19: EL MASNOU; 2019-20: EL MASNOU; 2023-24: B EL MASNOU
magdaleno-carreno-antoni,"MAGDALENO CARREÑO, ANTONI","Magdaleno Carreño, Antoni",817,MONT ROIG,2026-27,False,False,2014-15: 04 PUNT D'ATAC; 2015-16: PUNT D ATAC; 2016-17: PUNT D'ATAC; 2017-18: PUNT D'ATAC; 2018-19: PUNT D'ATAC; 2019-20: PUNT D'ATAC; 2020-21: PUNT D'ATAC; 2021-22: PUNT D'ATAC; 2022-23: MONT ROIG; 2023-24: MONT ROIG; 2024-25: MONT ROIG; 2025-26: MONT ROIG; 2026-27: MONT ROIG
majua-peris-josep-lluis,"MAJUA PERIS, JOSEP LLUIS","Majua Peris, Josep Lluis",2177,SANT FELIU,2026-27,False,False,2020-21: CANET; 2021-22: CANET; 2022-23: CANET; 2023-24: 2000 CERDANYOLA; 2024-25: 2000 CERDANYOLA; 2025-26: 2000 CERDANYOLA; 2026-27: SANT FELIU
malbet-mas-carlos,"MALBET MAS, CARLOS","Malbet Mas, Carlos",,GEIEG,2021-22,False,False,2017-18: GEIEG; 2021-22: GEIEG
mallol-ruiz-bonaventura,"MALLOL RUIZ, BONAVENTURA","Mallol Ruiz, Bonaventura",354,VIC,2026-27,False,False,2014-15: VIC; 2015-16: VIC; 2016-17: VIC; 2017-18: VIC; 2018-19: VIC; 2019-20: VIC; 2020-21: VIC; 2021-22: VIC; 2022-23: VIC; 2023-24: VIC; 2024-25: VIC; 2025-26: VIC; 2026-27: VIC
mancipe-segura-yeimy-andrea,"MANCIPE SEGURA, YEIMY ANDREA","Mancipe Segura, Yeimy Andrea",820,CANET DE MAR,2026-27,False,False,2014-15: CANET DE MAR; 2015-16: MONTMELO; 2016-17: MONTMELO; 2018-19: F MOLINS; 2019-20: CANET DE MAR; 2020-21: CANET DE MAR; 2021-22: CAP; 2022-23: CANET DE MAR; 2023-24: CANET DE MAR; 2024-25: CANET; 2025-26: CANET DE MAR; 2026-27: CANET DE MAR
manresa-vinals-joaquim,"MANRESA VIÑALS, JOAQUIM","Manresa Viñals, Joaquim",821,TARRAGONA,2025-26,False,False,2014-15: TARRAGONA; 2015-16: TARRAGONA; 2016-17: TARRAGONA; 2017-18: TARRAGONA; 2018-19: TARRAGONA; 2019-20: TARRAGONA; 2020-21: TARRAGONA; 2021-22: TARRAGONA; 2022-23: TARRAGONA; 2023-24: TARRAGONA; 2024-25: TARRAGONA; 2025-26: TARRAGONA
manzano-nunez-jose-maria,"MANZANO NÚÑEZ, JOSÉ MARÍA","Manzano Núñez, José María",,LA COLMENA,2019-20,False,False,2018-19: LA COLMENA; 2019-20: LA COLMENA
maqueda-duran-joan,"MAQUEDA DURÁN, JOAN","Maqueda Durán, Joan",,SANT ADRIA,2021-22,False,False,2020-21: SANT ADRIA; 2021-22: SANT ADRIA
marce-gil-jaume,"MARCÉ GIL, JAUME","Marcé Gil, Jaume",1754,2000 CERDANYOLA,2026-27,False,False,2019-20: CERDANYOLA; 2021-22: 2000 CERDANYOLA; 2023-24: 2000 CERDANYOLA AMISTAT; 2024-25: 2000 CERDANYOLA; 2026-27: 2000 CERDANYOLA
marin-gasio-albert,"MARIN GASIO, ALBERT","Marin Gasio, Albert",2796,PUNT D'ATAC,2026-27,False,False,2026-27: PUNT D'ATAC
marin-romera-felicia,"MARÍN ROMERA, FELICIÀ","Marín Romera, Felicià",355,PREMIA,2026-27,False,False,2014-15: 02 LLINARS; 2015-16: MONTMELO; 2016-17: MONTMELO; 2017-18: MONTMELO; 2018-19: LLINARS; 2019-20: LLINARS; 2020-21: PREMIA; 2021-22: PREMIA; 2022-23: PREMIA; 2023-24: PREMIA; 2024-25: PREMIA; 2025-26: PREMIA; 2026-27: PREMIA
marin-sanchez-jose-ignacio,"MARÍN SÁNCHEZ, JOSÉ IGNACIO","Marín Sánchez, José Ignacio",,LLEIDA,2019-20,False,False,2018-19: LLEIDA; 2019-20: LLEIDA
marin-vicioso-bartolome,"MARÍN VICIOSO, BARTOLOMÉ","Marín Vicioso, Bartolomé",1262,LLINARS,2026-27,False,False,2015-16: LLINARS; 2016-17: LLINARS; 2017-18: LLINARS; 2018-19: LLINARS; 2019-20: LLINARS; 2020-21: LLINARS; 2021-22: LLINARS; 2022-23: LLINARS; 2023-24: LLINARS; 2024-25: LLINARS; 2025-26: LLINARS; 2026-27: LLINARS
marquez-montes-antonio,"MÁRQUEZ MONTES, ANTONIO","Márquez Montes, Antonio",824,LA UNIO CORAL,2026-27,False,False,2014-15: 01 FOMENT MOLINS; 2015-16: FOMENT MOLINS; 2016-17: FOMENT MOLINS; 2017-18: MOLINS; 2018-19: MOLINS; 2019-20: CERDANYOLA; 2020-21: MOLINS; 2021-22: CERDANYOLA; 2022-23: 2000 CERDANYOLA; 2023-24: SBF MOLINS; 2024-25: FOMENT MOLINS; 2026-27: LA UNIO CORAL
marquez-montes-jose-miguel,"MÁRQUEZ MONTES, JOSÉ MIGUEL","Márquez Montes, José Miguel",358,2000 CERDANYOLA,2026-27,False,False,2014-15: 04 FOMENT MOLINS; 2015-16: FOMENT MOLINS; 2016-17: FOMENT MOLINS; 2017-18: MOLINS; 2018-19: CERDANYOLA; 2019-20: EL PRAT; 2020-21: PRAT; 2021-22: CERDANYOLA; 2022-23: 2000 CERDANYOLA; 2023-24: F MOLINS; 2024-25: F MOLINS; 2026-27: 2000 CERDANYOLA
marti-martinez-julio,"MARTÍ MARTÍNEZ, JULIO","Martí Martínez, Julio",,LLICA D'AMUNT,2015-16,False,False,2015-16: LLICA D'AMUNT
marti-sendra-jordi,"MARTÍ SENDRA, JORDI","Martí Sendra, Jordi",360,LLEIDA,2026-27,False,False,2014-15: 05 L'AMISTAT MOLLERUSSA; 2015-16: L'AMISTAT MOLLERUSSA; 2016-17: INDEPENDENT; 2017-18: INDEPENDENT; 2021-22: AMISTAT MOLLERUSSA; 2022-23: MOLLERUSA; 2023-24: LLEIDA; 2024-25: LLEIDA; 2025-26: LLEIDA; 2026-27: LLEIDA
marti-talavera-salvador,"MARTÍ TALAVERA, SALVADOR","Martí Talavera, Salvador",361,LLEIDA,2026-27,False,False,2014-15: LLEIDA; 2015-16: LLEIDA; 2016-17: LLEIDA; 2017-18: LLEIDA; 2018-19: LLEIDA; 2019-20: LLEIDA; 2020-21: LLEIDA; 2021-22: LLEIDA; 2022-23: LLEIDA; 2023-24: LLEIDA; 2024-25: LLEIDA; 2025-26: LLEIDA; 2026-27: LLEIDA
marti-torrente-damia,"MARTÍ TORRENTE, DAMIÀ","Martí Torrente, Damià",2637,MONT ROIG,2026-27,False,False,2025-26: MONT ROIG; 2026-27: MONT ROIG
martin-guerrero-joan,"MARTÍN GUERRERO, JOAN","Martín Guerrero, Joan",362,CASAL CERVERA,2026-27,False,False,2025-26: CASAL DE CERVERA; 2026-27: CASAL CERVERA
martin-guillermo-sergi,"MARTÍN GUILLERMO, SERGI","Martín Guillermo, Sergi",,SANTS,2015-16,False,False,2014-15: 02 SANTS; 2015-16: SANTS
martin-lima-melchor,"MARTÍN LIMA, MELCHOR","Martín Lima, Melchor",829,LA GRAN PENYA,2026-27,False,False,2014-15: 06 LA UNIO CORAL; 2015-16: FOMENT MOLINS; 2016-17: UNIO CORAL; 2017-18: MOLINS; 2018-19: MOLINS; 2019-20: MOLINS; 2021-22: LA GRAN PENYA; 2022-23: LA GRAN PENYA; 2023-24: B LA UNIO CORAL; 2024-25: SANT ADRIA; 2025-26: SANTS; 2026-27: LA GRAN PENYA
martin-sanchez-andreu,"MARTÍN SÁNCHEZ, ANDREU","Martín Sánchez, Andreu",363,SANT BOI,2026-27,False,False,2014-15: SANT BOI; 2015-16: SANT BOI; 2016-17: SANT BOI; 2018-19: SANT BOI; 2019-20: SANT BOI; 2021-22: SANT BOI; 2022-23: SANT BOI; 2023-24: SANT BOI; 2024-25: SANT BOI; 2025-26: SANT BOI; 2026-27: SANT BOI
martin-sierra-andreu,"MARTÍN SIERRA, ANDREU","Martín Sierra, Andreu",831,MATADEPERA,2026-27,False,False,2014-15: 03 MATADEPERA; 2015-16: MATADEPERA; 2016-17: MATADEPERA; 2017-18: MATADEPERA; 2018-19: MATADEPERA; 2021-22: MATADEPERA; 2022-23: MATADEPERA; 2026-27: MATADEPERA
martin-tovar-francisco,"MARTÍN TOVAR, FRANCISCO","Martín Tovar, Francisco",1459,LLINARS,2026-27,False,False,2017-18: LLINARS; 2018-19: LLINARS; 2019-20: LLINARS; 2020-21: LLINARS; 2021-22: LLINARS; 2022-23: LLINARS; 2023-24: LLINARS; 2024-25: LLINARS; 2025-26: LLINARS; 2026-27: LLINARS
martin-vilchez-josep,"MARTÍN VÍLCHEZ, JOSEP","Martín Vílchez, Josep",832,GRANOLLERS,2026-27,False,False,2014-15: LA COLMENA; 2015-16: MONTMELO; 2016-17: MONTMELO; 2017-18: MONTMELO; 2018-19: SANT ADRIA; 2019-20: LLINARS; 2020-21: SANT ADRIA; 2021-22: SANT ADRIA; 2022-23: SANT ADRIA; 2023-24: LLINARS; 2024-25: LLINARS; 2025-26: GRANOLLERS; 2026-27: GRANOLLERS
martinez-alberto-xavier,"MARTÍNEZ ALBERTO, XAVIER","Martínez Alberto, Xavier",833,MOLLET,2026-27,False,False,2014-15: 01 MOLLET; 2015-16: MOLLET; 2016-17: DANY'ELLS; 2017-18: DANY ELLS; 2018-19: DANY ELLS; 2019-20: MOLLET; 2020-21: MOLLET; 2021-22: GRANOLLERS; 2022-23: GRANOLLERS; 2023-24: GRANOLLERS; 2024-25: LLINARS; 2025-26: MOLLET; 2026-27: MOLLET
martinez-aviles-sergio,"MARTÍNEZ AVILÉS, SERGIO","Martínez Avilés, Sergio",1194,MATARO,2026-27,False,False,2014-15: MOLLET; 2015-16: MOLLET; 2016-17: DANY'ELLS; 2017-18: DANY ELLS; 2018-19: DANY ELLS; 2019-20: MOLLET; 2020-21: MOLLET; 2021-22: GRANOLLERS; 2022-23: GRANOLLERS; 2023-24: GRANOLLERS; 2024-25: MATARO; 2025-26: MATARO; 2026-27: MATARO
martinez-bautista-juan,"MARTÍNEZ BAUTISTA, JUAN","Martínez Bautista, Juan",,,,False,False,
martinez-bellmunt-jordi,"MARTÍNEZ BELLMUNT, JORDI","Martínez Bellmunt, Jordi",365,LLEIDA,2026-27,False,False,2014-15: 05 L'AMISTAT MOLLERUSSA; 2015-16: L'AMISTAT MOLLERUSSA; 2016-17: L'AMISTAT MOLLERUSSA; 2017-18: L'AMISTAT; 2018-19: L'AMISTAT; 2019-20: L'AMISTAT; 2021-22: AMISTAT MOLLERUSSA; 2022-23: MOLLERUSA; 2023-24: LLEIDA; 2024-25: LLEIDA; 2025-26: LLEIDA; 2026-27: LLEIDA
martinez-calderon-xavier,"MARTÍNEZ CALDERÓN, XAVIER","Martínez Calderón, Xavier",,LLINARS,2024-25,False,False,2018-19: LLINARS; 2019-20: LLINARS; 2020-21: LLINARS; 2021-22: LLINARS; 2022-23: LLINARS; 2023-24: LLINARS; 2024-25: LLINARS
martinez-carrillo-antoni,"MARTÍNEZ CARRILLO, ANTONI","Martínez Carrillo, Antoni",367,LLINARS,2026-27,False,False,2014-15: 04 FOMENT MOLINS; 2015-16: FOMENT MOLINS; 2016-17: FOMENT MOLINS; 2017-18: MOLINS; 2018-19: MOLINS; 2019-20: MOLINS; 2020-21: MOLINS; 2021-22: FOMENT MOLINS; 2022-23: MOLINS; 2023-24: LLINARS; 2024-25: LLINARS; 2025-26: LLINARS; 2026-27: LLINARS
martinez-cortes-jhony-hans,"MARTÍNEZ CORTÉS, JHONY HANS","Martínez Cortés, Jhony Hans",2741,INDEPENDENT,2025-26,False,False,2025-26: INDEPENDENT
martinez-fernandez-miguel,"MARTÍNEZ FERNÁNDEZ, MIGUEL","Martínez Fernández, Miguel",2758,GEIEG,2026-27,False,False,2026-27: GEIEG
martinez-garcia-josep,"MARTÍNEZ GARCÍA, JOSEP","Martínez García, Josep",,B LA UNIO CORAL,2022-23,False,False,2015-16: LA UNIO CORAL; 2022-23: B LA UNIO CORAL
martinez-garzon-tomas,"MARTÍNEZ GARZÓN, TOMÁS","Martínez Garzón, Tomás",,,,False,False,
martinez-lopezosa-jose,"MARTÍNEZ LOPEZOSA, JOSÉ","Martínez Lopezosa, José",,TARRAGONA,2022-23,False,False,2018-19: TARRAGONA; 2019-20: TARRAGONA; 2020-21: TARRAGONA; 2021-22: TARRAGONA; 2022-23: TARRAGONA
martinez-lopezosa-vicenc,"MARTÍNEZ LOPEZOSA, VICENÇ","Martínez Lopezosa, Vicenç",836,MONT ROIG,2026-27,False,False,2014-15: 06 TARRAGONA; 2015-16: TARRAGONA; 2016-17: TARRAGONA; 2017-18: TARRAGONA; 2018-19: TARRAGONA; 2019-20: TARRAGONA; 2020-21: TARRAGONA; 2021-22: TARRAGONA; 2022-23: TARRAGONA; 2023-24: TARRAGONA; 2026-27: MONT ROIG
martinez-martinez-miguel,"MARTÍNEZ MARTÍNEZ, MIGUEL","Martínez Martínez, Miguel",2273,SANT ADRIA,2026-27,False,False,2021-22: SANT ADRIA; 2023-24: SANT ADRIA; 2024-25: SANT ADRIA; 2025-26: SANTA ADRIA; 2026-27: SANT ADRIA
martinez-mateu-albert,"MARTÍNEZ MATEU, ALBERT","Martínez Mateu, Albert",370,BORGES,2026-27,False,False,2014-15: FOMENT MOLINS; 2015-16: FOMENT MOLINS; 2016-17: MOLINS; 2017-18: MOLINS; 2018-19: VIC; 2019-20: VIC; 2020-21: MANRESA; 2021-22: MANRESA; 2022-23: LLEIDA; 2023-24: LLEIDA; 2024-25: BORGES; 2025-26: BORGES; 2026-27: BORGES
martinez-moreno-daniel,"MARTÍNEZ MORENO, DANIEL","Martínez Moreno, Daniel",371,MATARO,2026-27,False,False,2014-15: MATARO; 2015-16: MATARO; 2016-17: MATARO; 2017-18: MATARO; 2018-19: MATARO; 2019-20: MATARO; 2021-22: CANET; 2022-23: CANET; 2023-24: CANET; 2024-25: CANET; 2025-26: MATARO; 2026-27: MATARO
martinez-orozco-pedro,"MARTÍNEZ OROZCO, PEDRO","Martínez Orozco, Pedro",1173,PRAT,2026-27,False,False,2014-15: PRAT; 2015-16: EL PRAT; 2018-19: PRAT; 2020-21: PRAT; 2024-25: PRAT; 2025-26: PRAT; 2026-27: PRAT
martinez-pelaez-carles,"MARTÍNEZ PELÁEZ, CARLES","Martínez Peláez, Carles",,,,False,False,
martinez-ponce-serafin,"MARTÍNEZ PONCE, SERAFIN","Martínez Ponce, Serafin",838,BLANES,2026-27,False,False,2014-15: 03 BLANES; 2015-16: BLANES; 2016-17: BLANES; 2017-18: BLANES; 2018-19: BLANES; 2019-20: BLANES; 2020-21: BLANES; 2021-22: BLANES; 2022-23: BLANES; 2023-24: BLANES; 2024-25: BLANES; 2025-26: BLANES; 2026-27: BLANES
martinez-roa-dayron-esteban,"MARTÍNEZ ROA, DAYRON ESTEBAN","Martínez Roa, Dayron Esteban",2433,MANRESA,2023-24,False,False,2023-24: MANRESA
martinez-rodriguez-jan-pool,"MARTÍNEZ RODRÍGUEZ, JAN POOL","Martínez Rodríguez, Jan Pool",2477,BARCELONA,2026-27,False,False,2023-24: BARCELONA; 2024-25: BARCELONA; 2026-27: BARCELONA
martinez-rojo-francesc,"MARTÍNEZ ROJO, FRANCESC","Martínez Rojo, Francesc",,ALBA,2018-19,False,False,2018-19: ALBA
martinez-torres-jordi,"MARTÍNEZ TORRES, JORDI","Martínez Torres, Jordi",840,SANTS,2026-27,False,False,2014-15: 04 SANTS; 2015-16: SANTS; 2016-17: SANTS; 2017-18: SANTS; 2018-19: SANTS; 2019-20: SANTS; 2020-21: SANTS; 2021-22: SANTS; 2022-23: SANTS; 2023-24: SANTS; 2024-25: SANTS; 2025-26: SANTS; 2026-27: SANTS
martinicorena-aguilo-cesar,"MARTINICORENA AGUILO, CÉSAR","Martinicorena Aguilo, César",,MATADEPERA,2021-22,False,False,2018-19: MATADEPERA; 2019-20: MATADEPERA; 2020-21: MATADEPERA; 2021-22: MATADEPERA
martorell-cid-jordi,"MARTORELL CID, JORDI","Martorell Cid, Jordi",,CAP,2023-24,False,False,2014-15: BARCELONA; 2016-17: BARCELONA; 2017-18: BARCELONA; 2018-19: BARCELONA; 2019-20: BARCELONA; 2022-23: BARCELONA; 2023-24: CAP
martori-vila-joaquim,"MARTORI VILA, JOAQUIM","Martori Vila, Joaquim",372,CANET DE MAR,2026-27,False,False,2014-15: 04 LLINARS; 2015-16: LLINARS; 2016-17: LLINARS; 2017-18: LLINARS; 2018-19: LLINARS; 2019-20: CANET; 2020-21: CANET DE MAR; 2021-22: CANET; 2022-23: CANET; 2023-24: CANET; 2024-25: CANET; 2025-26: CANET; 2026-27: CANET DE MAR
mas-canadell-cesar,"MAS CANADELL, CÉSAR","Mas Canadell, César",842,GRANOLLERS,2026-27,False,False,2014-15: 09 CORAL COLON; 2015-16: CORAL COLON; 2016-17: CORAL COLON; 2017-18: CORAL COLON; 2018-19: MATADEPERA; 2019-20: MATADEPERA; 2020-21: MATADEPERA; 2021-22: MATADEPERA; 2022-23: MATADEPERA; 2023-24: MOLLET; 2024-25: MOLLET; 2025-26: MOLLET; 2026-27: GRANOLLERS
mas-canadell-josep-ma,"MAS CANADELL, JOSEP Mª","Mas Canadell, Josep Mª",843,GRANOLLERS,2026-27,False,False,2014-15: CORAL COLON; 2015-16: CORAL COLON; 2016-17: CORAL COLON; 2020-21: MATADEPERA; 2021-22: MATADEPERA; 2022-23: MATADEPERA; 2023-24: MOLLET; 2024-25: LLINARS; 2025-26: LLINARS; 2026-27: GRANOLLERS
mas-solana-josep,"MAS SOLANA, JOSEP","Mas Solana, Josep",,MONT ROIG,2019-20,False,False,2019-20: MONT ROIG
masachs-xena-salvado,"MASACHS XENA, SALVADÓ","Masachs Xena, Salvadó",374,GRANOLLERS,2026-27,False,False,2014-15: 06 GRANOLLERS; 2015-16: GRANOLLERS; 2016-17: GRANOLLERS; 2017-18: GRANOLLERS; 2018-19: GRANOLLERS; 2019-20: GRANOLLERS; 2020-21: GRANOLLERS; 2021-22: GRANOLLERS AMISTAT; 2022-23: GRANOLLERS; 2023-24: GRANOLLERS; 2024-25: GRANOLLERS; 2025-26: GRANOLLERS; 2026-27: GRANOLLERS
masferrer-baye-pere,"MASFERRER BAYE, PERE","Masferrer Baye, Pere",2375,LLINARS,2026-27,False,False,2025-26: LLINARS; 2026-27: LLINARS
massa-fernandez-elisenda,"MASSA FERNÁNDEZ, ELISENDA","Massa Fernández, Elisenda",,INDEPENDENT,2018-19,False,False,2014-15: INDEPENDENT; 2018-19: INDEPENDENT
mata-pardo-esteve,"MATA PARDO, ESTEVE","Mata Pardo, Esteve",375,GRANOLLERS,2026-27,False,False,2014-15: 03 MATARO; 2015-16: VIC; 2016-17: VIC; 2017-18: VIC; 2018-19: VIC; 2019-20: VIC; 2020-21: VIC; 2021-22: VIC; 2022-23: VIC; 2023-24: VIC; 2024-25: GRANOLLERS; 2025-26: GRANOLLERS; 2026-27: GRANOLLERS
mataix-garcia-jordi,"MATAIX GARCÍA, JORDI","Mataix García, Jordi",2371,GEIEG,2025-26,False,False,2022-23: BANYOLES; 2024-25: VIC; 2025-26: GEIEG
matas-bosch-lluis,"MATAS BOSCH, LLUIS","Matas Bosch, Lluis",,BANYOLES,2019-20,False,False,2019-20: BANYOLES
mateo-egea-bernardo,"MATEO EGEA, BERNARDO","Mateo Egea, Bernardo",,MATARO,2017-18,False,False,2017-18: MATARO
mateo-larrosa-ascensio,"MATEO LARROSA, ASCENSIO","Mateo Larrosa, Ascensio",,CORAL COLON,2015-16,False,False,2015-16: CORAL COLON
mateo-ruiz-laura,"MATEO RUIZ, LAURA","Mateo Ruiz, Laura",,INDEPENDENT,2018-19,False,False,2014-15: INDEPENDENT; 2018-19: INDEPENDENT
mateos-sanchez-francisco,"MATEOS SÁNCHEZ, FRANCISCO","Mateos Sánchez, Francisco",1862,SANTS,2026-27,False,False,2022-23: BARCELONA; 2023-24: BARCELONA; 2024-25: SANTS; 2025-26: SANTS; 2026-27: SANTS
mauri-joan-salvador,"MAURI JOAN, SALVADOR","Mauri Joan, Salvador",77,PRAT,2026-27,False,False,2014-15: PRAT; 2015-16: EL PRAT; 2016-17: EL PRAT; 2017-18: EL PRAT; 2018-19: PRAT; 2019-20: EL PRAT; 2020-21: PRAT; 2021-22: PRAT; 2022-23: PRAT; 2023-24: PRAT; 2024-25: PRAT; 2026-27: PRAT
mauri-regueiro-agusti,"MAURI REGUEIRO, AGUSTÍ","Mauri Regueiro, Agustí",,02 TARRAGONA,2014-15,False,False,2014-15: 02 TARRAGONA
maymo-cardus-antoni,"MAYMÓ CARDÚS, ANTONI","Maymó Cardús, Antoni",,,,False,False,
maymo-castillo-didier,"MAYMÓ CASTILLO, DIDIER","Maymó Castillo, Didier",,CERDANYOLA,2018-19,False,False,2014-15: 04 2000 CERDANYOLA; 2015-16: 2000 CERDANYOLA; 2016-17: CERDANYOLA; 2017-18: CERDANYOLA; 2018-19: CERDANYOLA
maymo-llargues-antoni,"MAYMO LLARGUES, ANTONI","Maymo Llargues, Antoni",,CERDANYOLA,2017-18,False,False,2014-15: 2000 CERDANYOLA; 2017-18: CERDANYOLA
maymo-torne-marc,"MAYMÓ TORNÉ, MARC","Maymó Torné, Marc",850,BARCELONA,2026-27,False,False,2014-15: 01 BARCELONA; 2015-16: BARCELONA; 2016-17: BARCELONA; 2017-18: BARCELONA; 2018-19: MOLINS; 2019-20: MOLINS; 2020-21: BARCELONA; 2021-22: FOMENT MOLINS; 2022-23: BARCELONA; 2023-24: SBF MOLINS; 2024-25: FOMENT MOLINS; 2025-26: BARCELONA; 2026-27: BARCELONA
mayo-cubero-jose-augusto,"MAYO CUBERO, JOSÉ AUGUSTO","Mayo Cubero, José Augusto",,LA COLMENA,2019-20,False,False,2014-15: 05 LA COLMENA; 2015-16: LA COLMENA; 2016-17: LA COLMENA; 2018-19: LA COLMENA; 2019-20: LA COLMENA
mayor-garcia-jaume,"MAYOR GARCÍA, JAUME","Mayor García, Jaume",1561,MATARO,2026-27,False,False,2022-23: MATARO AMISTAT; 2023-24: MATARO AMISTAT; 2024-25: MATARO; 2025-26: MATARO; 2026-27: MATARO
mediavilla-ceinos-guillermo,"MEDIAVILLA CEINOS, GUILLERMO","Mediavilla Ceinos, Guillermo",2530,BARCELONA,2025-26,False,False,2024-25: BARCELONA; 2025-26: BARCELONA
megias-navas-mateu,"MEGIAS NAVAS, MATEU","Megias Navas, Mateu",380,SANT BOI,2026-27,False,False,2014-15: 01 SANT BOI; 2015-16: SANT BOI; 2016-17: SANT BOI; 2017-18: SANT BOI; 2018-19: SANT BOI; 2019-20: SANT BOI; 2023-24: SANT BOI; 2024-25: SANT BOI; 2025-26: SANT BOI; 2026-27: SANT BOI
mejia-arias-duvan,"MEJIA ARIAS, DUVAN","Mejia Arias, Duvan",2327,MONFORTE,2026-27,True,True,2022-23: MONFORTE; 2023-24: MONFORTE; 2024-25: MONFORTE; 2026-27: MONFORTE
mejias-barcelo-rafael,"MEJIAS BARCELÓ, RAFAEL","Mejias Barceló, Rafael",381,MONT ROIG,2026-27,False,False,2025-26: MONT ROIG; 2026-27: MONT ROIG
melo-mejia-hector,"MELO MEJIA, HECTOR","Melo Mejia, Hector",852,SANTS,2016-17,False,False,2014-15: 02 SANTS; 2016-17: SANTS
mendez-escobar-andres,"MÉNDEZ ESCOBAR, ANDRÉS","Méndez Escobar, Andrés",382,CASAL CERVERA,2026-27,False,False,2022-23: CASAL DE CERVERA; 2023-24: CASAL DE CERVERA; 2024-25: CASAL DE CERVERA; 2025-26: CASAL DE CERVERA; 2026-27: CASAL CERVERA
mercade-nin-josep-ma,"MERCADÉ NIN, JOSEP Mª","Mercadé Nin, Josep Mª",,03 VILANOVA,2014-15,False,False,2014-15: 03 VILANOVA
mercader-bertomeu-josep,"MERCADER BERTOMEU, JOSEP","Mercader Bertomeu, Josep",,,,False,False,
mercader-bosch-josep,"MERCADER BOSCH, JOSEP","Mercader Bosch, Josep",2513,BANYOLES,2026-27,False,False,2024-25: BANYOLES; 2026-27: BANYOLES
mercader-surroca-joan,"MERCADER SURROCA, JOAN","Mercader Surroca, Joan",,VILANOVA I LA GELTRU,2017-18,False,False,2014-15: 03 VILANOVA; 2015-16: VILANOVA I LA GELTRU; 2017-18: VILANOVA I LA GELTRU
merida-martin-marc,"MÉRIDA MARTIN, MARC","Mérida Martin, Marc",,B UNIO CORAL,2021-22,False,False,2014-15: LA UNIO CORAL; 2015-16: F MOLINS; 2016-17: UNIO CORAL; 2017-18: F MOLINS; 2018-19: MOLINS; 2019-20: MOLINS; 2021-22: B UNIO CORAL
merino-vallecillo-juan,"MERINO VALLECILLO, JUAN","Merino Vallecillo, Juan",2756,SANT ADRIA,2026-27,False,False,2026-27: SANT ADRIA
mesa-ruiz-carlos,"MESA RUIZ, CARLOS","Mesa Ruiz, Carlos",2799,2000 CERDANYOLA,2026-27,False,False,2026-27: 2000 CERDANYOLA
mesas-pardo-jose-maria,"MESAS PARDO, JOSÉ MARÍA","Mesas Pardo, José María",,LLINARS,2019-20,False,False,2016-17: MATARO; 2017-18: LLINARS; 2018-19: LLINARS; 2019-20: LLINARS
mesas-seco-javier,"MESAS SECO, JAVIER","Mesas Seco, Javier",2644,GRANOLLERS,2026-27,False,False,2025-26: GRANOLLERS; 2026-27: GRANOLLERS
mestre-aranzana-francisco,"MESTRE ARANZANA, FRANCISCO","Mestre Aranzana, Francisco",855,LA UNIO CORAL,2025-26,False,False,2023-24: B LA UNIO CORAL; 2024-25: B LA UNIO CORAL; 2025-26: LA UNIO CORAL
miguel-mateu-julio-ramon,"MIGUEL MATEU, JULIO RAMÓN","Miguel Mateu, Julio Ramón",1529,2000 CERDANYOLA,2026-27,False,False,2017-18: CENTELLES; 2018-19: CENTELLES; 2019-20: GRANOLLERS; 2021-22: SANT FELIU; 2022-23: 2000 CERDANYOLA; 2023-24: 2000 CERDANYOLA; 2024-25: 2000 CERDANYOLA; 2025-26: 2000 CERDANYOLA; 2026-27: 2000 CERDANYOLA
mingo-fernandez-matias,"MINGO FERNÁNDEZ, MATÍAS","Mingo Fernández, Matías",1975,ESPLUGUES L'AVENC,2026-27,False,False,2019-20: UNIO CORAL; 2021-22: B UNIO CORAL; 2022-23: B LA UNIO CORAL; 2024-25: ESPLUGUES AVENC; 2025-26: ESPLUGUES AVENC; 2026-27: ESPLUGUES L'AVENC
minguell-rossello-xavier,"MINGUELL ROSSELLÓ, XAVIER","Minguell Rosselló, Xavier",857,BARCELONA,2026-27,False,True,2014-15: 01 BARCELONA; 2015-16: BARCELONA; 2016-17: BARCELONA; 2017-18: BARCELONA; 2018-19: BARCELONA; 2019-20: BARCELONA; 2020-21: BARCELONA; 2021-22: BARCELONA; 2022-23: MONFORTE; 2023-24: MONFORTE; 2024-25: MONFORTE; 2025-26: SANTS; 2026-27: BARCELONA
minguella-princep-jordi,"MINGUELLA PRINCEP, JORDI","Minguella Princep, Jordi",858,BORGES,2026-27,False,False,2025-26: BORGES; 2026-27: BORGES
miravet-ariza-lluis,"MIRAVET ARIZA, LLUIS","Miravet Ariza, Lluis",10,B EL MASNOU,2025-26,False,False,2014-15: 03 PREMIA; 2017-18: SANT ADRIA; 2020-21: PREMIA; 2021-22: PREMIA; 2022-23: PREMIA; 2023-24: B EL MASNOU; 2024-25: B EL MASNOU; 2025-26: B EL MASNOU
miro-gine-joaquim,"MIRÓ GINÉ, JOAQUIM","Miró Giné, Joaquim",859,TARRAGONA,2026-27,False,False,2014-15: 02 TARRAGONA; 2015-16: TARRAGONA; 2016-17: TARRAGONA; 2017-18: TARRAGONA; 2018-19: TARRAGONA; 2019-20: TARRAGONA; 2020-21: TARRAGONA; 2021-22: TARRAGONA; 2022-23: TARRAGONA; 2023-24: TARRAGONA; 2024-25: TARRAGONA; 2025-26: TARRAGONA; 2026-27: TARRAGONA
mizrahi-sevy-isidoro,"MIZRAHÍ SEVY, ISIDORO","Mizrahí Sevy, Isidoro",,SANTS,2015-16,False,False,2015-16: SANTS
moles-abello-salvador,"MOLES ABELLO, SALVADOR","Moles Abello, Salvador",2774,LLINARS,2026-27,False,False,2026-27: LLINARS
molina-maspoch-josep-ramon,"MOLINA MASPOCH, JOSEP RAMÓN","Molina Maspoch, Josep Ramón",392,F MOLINS,2026-27,False,False,2014-15: PUNT D'ATAC; 2015-16: PUNT D'ATAC; 2016-17: LA GRAN PENYA; 2017-18: LA GRAN PENYA; 2018-19: LA GRAN PENYA; 2019-20: LA GRAN PENYA; 2021-22: VILANOVA; 2022-23: VILANOVA; 2023-24: VILANOVA; 2024-25: FOMENT MOLINS; 2025-26: FOMENT MOLINS; 2026-27: F MOLINS
molina-quintero-fabio-andres,"MOLINA QUINTERO, FABIO ANDRÉS","Molina Quintero, Fabio Andrés",2672,,,False,False,
molina-romero-carlos-alberto,"MOLINA ROMERO, CARLOS ALBERTO","Molina Romero, Carlos Alberto",2481,BANYOLES,2023-24,False,False,2023-24: BANYOLES
molins-garrobo-xavier,"MOLINS GARROBO, XAVIER","Molins Garrobo, Xavier",2407,EL MASNOU,2026-27,False,False,2023-24: B EL MASNOU; 2024-25: B EL MASNOU; 2026-27: EL MASNOU
molins-manau-isidre,"MOLINS MANAU, ISIDRE","Molins Manau, Isidre",,MANRESA,2016-17,False,False,2014-15: 05 MANRESA; 2015-16: MANRESA; 2016-17: MANRESA
molla-martinez-miquel,"MOLLÁ MARTÍNEZ, MIQUEL","Mollá Martínez, Miquel",,CANET,2017-18,False,False,2014-15: 01 CANET; 2015-16: CANET DE MAR; 2016-17: CANET; 2017-18: CANET
moncau-campins-robert,"MONCAU CAMPINS, ROBERT","Moncau Campins, Robert",393,SANT FELIU,2026-27,False,False,2023-24: SANT FELIU; 2024-25: SANT FELIU; 2025-26: SANT FELIU; 2026-27: SANT FELIU
moncho-andres-lluis,"MONCHO ANDRÉS, LLUIS","Moncho Andrés, Lluis",2642,,,False,False,
monfort-vendrell-jordi,"MONFORT VENDRELL, JORDI","Monfort Vendrell, Jordi",,,,False,False,
montana-perez-joan,"MONTAÑA PÉREZ, JOAN","Montaña Pérez, Joan",,MONFORTE,2018-19,False,True,2017-18: MONFORTE; 2018-19: MONFORTE
montanes-tato-josep,"MONTAÑÉS TATO, JOSEP","Montañés Tato, Josep",394,CANET DE MAR,2026-27,False,False,2018-19: CANET DE MAR; 2019-20: CANET; 2020-21: CANET; 2021-22: CANET; 2022-23: CANET AMISTAT; 2023-24: CANET; 2024-25: CANET; 2025-26: CANET; 2026-27: CANET DE MAR
montasell-nadal-joaquim,"MONTASELL NADAL, JOAQUIM","Montasell Nadal, Joaquim",,MATADEPERA,2019-20,False,False,2018-19: MATADEPERA; 2019-20: MATADEPERA
montero-lara-miguel,"MONTERO LARA, MIGUEL","Montero Lara, Miguel",395,PRAT,2026-27,False,False,2014-15: PRAT; 2015-16: EL PRAT; 2016-17: EL PRAT; 2017-18: EL PRAT; 2018-19: PRAT; 2019-20: EL PRAT; 2020-21: PRAT; 2021-22: PRAT; 2022-23: PRAT; 2023-24: PRAT AMISTAT; 2024-25: PRAT; 2025-26: PRAT; 2026-27: PRAT
montero-manel-enric,"MONTERO MANEL, ENRIC","Montero Manel, Enric",,MATARO,2017-18,False,False,2017-18: MATARO
montero-quero-rafael,"MONTERO QUERO, RAFAEL","Montero Quero, Rafael",396,PRAT,2026-27,False,False,2014-15: PRAT; 2015-16: EL PRAT; 2016-17: EL PRAT; 2017-18: EL PRAT; 2018-19: EL PRAT; 2019-20: EL PRAT; 2020-21: PRAT; 2021-22: EL PRAT; 2022-23: PRAT; 2023-24: PRAT; 2024-25: PRAT; 2025-26: PRAT; 2026-27: PRAT
montes-gallardo-antonio,"MONTES GALLARDO, ANTONIO","Montes Gallardo, Antonio",397,SANT ADRIA,2026-27,False,False,2014-15: 02 SANT ADRIA; 2015-16: SANT ADRIA; 2016-17: SANT ADRIA; 2017-18: SANT ADRIA; 2018-19: SANT ADRIA; 2019-20: SANT ADRIA; 2020-21: SANT ADRIA; 2021-22: SANT ADRIA; 2022-23: SANT ADRIA; 2023-24: SANT ADRIA; 2024-25: SANT ADRIA; 2025-26: SANT ADRIA; 2026-27: SANT ADRIA
montes-monferrer-antonio,"MONTES MONFERRER, ANTONIO","Montes Monferrer, Antonio",398,SANT ADRIA,2026-27,False,False,2014-15: 08 SANT ADRIA; 2015-16: VIC; 2016-17: VIC; 2017-18: VIC; 2018-19: VIC; 2019-20: VIC; 2020-21: SANT ADRIA; 2021-22: SANT ADRIA; 2022-23: SANT ADRIA; 2024-25: SANT ADRIA; 2025-26: SANT ADRIA; 2026-27: SANT ADRIA
montiel-soler-sergi,"MONTIEL SOLER, SERGI","Montiel Soler, Sergi",2007,CANET DE MAR,2026-27,False,False,2020-21: CANET; 2021-22: CANET; 2022-23: CANET; 2023-24: CANET; 2024-25: CANET; 2025-26: CANET; 2026-27: CANET DE MAR
montoliu-castellvi-albert,"MONTOLIU CASTELLVÍ, ALBERT","Montoliu Castellví, Albert",,MANRESA,2021-22,False,False,2014-15: 05 MANRESA; 2015-16: MANRESA; 2016-17: MANRESA; 2017-18: MANRESA; 2018-19: MANRESA; 2019-20: MANRESA; 2020-21: MANRESA; 2021-22: MANRESA
montoya-ruiz-gabriel,"MONTOYA RUIZ, GABRIEL","Montoya Ruiz, Gabriel",,,,False,False,
monzonis-quail-david,"MONZONIS QUAIL, DAVID","Monzonis Quail, David",2793,LLEIDA,2026-27,False,False,2026-27: LLEIDA
mora-corderroure-jaume,"MORA CORDERROURE, JAUME","Mora Corderroure, Jaume",,CERVERA B AMISTAT,2021-22,False,False,2021-22: CERVERA B AMISTAT
morales-becerra-wilson-andres,"MORALES BECERRA, WILSON ANDRÉS","Morales Becerra, Wilson Andrés",1864,LA UNIO CORAL,2026-27,False,False,2022-23: B LA UNIO CORAL; 2023-24: B LA UNIO CORAL; 2025-26: LA UNIO CORAL; 2026-27: LA UNIO CORAL
morales-carmona-diego-fernando,"MORALES CARMONA, DIEGO FERNANDO","Morales Carmona, Diego Fernando",,MONFORTE,2019-20,False,True,2019-20: MONFORTE
morales-morante-luis-fernando,"MORALES MORANTE, LUIS FERNANDO","Morales Morante, Luis Fernando",,CORAL COLON,2016-17,False,False,2015-16: CORAL COLON; 2016-17: CORAL COLON
morcillo-marin-juan,"MORCILLO MARIN, JUAN","Morcillo Marin, Juan",1057,MONT ROIG,2026-27,False,False,2013-14: MONT ROIG; 2014-15: MONT ROIG; 2015-16: MONT ROIG; 2016-17: MONT ROIG; 2017-18: PUNT D'ATAC; 2018-19: PUNT D'ATAC Z1; 2019-20: PUNT D'ATAC; 2020-21: MONT ROIG; 2021-22: MONT ROIG; 2022-23: MONT ROIG; 2023-24: MONT ROIG; 2024-25: MONT ROIG; 2025-26: MONT ROIG; 2026-27: MONT ROIG
morell-torres-josep-ma,"MORELL TORRES, JOSEP Mª","Morell Torres, Josep Mª",401,LLEIDA,2023-24,False,False,2014-15: LLEIDA; 2015-16: LLEIDA; 2016-17: LLEIDA; 2017-18: LLEIDA; 2018-19: LLEIDA; 2019-20: LLEIDA; 2020-21: LLEIDA; 2021-22: LLEIDA; 2022-23: LLEIDA; 2023-24: LLEIDA
moreno-aguilera-francesc,"MORENO AGUILERA, FRANCESC","Moreno Aguilera, Francesc",,SANTS,2023-24,False,False,2014-15: 03 MATADEPERA; 2015-16: MATADEPERA; 2016-17: MATADEPERA; 2017-18: MATADEPERA; 2018-19: CERDANYOLA; 2019-20: CERDANYOLA; 2020-21: CERDANYOLA; 2021-22: MATADEPERA; 2022-23: MATADEPERA; 2023-24: SANTS
moreno-carretero-fernando,"MORENO CARRETERO, FERNANDO","Moreno Carretero, Fernando",869,TARRAGONA,2026-27,False,False,2019-20: TARRAGONA; 2020-21: TARRAGONA; 2021-22: TARRAGONA; 2022-23: TARRAGONA; 2023-24: TARRAGONA; 2024-25: TARRAGONA; 2025-26: TARRAGONA; 2026-27: TARRAGONA
moreno-cortes-armand,"MORENO CORTÉS, ARMAND","Moreno Cortés, Armand",402,LLEIDA,2026-27,False,False,2014-15: LLEIDA; 2015-16: LLEIDA; 2016-17: LLEIDA; 2017-18: LLEIDA; 2018-19: LLEIDA; 2019-20: LLEIDA; 2020-21: LLEIDA; 2021-22: LLEIDA; 2022-23: LLEIDA; 2023-24: LLEIDA; 2024-25: LLEIDA; 2025-26: LLEIDA; 2026-27: LLEIDA
moreno-exposito-francisco,"MORENO EXPOSITO, FRANCISCO","Moreno Exposito, Francisco",33,TARRAGONA,2025-26,False,False,2014-15: 04 MONT ROIG; 2015-16: MONT ROIG; 2016-17: MONT ROIG; 2017-18: TARRAGONA; 2018-19: TARRAGONA; 2019-20: TARRAGONA; 2020-21: CAP; 2024-25: TARRAGONA; 2025-26: TARRAGONA
moreno-juarez-marc,"MORENO JUÁREZ, MARC","Moreno Juárez, Marc",,LLEIDA,2018-19,False,False,2018-19: LLEIDA
moreno-lafuente-pablo,"MORENO LAFUENTE, PABLO","Moreno Lafuente, Pablo",2574,B LA UNIO CORAL,2024-25,False,False,2024-25: B LA UNIO CORAL
moreno-magallon-josep-ramon,"MORENO MAGALLÓN, JOSEP RAMON","Moreno Magallón, Josep Ramon",2605,F MOLINS,2026-27,False,False,2026-27: F MOLINS
moreno-medina-juan-carlos,"MORENO MEDINA, JUAN CARLOS","Moreno Medina, Juan Carlos",1988,GRANOLLERS,2026-27,False,False,2019-20: GRANOLLERS; 2020-21: GRANOLLERS; 2021-22: GRANOLLERS; 2022-23: GRANOLLERS; 2023-24: GRANOLLERS; 2024-25: GRANOLLERS; 2025-26: GRANOLLERS; 2026-27: GRANOLLERS
moreno-vera-julia,"MORENO VERA, JULIÀ","Moreno Vera, Julià",2638,MONT ROIG,2026-27,False,False,2025-26: MONT ROIG; 2026-27: MONT ROIG
morlesin-chacon-jose,"MORLESIN CHACÓN, JOSÉ","Morlesin Chacón, José",,MONFORTE,2019-20,False,True,2015-16: MONFORTE; 2016-17: MONFORTE; 2017-18: MONFORTE; 2018-19: MONFORTE; 2019-20: MONFORTE
moruno-raya-ignacio,"MORUNO RAYA, IGNACIO","Moruno Raya, Ignacio",871,MONT ROIG,2026-27,False,False,2014-15: 04 MONT ROIG; 2015-16: MONT ROIG; 2016-17: MONT ROIG; 2017-18: MONT ROIG; 2018-19: MONT ROIG; 2019-20: MONT ROIG; 2020-21: MONT ROIG; 2021-22: MONT ROIG; 2022-23: MONT ROIG; 2023-24: MONT ROIG; 2024-25: MONT ROIG; 2025-26: MONT ROIG; 2026-27: MONT ROIG
mosquera-granados-angel,"MOSQUERA GRANADOS, ANGEL","Mosquera Granados, Angel",,TARRAGONA,2018-19,False,False,2017-18: TARRAGONA; 2018-19: TARRAGONA
mota-calderon-jose,"MOTA CALDERÓN, JOSÉ","Mota Calderón, José",872,2000 CERDANYOLA,2026-27,False,False,2014-15: 04 2000 CERDANYOLA; 2015-16: 2000 CERDANYOLA; 2016-17: CERDANYOLA; 2017-18: CERDANYOLA; 2018-19: CERDANYOLA; 2019-20: CERDANYOLA; 2021-22: CERDANYOLA; 2023-24: 2000 CERDANYOLA; 2024-25: 2000 CERDANYOLA; 2025-26: 2000 CERDANYOLA; 2026-27: 2000 CERDANYOLA
moya-galvez-rafael,"MOYA GÁLVEZ, RAFAEL","Moya Gálvez, Rafael",405,CORAL COLON,2026-27,False,False,2014-15: CORAL COLON; 2015-16: CORAL COLON; 2016-17: CORAL COLON; 2017-18: CORAL COLON; 2018-19: CORAL COLON; 2019-20: CORAL COLON; 2020-21: CORAL COLON; 2021-22: CORAL COLON; 2022-23: CORAL COLON; 2023-24: CORAL COLON; 2024-25: CORAL COLON; 2025-26: CORAL COLON; 2026-27: CORAL COLON
moya-moreno-rosendo,"MOYA MORENO, ROSENDO","Moya Moreno, Rosendo",1168,CANET DE MAR,2026-27,False,False,2014-15: 01 FOMENT MOLINS; 2015-16: FOMENT MOLINS; 2016-17: FOMENT MOLINS; 2017-18: MOLINS; 2018-19: MOLINS; 2019-20: MOLINS; 2020-21: MOLINS; 2021-22: CANET; 2022-23: CANET; 2023-24: CANET; 2024-25: CANET; 2025-26: CANET; 2026-27: CANET DE MAR
mula-callejon-francisco,"MULA CALLEJÓN, FRANCISCO","Mula Callejón, Francisco",1189,SANTS,2026-27,False,True,2014-15: 01 VIC; 2015-16: MONFORTE; 2016-17: MONFORTE; 2017-18: MONFORTE; 2018-19: SANT BOI; 2019-20: MOLINS; 2020-21: MOLINS; 2021-22: FOMENT MOLINS; 2022-23: MOLINS; 2023-24: LLINARS; 2024-25: MONT ROIG; 2025-26: MONT ROIG; 2026-27: SANTS
munoz-gimenez-josep,"MUÑOZ GIMÉNEZ, JOSEP","Muñoz Giménez, Josep",2780,MATARO,2026-27,False,False,2026-27: MATARO
munoz-lopez-javier,"MUÑOZ LÓPEZ, JAVIER","Muñoz López, Javier",2082,MONFORTE,2026-27,True,True,2020-21: MONFORTE; 2021-22: MONFORTE; 2022-23: MONFORTE; 2023-24: MONFORTE; 2024-25: MONFORTE; 2025-26: MONFORTE; 2026-27: MONFORTE
munoz-martin-oscar-enrique,"MUÑOZ MARTÍN, OSCAR ENRIQUE","Muñoz Martín, Oscar Enrique",,MONT ROIG,2018-19,False,False,2016-17: MONT ROIG; 2017-18: MONT ROIG; 2018-19: MONT ROIG
munoz-munoz-pere,"MUÑOZ MUÑOZ, PERE","Muñoz Muñoz, Pere",878,2000 CERDANYOLA,2026-27,False,False,2015-16: 2000 CERDANYOLA; 2016-17: CERDANYOLA; 2017-18: CORAL COLON; 2018-19: CORAL COLON; 2019-20: CORAL COLON; 2020-21: CORAL COLON; 2021-22: CORAL COLON; 2022-23: 2000 CERDANYOLA; 2023-24: 2000 CERDANYOLA; 2024-25: 2000 CERDANYOLA; 2025-26: 2000 CERDANYOLA; 2026-27: 2000 CERDANYOLA
munoz-pena-jose-david,"MUÑOZ PEÑA, JOSÉ DAVID","Muñoz Peña, José David",2722,VIC,2026-27,False,False,2025-26: VIC; 2026-27: VIC
munoz-tapia-luis,"MUÑOZ TAPIA, LUIS","Muñoz Tapia, Luis",2334,PRAT,2026-27,False,False,2026-27: PRAT
nadal-font-josep-ma,"NADAL FONT, JOSEP Mª","Nadal Font, Josep Mª",879,BANYOLES,2026-27,False,False,2014-15: 07 BANYOLES; 2015-16: BANYOLES; 2016-17: BANYOLES; 2017-18: BANYOLES; 2018-19: BANYOLES; 2019-20: BANYOLES; 2021-22: BANYOLES; 2022-23: BANYOLES; 2023-24: BANYOLES; 2024-25: BANYOLES; 2025-26: BANYOLES; 2026-27: BANYOLES
narvaez-sanchez-francisco,"NARVAEZ SÁNCHEZ, FRANCISCO","Narvaez Sánchez, Francisco",2347,SANTS,2026-27,False,False,2024-25: SANTS; 2025-26: SANTS; 2026-27: SANTS
navarro-carmona-joan-ant,"NAVARRO CARMONA, JOAN ANT.","Navarro Carmona, Joan Ant.",410,GRANOLLERS,2026-27,False,False,2014-15: 09 CORAL COLON; 2015-16: GRANOLLERS; 2016-17: GRANOLLERS; 2017-18: CORAL COLON; 2018-19: DANY ELLS; 2019-20: GRANOLLERS; 2020-21: GRANOLLERS; 2021-22: GRANOLLERS; 2022-23: GRANOLLERS; 2023-24: GRANOLLERS; 2024-25: GRANOLLERS; 2025-26: GRANOLLERS; 2026-27: GRANOLLERS
navarro-ciercoles-miguel,"NAVARRO CIÉRCOLES, MIGUEL","Navarro Ciércoles, Miguel",2544,ESPLUGUES L'AVENC,2026-27,False,False,2025-26: ESPLUGUES AVENC; 2026-27: ESPLUGUES L'AVENC
navarro-de-los-santos-luis,"NAVARRO DE LOS SANTOS, LUIS","Navarro De Los Santos, Luis",,SANT ADRIA,2016-17,False,False,2015-16: SANT ADRIA; 2016-17: SANT ADRIA
navarro-garcia-francisco,"NAVARRO GARCÍA, FRANCISCO","Navarro García, Francisco",1815,PRAT,2026-27,False,False,2022-23: PRAT; 2023-24: PRAT AMISTAT; 2024-25: PRAT; 2025-26: PRAT; 2026-27: PRAT
navarro-garcia-miguel-angel,"NAVARRO GARCÍA, MIGUEL ÁNGEL","Navarro García, Miguel Ángel",2662,ESPLUGUES L'AVENC,2026-27,False,False,2025-26: ESPLUGUES AVENC; 2026-27: ESPLUGUES L'AVENC
navarro-pasamonte-jaume,"NAVARRO PASAMONTE, JAUME","Navarro Pasamonte, Jaume",,SANTS,2015-16,False,False,2015-16: SANTS
navas-cortina-angel,"NAVAS CORTINA, ÁNGEL","Navas Cortina, Ángel",1972,2000 CERDANYOLA,2026-27,False,False,2019-20: CERDANYOLA; 2020-21: CERDANYOLA; 2021-22: 2000 CERDANYOLA; 2022-23: CERDANYOLA; 2023-24: 2000 CERDANYOLA AMISTAT; 2024-25: 2000 CERDANYOLA; 2025-26: 2000 CERDANYOLA; 2026-27: 2000 CERDANYOLA
nicolas-roman-juan,"NICOLÁS ROMÁN, JUAN","Nicolás Román, Juan",2157,CORAL COLON,2026-27,False,False,2022-23: CORAL COLON; 2023-24: CORAL COLON; 2024-25: CORAL COLON; 2025-26: CORAL COLON; 2026-27: CORAL COLON
nino-salamanca-cristian,"NIÑO SALAMANCA, CRISTIAN","Niño Salamanca, Cristian",,05 SANTS,2014-15,False,False,2014-15: 05 SANTS
nogues-blanco-david,"NOGUÉS BLANCO, DAVID","Nogués Blanco, David",413,INDEPENDENT,2026-27,False,False,2014-15: LLINARS; 2015-16: LLINARS; 2016-17: LLINARS; 2017-18: LLINARS; 2018-19: LLINARS; 2019-20: LLINARS; 2020-21: LLINARS; 2021-22: LLINARS; 2022-23: LLINARS; 2023-24: LLINARS; 2024-25: LLINARS; 2025-26: LLINARS; 2026-27: INDEPENDENT
norberto-bayona-jaume,"NORBERTO BAYONA, JAUME","Norberto Bayona, Jaume",,VIC,2018-19,False,False,2015-16: VIC; 2016-17: VIC; 2017-18: VIC; 2018-19: VIC
noria-silvestre-joaquim,"NORIA SILVESTRE, JOAQUIM","Noria Silvestre, Joaquim",415,ESPLUGUES L'AVENC,2026-27,False,False,2014-15: SANTS; 2015-16: SANTS; 2016-17: VILANOVA I LA GELTRU; 2017-18: SANTS; 2018-19: PRAT; 2019-20: LA GRAN PENYA; 2020-21: INDEPENDENT; 2021-22: VILANOVA; 2022-23: LA GRAN PENYA; 2023-24: LA GRAN PENYA; 2024-25: ESPLUGUES AVENC; 2025-26: ESPLUGUES AVENC; 2026-27: ESPLUGUES L'AVENC
nouviles-serra-jaume,"NOUVILES SERRA, JAUME","Nouviles Serra, Jaume",2652,LLEIDA,2026-27,False,False,2025-26: LLEIDA; 2026-27: LLEIDA
nuevalos-perez-carlos,"NUÉVALOS PÉREZ, CARLOS","Nuévalos Pérez, Carlos",54,SANT ADRIA,2026-27,False,False,2014-15: SANT ADRIA; 2015-16: SANT ADRIA; 2016-17: SANT ADRIA; 2017-18: SANT ADRIA; 2018-19: SANT ADRIA; 2019-20: SANT ADRIA; 2020-21: SANT ADRIA; 2021-22: SANT ADRIA; 2022-23: SANT ADRIA; 2023-24: SANT ADRIA; 2024-25: SANT ADRIA; 2025-26: SANT ADRIA; 2026-27: SANT ADRIA
nula-collado-antonio,"NULA COLLADO, ANTONIO","Nula Collado, Antonio",2663,ESPLUGUES L'AVENC,2026-27,False,False,2026-27: ESPLUGUES L'AVENC
nunez-cubells-armando,"NUÑEZ CUBELLS, ARMANDO","Nuñez Cubells, Armando",,LA COLMENA,2015-16,False,False,2014-15: LA COLMENA; 2015-16: LA COLMENA
obando-quintero-carlos-ariel,"OBANDO QUINTERO, CARLOS ARIEL","Obando Quintero, Carlos Ariel",1910,MONFORTE,2026-27,True,True,2018-19: MONFORTE; 2019-20: MONFORTE; 2020-21: MONFORTE; 2021-22: MONFORTE; 2022-23: MONFORTE; 2023-24: MONFORTE; 2024-25: MONFORTE; 2025-26: MONFORTE; 2026-27: MONFORTE
obradors-catalan-jordi,"OBRADORS CATALÁN, JORDI","Obradors Catalán, Jordi",2417,LA UNIO CORAL,2026-27,False,False,2023-24: SBF MOLINS; 2024-25: FOMENT MOLINS; 2025-26: FOMENT MOLINS; 2026-27: LA UNIO CORAL
ochoa-mingo-antonio,"OCHOA MINGO, ANTONIO","Ochoa Mingo, Antonio",2346,ESPLUGUES L'AVENC,2026-27,False,False,2022-23: B LA UNIO CORAL; 2023-24: B LA UNIO CORAL; 2024-25: B LA UNIO CORAL; 2025-26: LA UNIO CORAL; 2026-27: ESPLUGUES L'AVENC
olarte-munoz-josep,"OLARTE MUÑOZ, JOSEP","Olarte Muñoz, Josep",417,SANT BOI,2026-27,False,False,2014-15: 01 SANT BOI; 2015-16: SANT BOI; 2016-17: SANT BOI; 2017-18: SANT BOI; 2018-19: SANT BOI; 2019-20: SANT BOI; 2021-22: SANT BOI; 2022-23: SANT BOI; 2023-24: SANT BOI; 2024-25: SANT BOI; 2026-27: SANT BOI
oliva-sabate-esteban,"OLIVA SABATÉ, ESTEBAN","Oliva Sabaté, Esteban",1058,CORAL COLON,2026-27,False,False,2023-24: CORAL COLON; 2024-25: COLON SABADELL; 2025-26: CORAL COLON; 2026-27: CORAL COLON
oliver-sinca-jordi,"OLIVER SINCA, JORDI","Oliver Sinca, Jordi",884,MONFORTE,2026-27,True,True,2014-15: 02 MONFORTE; 2015-16: MONFORTE; 2016-17: MONFORTE; 2018-19: MANRESA; 2019-20: MANRESA; 2020-21: MANRESA; 2021-22: MONFORTE; 2022-23: MONFORTE; 2023-24: MONFORTE; 2024-25: MONFORTE; 2025-26: MONFORTE; 2026-27: MONFORTE
oller-soler-gabriel,"OLLER SOLER, GABRIEL","Oller Soler, Gabriel",,FOMENT MOLINS,2021-22,False,False,2016-17: MOLINS; 2017-18: F MOLINS; 2018-19: MOLINS; 2019-20: MOLINS; 2020-21: MOLINS; 2021-22: FOMENT MOLINS
ontiveros-polaino-miquel,"ONTIVEROS POLAINO, MIQUEL","Ontiveros Polaino, Miquel",,MANRESA,2022-23,False,False,2014-15: 05 MANRESA; 2015-16: MANRESA; 2016-17: MANRESA; 2017-18: MANRESA; 2018-19: MANRESA; 2019-20: MANRESA; 2022-23: MANRESA
oquendo-rave-carlos-andres,"OQUENDO RAVE, CARLOS ANDRÉS","Oquendo Rave, Carlos Andrés",2440,MONFORTE,2025-26,True,True,2023-24: MONFORTE; 2024-25: MONFORTE; 2025-26: MONFORTE
orellana-cuberos-juan-diego,"ORELLANA CUBEROS, JUAN DIEGO","Orellana Cuberos, Juan Diego",2435,TARRAGONA,2026-27,False,False,2023-24: TARRAGONA; 2024-25: TARRAGONA; 2025-26: TARRAGONA; 2026-27: TARRAGONA
orrego-cardona-yibeth-andres,"ORREGO CARDONA, YIBETH ANDRÉS","Orrego Cardona, Yibeth Andrés",418,LLEIDA,2026-27,False,False,2014-15: LLEIDA; 2015-16: LLEIDA; 2016-17: LLEIDA; 2017-18: LLEIDA; 2018-19: LLEIDA; 2019-20: LLEIDA; 2020-21: LLEIDA; 2021-22: LLEIDA; 2022-23: LLEIDA; 2023-24: LLEIDA; 2024-25: LLEIDA; 2025-26: LLEIDA; 2026-27: LLEIDA
orriols-gessi-joan,"ORRIOLS GESSI, JOAN","Orriols Gessi, Joan",,MATADEPERA,2015-16,False,False,2015-16: MATADEPERA
orta-bernardino-manel,"ORTA BERNARDINO, MANEL","Orta Bernardino, Manel",419,LLINARS,2025-26,False,False,2014-15: 02 LLINARS; 2015-16: LLINARS; 2016-17: LLINARS; 2017-18: LLINARS; 2018-19: LLINARS; 2019-20: LLINARS; 2021-22: LLINARS; 2022-23: LLINARS; 2023-24: LLINARS; 2024-25: LLINARS; 2025-26: LLINARS
orta-lopez-luis,"ORTA LÓPEZ, LUIS","Orta López, Luis",420,SANT ADRIA,2026-27,False,False,2014-15: SANT ADRIA; 2015-16: SANT ADRIA; 2016-17: SANT ADRIA; 2017-18: SANT ADRIA; 2018-19: SANT ADRIA; 2019-20: CERDANYOLA; 2022-23: SANT ADRIA; 2023-24: SANT ADRIA; 2024-25: SANT ADRIA; 2025-26: SANTA ADRIA; 2026-27: SANT ADRIA
ortega-diaz-alberto,"ORTEGA DIAZ, ALBERTO","Ortega Diaz, Alberto",65,F MOLINS,2026-27,False,False,2014-15: FOMENT MOLINS; 2015-16: FOMENT MOLINS; 2016-17: FOMENT MOLINS; 2017-18: MOLINS; 2018-19: MOLINS; 2019-20: MOLINS; 2020-21: MOLINS; 2021-22: FOMENT MOLINS; 2022-23: MOLINS; 2023-24: SBF MOLINS; 2024-25: FOMENT MOLINS; 2025-26: FOMENT MOLINS; 2026-27: F MOLINS
ortiz-alamillo-jacinto,"ORTIZ ALAMILLO, JACINTO","Ortiz Alamillo, Jacinto",885,MOLLET,2026-27,False,False,2014-15: 06 DANY ELLS; 2018-19: CENTELLES; 2019-20: MOLLET; 2021-22: MOLLET; 2022-23: MOLLET; 2023-24: MOLLET; 2024-25: MOLLET; 2025-26: MOLLET; 2026-27: MOLLET
ortiz-satorres-jose-luis,"ORTIZ SATORRES, JOSÉ LUIS","Ortiz Satorres, José Luis",2682,F MOLINS,2026-27,False,False,2025-26: F MOLINS; 2026-27: F MOLINS
osorio-quevedo-john-wilmar,"OSORIO QUEVEDO, JOHN WILMAR","Osorio Quevedo, John Wilmar",,SANTS,2019-20,False,False,2018-19: SANTS; 2019-20: SANTS
pablo-calmet-albert,"PABLO CALMET, ALBERT","Pablo Calmet, Albert",888,MATADEPERA,2026-27,False,False,2014-15: 03 MATADEPERA; 2015-16: MATADEPERA; 2016-17: MATADEPERA; 2017-18: MATADEPERA; 2018-19: MATADEPERA; 2019-20: MATADEPERA; 2022-23: MATADEPERA; 2026-27: MATADEPERA
paez-oliva-jose-antonio,"PÁEZ OLIVA, JOSÉ ANTONIO","Páez Oliva, José Antonio",,CANET,2018-19,False,False,2015-16: CANET DE MAR; 2016-17: CANET; 2017-18: CANET; 2018-19: CANET
pairo-mayola-angel,"PAIRO MAYOLA, ANGEL","Pairo Mayola, Angel",,06 BANYOLES,2014-15,False,False,2014-15: 06 BANYOLES
pajuelo-novillo-florencio,"PAJUELO NOVILLO, FLORENCIO","Pajuelo Novillo, Florencio",1801,ESPLUGUES L'AVENC,2026-27,False,False,2024-25: ESPLUGUES AVENC; 2025-26: ESPLUGUES AVENC; 2026-27: ESPLUGUES L'AVENC
palacios-gay-angel,"PALACIOS GAY, ANGEL","Palacios Gay, Angel",422,CASAL DE CERVERA,2022-23,False,False,2014-15: CASAL CERVERA; 2016-17: CERVERA; 2017-18: CERVERA; 2018-19: CERVERA; 2022-23: CASAL DE CERVERA
palau-sans-agusti,"PALAU SANS, AGUSTÍ","Palau Sans, Agustí",,TARRAGONA,2019-20,False,False,2017-18: TARRAGONA; 2018-19: TARRAGONA; 2019-20: TARRAGONA
pallares-navarro-francesc,"PALLARÉS NAVARRO, FRANCESC","Pallarés Navarro, Francesc",,LA GRAN PENYA,2021-22,False,False,2014-15: 03 LA GRAN PENYA; 2015-16: LA GRAN PENYA; 2016-17: LA GRAN PENYA; 2021-22: LA GRAN PENYA
pallas-anguera-josep-ma,"PALLÀS ANGUERA, JOSEP Mª","Pallàs Anguera, Josep Mª",892,VILANOVA,2026-27,False,False,2014-15: 03 LA GRAN PENYA; 2015-16: LA GRAN PENYA; 2016-17: LA GRAN PENYA; 2017-18: LA GRAN PENYA; 2019-20: VILANOVA I LA GELTRU; 2021-22: VILANOVA; 2022-23: VILANOVA; 2023-24: VILANOVA; 2024-25: VILANOVA; 2026-27: VILANOVA
pallisa-gonzalez-josep,"PALLISA GONZÁLEZ, JOSEP","Pallisa González, Josep",424,SANT ADRIA,2026-27,False,False,2018-19: 2000 CERDANYOLA; 2019-20: CERDANYOLA; 2020-21: CERDANYOLA; 2021-22: 2000 CERDANYOLA; 2022-23: SANT ADRIA; 2023-24: SANT ADRIA; 2024-25: SANT ADRIA; 2025-26: SANT ADRIA; 2026-27: SANT ADRIA
palma-leiva-josep-manel,"PALMA LEIVA, JOSEP MANEL","Palma Leiva, Josep Manel",,LA COLMENA,2018-19,False,False,2015-16: LA COLMENA; 2016-17: LA COLMENA; 2017-18: LA COLMENA; 2018-19: LA COLMENA
palomo-morillas-josep-lluis,"PALOMO MORILLAS, JOSEP LLUIS","Palomo Morillas, Josep Lluis",893,SANTS,2026-27,False,False,2018-19: SANTS; 2019-20: SANTS; 2020-21: SANTS; 2021-22: SANTS; 2022-23: PRAT; 2023-24: PRAT; 2024-25: SANTS; 2025-26: SANTS; 2026-27: SANTS
panades-zafra-joan,"PANADÉS ZAFRA, JOAN","Panadés Zafra, Joan",1448,MANRESA,2026-27,False,False,2018-19: MANRESA; 2019-20: MANRESA; 2020-21: MANRESA; 2021-22: MANRESA; 2022-23: MANRESA; 2023-24: MANRESA; 2024-25: MANRESA; 2025-26: MANRESA; 2026-27: MANRESA
pando-caparros-nestor,"PANDO CAPARRÓS, NÉSTOR","Pando Caparrós, Néstor",,CERDANYOLA,2017-18,False,False,2016-17: CERDANYOLA; 2017-18: CERDANYOLA
parareda-fontsere-pere,"PARAREDA FONTSERE, PERE","Parareda Fontsere, Pere",,,,False,False,
pardo-lupion-alberto,"PARDO LUPIÓN, ALBERTO","Pardo Lupión, Alberto",,,,False,False,
pardo-peris-josep-ma,"PARDO PERIS, JOSEP Mª","Pardo Peris, Josep Mª",,LA GRAN PENYA,2015-16,False,False,2015-16: LA GRAN PENYA
pardo-soriano-anna,"PARDO SORIANO, ANNA","Pardo Soriano, Anna",,MONFORTE,2015-16,False,True,2015-16: MONFORTE
pardo-soriano-david,"PARDO SORIANO, DAVID","Pardo Soriano, David",,MONFORTE,2020-21,False,True,2014-15: INDEPENDENT; 2016-17: MOLLET; 2017-18: MOLLET; 2018-19: MONFORTE; 2019-20: MONFORTE; 2020-21: MONFORTE
pardo-vallbuena-jordi,"PARDO VALLBUENA, JORDI","Pardo Vallbuena, Jordi",,CENTELLES,2023-24,False,False,2021-22: CENTELLES; 2022-23: CENTELLES; 2023-24: CENTELLES
parera-fernandez-valeria,"PARERA FERNÁNDEZ, VALERIÀ","Parera Fernández, Valerià",2529,GRANOLLERS,2026-27,False,False,2024-25: GRANOLLERS; 2025-26: GRANOLLERS; 2026-27: GRANOLLERS
pareras-mendez-joan-carles,"PARERAS MÉNDEZ, JOAN CARLES","Pareras Méndez, Joan Carles",432,GRANOLLERS,2026-27,False,False,2014-15: 06 DANY ELLS; 2015-16: DANY ELLS; 2016-17: DANY'ELLS; 2017-18: DANY ELLS; 2018-19: DANY ELLS; 2019-20: GRANOLLERS; 2020-21: GRANOLLERS; 2021-22: GRANOLLERS; 2022-23: GRANOLLERS; 2023-24: GRANOLLERS; 2024-25: GRANOLLERS; 2025-26: GRANOLLERS; 2026-27: GRANOLLERS
pares-herrera-manel,"PARÉS HERRERA, MANEL","Parés Herrera, Manel",899,BLANES,2026-27,False,True,2014-15: 02 MONFORTE; 2015-16: MONFORTE; 2016-17: BLANES; 2017-18: BLANES; 2018-19: BLANES; 2019-20: BLANES; 2020-21: BLANES; 2021-22: BLANES; 2022-23: BLANES; 2023-24: BLANES; 2024-25: BLANES; 2025-26: BLANES; 2026-27: BLANES
parnau-pages-joan,"PARNAU PAGES, JOAN","Parnau Pages, Joan",1757,BANYOLES,2026-27,False,False,2025-26: BANYOLES; 2026-27: BANYOLES
parra-carrasco-enric,"PARRA CARRASCO, ENRIC","Parra Carrasco, Enric",,LA COLMENA,2015-16,False,False,2014-15: 05 LA COLMENA; 2015-16: LA COLMENA
partal-calle-esteban,"PARTAL CALLE, ESTEBAN","Partal Calle, Esteban",2449,PRAT,2026-27,False,False,2026-27: PRAT
pascual-antonanzas-jose-antonio,"PASCUAL ANTOÑANZAS, JOSE ANTONIO","Pascual Antoñanzas, Jose Antonio",,BARCELONA,2015-16,False,False,2014-15: 06 BARCELONA; 2015-16: BARCELONA
pascual-maldonado-biel,"PASCUAL MALDONADO, BIEL","Pascual Maldonado, Biel",2840,MATADEPERA,2026-27,False,False,2026-27: MATADEPERA
pascual-pinyol-josep,"PASCUAL PINYOL, JOSEP","Pascual Pinyol, Josep",,MONT ROIG,2019-20,False,False,2014-15: MONT ROIG; 2015-16: MONT ROIG; 2016-17: MONT ROIG; 2017-18: MONT ROIG; 2018-19: MONT ROIG; 2019-20: MONT ROIG
passi-azcona-valentin,"PASSI AZCONA, VALENTIN","Passi Azcona, Valentin",,MATARO,2015-16,False,False,2014-15: CANET DE MAR; 2015-16: MATARO
pastor-balague-jordi,"PASTOR BALAGUÉ, JORDI","Pastor Balagué, Jordi",436,TARRAGONA,2026-27,False,False,2014-15: 06 TARRAGONA; 2015-16: TARRAGONA; 2016-17: TARRAGONA; 2017-18: TARRAGONA; 2018-19: TARRAGONA; 2019-20: TARRAGONA; 2020-21: TARRAGONA; 2021-22: TARRAGONA; 2022-23: TARRAGONA; 2023-24: TARRAGONA; 2024-25: TARRAGONA; 2025-26: TARRAGONA; 2026-27: TARRAGONA
pastor-obando-francisco,"PASTOR OBANDO, FRANCISCO","Pastor Obando, Francisco",,SANTS,2016-17,False,False,2014-15: 05 SANTS; 2015-16: SANTS; 2016-17: SANTS
pastor-rivas-manuel,"PASTOR RIVAS, MANUEL","Pastor Rivas, Manuel",437,SANT BOI,2026-27,False,False,2014-15: 03 SANT BOI; 2015-16: SANT BOI; 2016-17: SANT BOI; 2017-18: SANT BOI; 2018-19: SANT BOI; 2019-20: SANT BOI; 2020-21: SANT BOI; 2021-22: SANT BOI; 2022-23: SANT BOI; 2023-24: SANT BOI; 2024-25: SANT BOI; 2025-26: SANT BOI; 2026-27: SANT BOI
pedret-cobo-pere,"PEDRET COBO, PERE","Pedret Cobo, Pere",,SANT ADRIA,2017-18,False,False,2017-18: SANT ADRIA
pedrola-noet-emili,"PEDROLA NOET, EMILI","Pedrola Noet, Emili",2810,VIC,2026-27,False,False,2026-27: VIC
pelegrin-martinez-jorge,"PELEGRÍN MARTÍNEZ, JORGE","Pelegrín Martínez, Jorge",1971,MANRESA,2026-27,False,False,2019-20: MANRESA; 2020-21: MANRESA; 2021-22: MANRESA; 2022-23: MANRESA; 2023-24: MANRESA; 2024-25: MANRESA; 2025-26: MANRESA; 2026-27: MANRESA
pena-garces-pascual,"PEÑA GARCÉS, PASCUAL","Peña Garcés, Pascual",,SANT ADRIA,2019-20,False,False,2014-15: 08 SANT ADRIA; 2015-16: SANT ADRIA; 2016-17: SANT ADRIA; 2017-18: SANT ADRIA; 2018-19: SANT ADRIA; 2019-20: SANT ADRIA
pena-laurnaga-juan-manuel,"PEÑA LAURNAGA, JUAN MANUEL","Peña Laurnaga, Juan Manuel",,BARCELONA,2019-20,False,False,2019-20: BARCELONA
pena-martinez-francisco,"PEÑA MARTÍNEZ, FRANCISCO","Peña Martínez, Francisco",2000,PRAT,2026-27,False,False,2019-20: EL PRAT; 2020-21: PRAT; 2021-22: EL PRAT; 2022-23: PRAT; 2023-24: PRAT; 2024-25: PRAT; 2025-26: PRAT; 2026-27: PRAT
penella-lahoz-ramon,"PENELLA LAHOZ, RAMÓN","Penella Lahoz, Ramón",,CASAL CERVERA,2021-22,False,False,2021-22: CASAL CERVERA
penella-miralles-ivette,"PENELLA MIRALLES, IVETTE","Penella Miralles, Ivette",,INDEPENDENT,2018-19,False,False,2014-15: INDEPENDENT; 2018-19: INDEPENDENT
peraira-magan-domingo,"PERAIRA MAGAN, DOMINGO","Peraira Magan, Domingo",,B LA UNIO CORAL,2022-23,False,False,2014-15: FOMENT MOLINS; 2015-16: F MOLINS; 2016-17: MOLINS; 2017-18: F MOLINS; 2022-23: B LA UNIO CORAL
perales-marin-tomas,"PERALES MARÍN, TOMÁS","Perales Marín, Tomás",2837,MATADEPERA,2026-27,False,False,2026-27: MATADEPERA
perales-sanz-joan,"PERALES SANZ, JOAN","Perales Sanz, Joan",441,F MOLINS,2026-27,False,False,2014-15: 03 SANT BOI; 2015-16: SANT BOI; 2016-17: SANT BOI; 2017-18: SANT BOI; 2018-19: SANT BOI; 2019-20: SANT BOI; 2021-22: SANT BOI; 2022-23: SANT BOI; 2023-24: SANT BOI; 2024-25: FOMENT MOLINS; 2025-26: FOMENT MOLINS; 2026-27: F MOLINS
peralta-tudela-salvador,"PERALTA TUDELA, SALVADOR","Peralta Tudela, Salvador",,PREMIA,2017-18,False,False,2016-17: PREMIA; 2017-18: PREMIA
perez-andreu-alejandro,"PÉREZ ANDREU, ALEJANDRO","Pérez Andreu, Alejandro",907,MOLLET,2025-26,False,False,2014-15: 05 MONTMELO; 2015-16: MATADEPERA; 2016-17: MATADEPERA; 2017-18: MATADEPERA; 2018-19: MATADEPERA; 2019-20: MATADEPERA; 2020-21: MATADEPERA; 2021-22: MATADEPERA; 2022-23: MATADEPERA; 2023-24: MOLLET; 2024-25: MOLLET; 2025-26: MOLLET
perez-atienza-josep-manuel,"PÉREZ ATIENZA, JOSEP MANUEL","Pérez Atienza, Josep Manuel",,MONT ROIG,2024-25,False,False,2014-15: 01 MONT ROIG; 2015-16: MONT ROIG; 2016-17: MONT ROIG; 2017-18: MONT ROIG; 2018-19: MONT ROIG; 2019-20: MONT ROIG; 2020-21: MONT ROIG; 2021-22: MONT ROIG; 2022-23: MONT ROIG; 2023-24: MONT ROIG; 2024-25: MONT ROIG
perez-blanch-roma,"PÉREZ BLANCH, ROMÀ","Pérez Blanch, Romà",442,VILANOVA,2026-27,False,False,2013-14: VILANOVA; 2014-15: 03 VILANOVA; 2015-16: VILANOVA I LA GELTRU; 2016-17: VILANOVA I LA GELTRU; 2017-18: LA GRAN PENYA; 2018-19: LA GRAN PENYA; 2019-20: LA GRAN PENYA; 2021-22: VILANOVA; 2022-23: VILANOVA; 2023-24: VILANOVA; 2024-25: VILANOVA; 2025-26: VILANOVA; 2026-27: VILANOVA
perez-clariana-xavier,"PÉREZ CLARIANA, XAVIER","Pérez Clariana, Xavier",2039,2000 CERDANYOLA,2025-26,False,False,2020-21: CERDANYOLA; 2021-22: 2000 CERDANYOLA C AMISTAT; 2023-24: 2000 CERDANYOLA; 2024-25: 2000 CERDANYOLA; 2025-26: 2000 CERDANYOLA
perez-conesa-francisco,"PEREZ CONESA, FRANCISCO","Perez Conesa, Francisco",,MONFORTE,2021-22,False,True,2021-22: MONFORTE
perez-dominguez-bertomeu,"PÉREZ DOMINGUEZ, BERTOMEU","Pérez Dominguez, Bertomeu",,SANTS,2015-16,False,True,2014-15: MONFORTE; 2015-16: SANTS
perez-donaire-javier,"PÉREZ DONAIRE, JAVIER","Pérez Donaire, Javier",2422,CARDONA,2026-27,False,False,2023-24: CARDONA; 2024-25: CARDONA; 2025-26: CARDONA; 2026-27: CARDONA
perez-fernandez-antonio,"PÉREZ FERNÁNDEZ, ANTONIO","Pérez Fernández, Antonio",911,PUNT D'ATAC,2026-27,False,False,2014-15: PUNT D'ATAC; 2015-16: PUNT D'ATAC; 2016-17: PUNT D'ATAC; 2017-18: PUNT D'ATAC; 2018-19: PUNT D'ATAC; 2019-20: PUNT D'ATAC; 2021-22: PUNT D'ATAC; 2022-23: PUNT D'ATAC; 2026-27: PUNT D'ATAC
perez-garcia-miguel,"PÉREZ GARCÍA, MIGUEL","Pérez García, Miguel",1279,ALBA,2026-27,False,False,2015-16: ALBA; 2016-17: ALBA; 2017-18: ALBA; 2018-19: ALBA; 2019-20: ALBA; 2020-21: ALBA; 2021-22: ALBA; 2022-23: ALBA; 2023-24: ALBA; 2024-25: ALBA; 2025-26: ALBA; 2026-27: ALBA
perez-lopez-josep-ant,"PÉREZ LÓPEZ, JOSEP ANT.","Pérez López, Josep Ant.",445,CORAL COLON,2026-27,False,False,2019-20: CORAL COLON; 2020-21: CORAL COLON; 2021-22: CORAL COLON; 2022-23: CORAL COLON; 2023-24: CORAL COLON; 2024-25: CORAL COLON; 2025-26: CORAL COLON; 2026-27: CORAL COLON
perez-mateu-josep,"PÉREZ MATEU, JOSEP","Pérez Mateu, Josep",,MATADEPERA,2017-18,False,False,2017-18: MATADEPERA
perez-moreno-carlos,"PÉREZ MORENO, CARLOS","Pérez Moreno, Carlos",,B UNIO CORAL,2021-22,False,False,2014-15: 06 LA UNIO CORAL; 2015-16: LA UNIO CORAL; 2016-17: UNIO CORAL; 2017-18: UNIO CORAL; 2018-19: UNIO CORAL; 2019-20: UNIO CORAL; 2021-22: B UNIO CORAL
perez-requena-jose-antonio,"PÉREZ REQUENA, JOSÉ ANTONIO","Pérez Requena, José Antonio",2524,MATARO,2026-27,False,False,2024-25: MATARO; 2025-26: MATARO; 2026-27: MATARO
perez-rodriguez-josep-ramon,"PÉREZ RODRIGUEZ, JOSEP RAMÓN","Pérez Rodriguez, Josep Ramón",,VILANOVA I LA GELTRU,2016-17,False,False,2014-15: LA GRAN PENYA; 2015-16: VILANOVA I LA GELTRU; 2016-17: VILANOVA I LA GELTRU
perez-sanchez-benjamin,"PÉREZ SÁNCHEZ, BENJAMÍN","Pérez Sánchez, Benjamín",,LA GRAN PENYA,2017-18,False,False,2014-15: 03 LA GRAN PENYA; 2015-16: LA GRAN PENYA; 2016-17: LA GRAN PENYA; 2017-18: LA GRAN PENYA
perez-vina-manuel,"PÉREZ VIÑA, MANUEL","Pérez Viña, Manuel",448,LLINARS,2026-27,False,False,2014-15: LLINARS; 2015-16: LLINARS; 2016-17: LLINARS; 2017-18: LLINARS; 2018-19: LLINARS; 2019-20: LLINARS; 2020-21: LLINARS; 2021-22: LLINARS; 2022-23: LLINARS; 2023-24: LLINARS; 2024-25: LLINARS; 2025-26: LLINARS; 2026-27: LLINARS
perez-zorrilla-rafael,"PÉREZ ZORRILLA, RAFAEL","Pérez Zorrilla, Rafael",916,MOLLET,2026-27,False,False,2014-15: 08 MONTMELO; 2015-16: MATADEPERA; 2016-17: MATADEPERA; 2017-18: MATADEPERA; 2018-19: MATADEPERA; 2019-20: MATADEPERA; 2020-21: MATADEPERA; 2021-22: MATADEPERA; 2022-23: MATADEPERA; 2023-24: MATADEPERA; 2024-25: MOLLET; 2025-26: MOLLET; 2026-27: MOLLET
pertinez-campos-manuel,"PERTIÑEZ CAMPOS, MANUEL","Pertiñez Campos, Manuel",449,GRANOLLERS,2026-27,False,False,2014-15: 06 GRANOLLERS; 2015-16: GRANOLLERS; 2016-17: GRANOLLERS; 2017-18: GRANOLLERS; 2018-19: GRANOLLERS; 2019-20: GRANOLLERS; 2020-21: GRANOLLERS; 2021-22: GRANOLLERS; 2022-23: GRANOLLERS; 2023-24: GRANOLLERS; 2024-25: GRANOLLERS; 2025-26: GRANOLLERS; 2026-27: GRANOLLERS
pi-vilardell-xavier,"PI VILARDELL, XAVIER","Pi Vilardell, Xavier",6,LLICA D'AMUNT,2026-27,False,False,2014-15: 02 MOLLET; 2015-16: MOLLET; 2019-20: MOLLET; 2021-22: MOLLET; 2022-23: LLICA D'AMUNT; 2023-24: LLICA D'AMUNT; 2024-25: LLICA AMUNT; 2025-26: LLICA D'AMUNT; 2026-27: LLICA D'AMUNT
picornell-perez-pere,"PICORNELL PÉREZ, PERE","Picornell Pérez, Pere",,CERDANYOLA,2021-22,False,False,2014-15: 02 BARCELONA; 2015-16: 2000 CERDANYOLA; 2016-17: CERDANYOLA; 2017-18: CERDANYOLA; 2018-19: CERDANYOLA; 2019-20: CERDANYOLA; 2020-21: CERDANYOLA; 2021-22: CERDANYOLA
pineda-lafuente-joan-josep,"PINEDA LAFUENTE, JOAN JOSEP","Pineda Lafuente, Joan Josep",453,SANT ADRIA,2026-27,False,False,2014-15: 02 SANTS; 2015-16: SANTS; 2016-17: SANT ADRIA; 2017-18: SANT ADRIA; 2018-19: SANT ADRIA; 2019-20: VIC; 2020-21: VIC; 2021-22: SANT ADRIA; 2022-23: SANT ADRIA; 2023-24: SANT ADRIA; 2024-25: SANT ADRIA; 2025-26: SANT ADRIA; 2026-27: SANT ADRIA
pinies-sala-jordi,"PINIES SALA, JORDI","Pinies Sala, Jordi",,EL CASINET MASNOU,2015-16,False,False,2015-16: EL CASINET MASNOU
planas-freixedes-manel,"PLANAS FREIXEDES, MANEL","Planas Freixedes, Manel",2619,LA GRAN PENYA,2026-27,False,False,2025-26: LA GRAN PENYA; 2026-27: LA GRAN PENYA
planas-sitja-tomas,"PLANAS SITJÀ, TOMÀS","Planas Sitjà, Tomàs",1895,CENTELLES,2026-27,False,False,2018-19: CENTELLES; 2019-20: CENTELLES; 2021-22: CENTELLES; 2022-23: CENTELLES; 2023-24: CENTELLES; 2024-25: CENTELLES; 2025-26: CENTELLES; 2026-27: CENTELLES
plandolit-martin-miquel,"PLANDOLIT MARTÍN, MIQUEL","Plandolit Martín, Miquel",922,MATARO,2026-27,False,False,2014-15: 02 LLINARS; 2015-16: LLINARS; 2016-17: LLINARS; 2017-18: LLINARS; 2018-19: LLINARS; 2019-20: MATARO; 2020-21: MATARO; 2021-22: MATARO; 2022-23: MATARO; 2023-24: MATARO; 2024-25: MATARO; 2025-26: MATARO; 2026-27: MATARO
planes-blanch-josep,"PLANES BLANCH, JOSEP","Planes Blanch, Josep",456,CASAL CERVERA,2025-26,False,False,2014-15: CASAL CERVERA; 2015-16: CASAL CERVERA; 2016-17: CERVERA; 2017-18: CERVERA; 2018-19: CERVERA; 2019-20: CERVERA; 2022-23: CASAL DE CERVERA; 2023-24: CASAL DE CERVERA; 2024-25: CASAL DE CERVERA; 2025-26: CASAL CERVERA
planes-bravo-monica,"PLANES BRAVO, MONICA","Planes Bravo, Monica",,CERVERA,2017-18,False,False,2014-15: CASAL CERVERA; 2015-16: CASAL CERVERA; 2016-17: CASAL CERVERA; 2017-18: CERVERA
plantada-martorell-joan,"PLANTADA MARTORELL, JOAN","Plantada Martorell, Joan",2734,GRANOLLERS,2026-27,False,False,2025-26: GRANOLLERS; 2026-27: GRANOLLERS
poblet-codina-miguel-angel,"POBLET CODINA, MIGUEL ÁNGEL","Poblet Codina, Miguel Ángel",2056,VIC,2026-27,False,False,2021-22: VIC; 2022-23: VIC; 2023-24: VIC; 2024-25: VIC; 2025-26: VIC; 2026-27: VIC
poch-ferrer-joan,"POCH FERRER, JOAN","Poch Ferrer, Joan",,LA COLMENA,2016-17,False,False,2015-16: LA COLMENA; 2016-17: LA COLMENA
polls-codina-jordi,"POLLS CODINA, JORDI","Polls Codina, Jordi",,05 LLINARS,2014-15,False,False,2014-15: 05 LLINARS
polo-camarasa-josep-ma,"POLO CAMARASA, JOSEP Mª","Polo Camarasa, Josep Mª",460,BORGES,2026-27,False,False,2014-15: 05 L'AMISTAT MOLLERUSSA; 2015-16: L'AMISTAT MOLLERUSSA; 2016-17: L'AMISTAT MOLLERUSSA; 2017-18: L'AMISTAT; 2018-19: L'AMISTAT; 2019-20: L'AMISTAT; 2020-21: INDEPENDENT; 2021-22: AMISTAT MOLLERUSSA; 2022-23: MOLLERUSA; 2023-24: INDEPENDENT; 2024-25: BORGES; 2025-26: BORGES; 2026-27: BORGES
pons-corbero-carlos,"PONS CORBERO, CARLOS","Pons Corbero, Carlos",,LLEIDA,2022-23,False,False,2022-23: LLEIDA
pons-pedreny-carles,"PONS PEDRENY, CARLES","Pons Pedreny, Carles",923,LA GRAN PENYA,2026-27,False,False,2014-15: 03 LA GRAN PENYA; 2015-16: LA GRAN PENYA; 2016-17: LA GRAN PENYA; 2018-19: LA GRAN PENYA; 2019-20: LA GRAN PENYA; 2021-22: LA GRAN PENYA; 2022-23: LA GRAN PENYA; 2023-24: LA GRAN PENYA; 2024-25: GRAN PENYA; 2026-27: LA GRAN PENYA
porcel-cabrera-jose-emilio,"PORCEL CABRERA, JOSÉ EMILIO","Porcel Cabrera, José Emilio",2210,CARDONA,2026-27,False,False,2021-22: CARDONA; 2022-23: CARDONA; 2023-24: CARDONA; 2025-26: CARDONA; 2026-27: CARDONA
porqueras-sabate-victor,"PORQUERAS SABATÉ, VÍCTOR","Porqueras Sabaté, Víctor",1201,SANT ADRIA,2026-27,False,False,2015-16: BARCELONA; 2016-17: BARCELONA; 2017-18: BARCELONA; 2018-19: BARCELONA; 2019-20: BARCELONA; 2020-21: BARCELONA; 2021-22: BARCELONA; 2022-23: B LA UNIO CORAL; 2023-24: B LA UNIO CORAL; 2024-25: B LA UNIO CORAL; 2025-26: LA UNIO CORAL; 2026-27: SANT ADRIA
porta-conejo-antonio,"PORTA CONEJO, ANTONIO","Porta Conejo, Antonio",2510,BORGES,2026-27,False,False,2024-25: BORGES; 2025-26: BORGES; 2026-27: BORGES
potenciano-ortega-carles,"POTENCIANO ORTEGA, CARLES","Potenciano Ortega, Carles",924,BLANES,2026-27,False,False,2014-15: 03 BLANES; 2015-16: BLANES; 2016-17: BLANES; 2017-18: BLANES; 2018-19: BLANES; 2019-20: BLANES; 2020-21: BLANES; 2021-22: BLANES; 2022-23: BLANES; 2023-24: BLANES; 2024-25: BLANES; 2025-26: BLANES; 2026-27: BLANES
prades-monteso-ernest,"PRADES MONTESÓ, ERNEST","Prades Montesó, Ernest",1969,TARRAGONA,2024-25,False,False,2019-20: TARRAGONA; 2020-21: TARRAGONA; 2021-22: TARRAGONA; 2022-23: TARRAGONA; 2023-24: TARRAGONA; 2024-25: TARRAGONA
prats-peri-ivan,"PRATS PERI, IVÁN","Prats Peri, Iván",461,MONT ROIG,2026-27,False,False,2016-17: MONT ROIG; 2017-18: MONT ROIG; 2018-19: MONT ROIG; 2019-20: MONT ROIG; 2020-21: MONT ROIG; 2021-22: MONT ROIG; 2022-23: MONT ROIG; 2023-24: MONT ROIG; 2024-25: MONT ROIG; 2025-26: MONT ROIG; 2026-27: MONT ROIG
prats-quinones-josep-ma,"PRATS QUIÑONES, JOSEP Mª","Prats Quiñones, Josep Mª",462,MONT ROIG,2026-27,False,False,2016-17: MONT ROIG; 2017-18: MONT ROIG; 2018-19: MONT ROIG; 2019-20: MONT ROIG; 2020-21: MONT ROIG; 2021-22: MONT ROIG; 2022-23: MONT ROIG; 2023-24: MONT ROIG; 2024-25: MONT ROIG; 2025-26: MONT ROIG; 2026-27: MONT ROIG
prats-rins-jaime,"PRATS RINS, JAIME","Prats Rins, Jaime",1311,PREMIA,2026-27,False,False,2016-17: PREMIA; 2017-18: PREMIA; 2018-19: PREMIA; 2019-20: PREMIA; 2020-21: PREMIA; 2021-22: PREMIA; 2022-23: PREMIA; 2023-24: PREMIA; 2024-25: PREMIA; 2025-26: PREMIA; 2026-27: PREMIA
pretel-perez-jose,"PRETEL PÉREZ, JOSÉ","Pretel Pérez, José",928,LA UNIO CORAL,2026-27,False,False,2014-15: 06 LA UNIO CORAL; 2016-17: UNIO CORAL; 2017-18: UNIO CORAL; 2018-19: UNIO CORAL; 2019-20: UNIO CORAL; 2021-22: B UNIO CORAL; 2022-23: B LA UNIO CORAL; 2023-24: B LA UNIO CORAL; 2024-25: B LA UNIO CORAL; 2025-26: LA UNIO CORAL; 2026-27: LA UNIO CORAL
prieto-mora-fatima,"PRIETO MORA, FÁTIMA","Prieto Mora, Fátima",,SANTS,2016-17,False,False,2016-17: SANTS
prieto-trinidad-antonio,"PRIETO TRINIDAD, ANTONIO","Prieto Trinidad, Antonio",2235,CARDONA,2026-27,False,False,2023-24: CARDONA; 2024-25: CARDONA; 2025-26: CARDONA; 2026-27: CARDONA
prinzivalli-carrubba-pietro,"PRINZIVALLI CARRUBBA, PIETRO","Prinzivalli Carrubba, Pietro",463,TARRAGONA,2026-27,False,False,2013-14: INDEPENDENT; 2014-15: 02 TARRAGONA; 2015-16: PUNT D'ATAC; 2016-17: TARRAGONA; 2017-18: TARRAGONA; 2018-19: TARRAGONA; 2019-20: TARRAGONA; 2020-21: TARRAGONA; 2021-22: TARRAGONA; 2022-23: TARRAGONA; 2023-24: TARRAGONA; 2025-26: TARRAGONA; 2026-27: TARRAGONA
prohom-duran-daniel,"PROHOM DURÁN, DANIEL","Prohom Durán, Daniel",929,EL MASNOU,2026-27,False,False,2024-25: B EL MASNOU; 2025-26: B EL MASNOU; 2026-27: EL MASNOU
puig-angles-miquel,"PUIG ANGLÉS, MIQUEL","Puig Anglés, Miquel",,VILANOVA,2023-24,False,False,2018-19: VIC; 2019-20: LLEIDA; 2022-23: VILANOVA; 2023-24: VILANOVA
puig-latre-isaac,"PUIG LATRE, ISAAC","Puig Latre, Isaac",464,MONFORTE,2026-27,True,True,2014-15: 04 MONFORTE; 2023-24: MONFORTE; 2024-25: MONFORTE; 2025-26: MONFORTE; 2026-27: MONFORTE
puigrodon-forne-pere,"PUIGRODON FORNÉ, PERE","Puigrodon Forné, Pere",,2000 CERDANYOLA,2015-16,False,False,2015-16: 2000 CERDANYOLA
pujal-ametller-carles,"PUJAL AMETLLER, CARLES","Pujal Ametller, Carles",1706,SANT FELIU,2026-27,False,False,2019-20: SANT FELIU; 2021-22: SANT FELIU; 2022-23: SANT FELIU; 2023-24: SANT FELIU DE CODINES; 2024-25: SANT FELIU; 2025-26: SANT FELIU DE CODINES; 2026-27: SANT FELIU
pujal-ametller-jaume,"PUJAL AMETLLER, JAUME","Pujal Ametller, Jaume",2809,SANT FELIU,2026-27,False,False,2026-27: SANT FELIU
pujol-garcia-jaume,"PUJOL GARCÍA, JAUME","Pujol García, Jaume",1092,VIC,2026-27,False,False,2014-15: VIC; 2015-16: VIC; 2016-17: VIC; 2017-18: VIC; 2018-19: VIC; 2019-20: VIC; 2020-21: VIC; 2021-22: VIC; 2022-23: VIC; 2023-24: VIC; 2024-25: VIC; 2025-26: VIC; 2026-27: VIC
pulido-bermudez-dani-farid,"PULIDO BERMÚDEZ, DANI FARID","Pulido Bermúdez, Dani Farid",,CAP,2021-22,False,False,2019-20: BANYOLES; 2021-22: CAP
punet-corral-daniel,"PUÑET CORRAL, DANIEL","Puñet Corral, Daniel",933,MONT ROIG,2024-25,False,False,2014-15: 01 MONT ROIG; 2019-20: MONT ROIG; 2024-25: MONT ROIG
querol-bures-jordi,"QUEROL BURÉS, JORDI","Querol Burés, Jordi",,,,False,False,
quesada-martos-jose-luis,"QUESADA MARTOS, JOSÉ LUIS","Quesada Martos, José Luis",936,SANT BOI,2026-27,False,False,2014-15: 01 SANT BOI; 2015-16: SANT BOI; 2016-17: SANT BOI; 2017-18: SANT BOI; 2018-19: SANT BOI; 2019-20: SANT BOI; 2021-22: SANT BOI; 2022-23: SANT BOI; 2023-24: SANT BOI; 2024-25: SANT BOI; 2025-26: SANT BOI; 2026-27: SANT BOI
quinonero-morcillo-jose-ma,"QUIÑONERO MORCILLO, JOSÉ Mª","Quiñonero Morcillo, José Mª",2532,F MOLINS,2026-27,False,False,2024-25: FOMENT MOLINS; 2025-26: FOMENT MOLINS; 2026-27: F MOLINS
quinonero-nunez-pere,"QUIÑONERO NUÑEZ, PERE","Quiñonero Nuñez, Pere",,MOLINS,2019-20,False,False,2014-15: FOMENT MOLINS; 2015-16: FOMENT MOLINS; 2016-17: MOLINS; 2017-18: MOLINS; 2018-19: MOLINS; 2019-20: MOLINS
ralita-ros-joan,"RALITA ROS, JOAN","Ralita Ros, Joan",468,BANYOLES,2026-27,False,False,2014-15: 07 BANYOLES; 2015-16: VIC; 2016-17: VIC; 2017-18: GRANOLLERS; 2018-19: VIC; 2019-20: CASINO OLOTI; 2020-21: CASINO OLOTI; 2021-22: BANYOLES; 2022-23: BANYOLES; 2023-24: BANYOLES; 2024-25: BANYOLES; 2025-26: BANYOLES; 2026-27: BANYOLES
ramirez-aymerich-inaki,"RAMÍREZ AYMERICH, IÑAKI","Ramírez Aymerich, Iñaki",2683,VIC,2026-27,False,False,2025-26: VIC; 2026-27: VIC
ramirez-florensa-oscar,"RAMÍREZ FLORENSA, ÓSCAR","Ramírez Florensa, Óscar",,LLEIDA,2018-19,False,False,2015-16: LLEIDA; 2016-17: LLEIDA; 2017-18: LLEIDA; 2018-19: LLEIDA
ramirez-mateos-eduard,"RAMIREZ MATEOS, EDUARD","Ramirez Mateos, Eduard",939,BANYOLES,2026-27,False,False,2014-15: 03 BLANES; 2020-21: INDEPENDENT; 2021-22: BANYOLES; 2022-23: BANYOLES; 2023-24: BANYOLES; 2024-25: BANYOLES; 2025-26: BANYOLES; 2026-27: BANYOLES
ramirez-prieto-johnnattan-nayiv,"RAMIREZ PRIETO, JOHNNATTAN NAYIV","Ramirez Prieto, Johnnattan Nayiv",2790,VIC,2026-27,False,False,2026-27: VIC
ramirez-torres-oscar,"RAMÍREZ TORRES, ÓSCAR","Ramírez Torres, Óscar",,SANTS,2018-19,False,False,2017-18: SANTS; 2018-19: SANTS
ramis-bardem-jordi,"RAMIS BARDEM, JORDI","Ramis Bardem, Jordi",2230,CENTELLES,2026-27,False,False,2017-18: BARCELONA; 2024-25: CENTELLES; 2025-26: CENTELLES; 2026-27: CENTELLES
ramon-morcillo-miquel,"RAMON MORCILLO, MIQUEL","Ramon Morcillo, Miquel",,SANTS,2021-22,False,False,2017-18: SANTS; 2018-19: SANTS; 2019-20: SANTS; 2020-21: SANTS; 2021-22: SANTS
ramos-argimon-ramon,"RAMOS ARGIMON, RAMÓN","Ramos Argimon, Ramón",2847,BLANES,2026-27,False,False,2026-27: BLANES
ramos-clares-francisco-javier,"RAMOS CLARES, FRANCISCO JAVIER","Ramos Clares, Francisco Javier",1453,2000 CERDANYOLA,2026-27,False,False,2017-18: CERDANYOLA; 2018-19: CERDANYOLA; 2019-20: CERDANYOLA; 2026-27: 2000 CERDANYOLA
ramos-miranda-felipe,"RAMOS MIRANDA, FELIPE","Ramos Miranda, Felipe",,VILANOVA I LA GELTRU,2019-20,False,False,2015-16: LA GRAN PENYA; 2016-17: GRAN PENYA ZONA 1; 2017-18: VILANOVA I LA GELTRU; 2018-19: VILANOVA; 2019-20: VILANOVA I LA GELTRU
ramos-ruiz-josep,"RAMOS RUIZ, JOSEP","Ramos Ruiz, Josep",469,PUNT D'ATAC,2026-27,False,False,2013-14: PUNT D'ATAC; 2014-15: 04 PUNT D'ATAC; 2015-16: PUNT D'ATAC; 2016-17: PUNT D'ATAC; 2017-18: PUNT D'ATAC; 2018-19: PUNT D'ATAC; 2019-20: PUNT D'ATAC; 2020-21: PUNT D'ATAC; 2021-22: PUNT D'ATAC; 2022-23: PUNT D'ATAC; 2023-24: PUNT DATAC; 2024-25: PUNT DATAC; 2025-26: PUNT ATAC; 2026-27: PUNT D'ATAC
raulet-clos-esteve,"RAULET CLOS, ESTEVE","Raulet Clos, Esteve",470,CENTELLES,2026-27,False,False,2014-15: CENTELLES; 2015-16: CENTELLES; 2016-17: CENTELLES; 2017-18: CENTELLES; 2018-19: CENTELLES; 2019-20: CENTELLES; 2021-22: CENTELLES; 2022-23: CENTELLES; 2023-24: CENTELLES; 2024-25: CENTELLES; 2025-26: CENTELLES; 2026-27: CENTELLES
rebollo-jimon-diego,"REBOLLO JIMON, DIEGO","Rebollo Jimon, Diego",,PUNT D'ATAC,2022-23,False,False,2022-23: PUNT D'ATAC
recasens-lahoz-ivan,"RECASENS LAHOZ, IVÁN","Recasens Lahoz, Iván",,TARRAGONA,2018-19,False,False,2015-16: TARRAGONA; 2016-17: TARRAGONA; 2017-18: TARRAGONA; 2018-19: TARRAGONA
reguant-sala-josep-ma,"REGUANT SALA, JOSEP Mª","Reguant Sala, Josep Mª",,,,False,False,
remond-michel-alain,"REMOND MICHEL, ALAIN","Remond Michel, Alain",63,CERVERA,2018-19,False,False,2014-15: 03 CASAL DE CERVERA; 2015-16: CASAL CERVERA; 2017-18: CERVERA; 2018-19: CERVERA
restrepo-hernandez-carlos,"RESTREPO HERNÁNDEZ, CARLOS","Restrepo Hernández, Carlos",2369,BANYOLES,2026-27,False,False,2022-23: BANYOLES; 2023-24: BANYOLES; 2024-25: BANYOLES; 2025-26: BANYOLES; 2026-27: BANYOLES
reverter-fandos-sergi,"REVERTER FANDOS, SERGI","Reverter Fandos, Sergi",,,,False,False,
reverter-yenes-jordi,"REVERTER YENES, JORDI","Reverter Yenes, Jordi",,LA COLMENA,2019-20,False,False,2016-17: LA COLMENA; 2017-18: LA COLMENA; 2018-19: LA COLMENA; 2019-20: LA COLMENA
rey-perez-fernando,"REY PÉREZ, FERNANDO","Rey Pérez, Fernando",,CANET,2021-22,False,False,2021-22: CANET
rey-ruhi-daniel,"REY RUHI, DANIEL","Rey Ruhi, Daniel",,BARCELONA,2022-23,False,False,2019-20: BARCELONA; 2022-23: BARCELONA
ribalta-gargante-ramon,"RIBALTA GARGANTE, RAMÓN","Ribalta Gargante, Ramón",473,CASAL CERVERA,2026-27,False,False,2014-15: CASAL CERVERA; 2017-18: CERVERA; 2018-19: CERVERA; 2019-20: CERVERA; 2021-22: CERVERA B AMISTAT; 2022-23: CASAL DE CERVERA; 2025-26: CASAL DE CERVERA; 2026-27: CASAL CERVERA
ribas-montmany-esteve,"RIBAS MONTMANY, ESTEVE","Ribas Montmany, Esteve",,VIC,2019-20,False,False,2019-20: VIC
ribas-muriel-marc,"RIBAS MURIEL, MARC","Ribas Muriel, Marc",2659,CANET DE MAR,2026-27,False,False,2025-26: BLANES; 2026-27: CANET DE MAR
ribas-torres-pere,"RIBAS TORRES, PERE","Ribas Torres, Pere",1181,MATARO,2026-27,False,False,2014-15: MATARO; 2015-16: MATARO; 2016-17: MATARO; 2017-18: MATARO; 2018-19: MATARO; 2019-20: MATARO; 2020-21: MATARO; 2021-22: MATARO AMISTAT; 2022-23: MATARO; 2023-24: MATARO; 2024-25: MATARO; 2025-26: MATARO; 2026-27: MATARO
ribes-mesalles-ramon,"RIBES MESALLES, RAMÓN","Ribes Mesalles, Ramón",,,,False,False,
ricart-martinez-francesc,"RICART MARTÍNEZ, FRANCESC","Ricart Martínez, Francesc",13,BARCELONA,2026-27,False,False,2014-15: 02 BARCELONA; 2015-16: BARCELONA; 2016-17: BARCELONA; 2017-18: BARCELONA; 2018-19: BARCELONA; 2019-20: BARCELONA; 2020-21: BARCELONA; 2021-22: BARCELONA; 2022-23: BARCELONA; 2023-24: BARCELONA; 2025-26: BARCELONA; 2026-27: BARCELONA
riera-prats-carles,"RIERA PRATS, CARLES","Riera Prats, Carles",946,BARCELONA,2026-27,False,False,2014-15: 06 BARCELONA; 2015-16: BARCELONA; 2016-17: BARCELONA; 2017-18: BARCELONA; 2018-19: BARCELONA; 2019-20: BARCELONA; 2020-21: BARCELONA; 2021-22: BARCELONA; 2022-23: BARCELONA; 2023-24: BARCELONA; 2024-25: BARCELONA; 2025-26: BARCELONA; 2026-27: BARCELONA
rios-lucas-joan-lluis,"RIOS LUCAS, JOAN LLUIS","Rios Lucas, Joan Lluis",,MOLLET,2017-18,False,False,2014-15: 01 MOLLET; 2015-16: MOLLET; 2016-17: MOLLET; 2017-18: MOLLET
ripoll-romaguera-joaquim,"RIPOLL ROMAGUERA, JOAQUIM","Ripoll Romaguera, Joaquim",2567,BLANES,2026-27,False,False,2025-26: BLANES; 2026-27: BLANES
riu-alcaraz-andreu,"RIU ALCARAZ, ANDREU","Riu Alcaraz, Andreu",,,,False,False,
rius-pique-xavier,"RIUS PIQUÉ, XAVIER","Rius Piqué, Xavier",478,CASAL CERVERA,2026-27,False,False,2019-20: CERVERA; 2021-22: CERVERA; 2022-23: CASAL DE CERVERA; 2023-24: CASAL DE CERVERA; 2024-25: CASAL DE CERVERA; 2025-26: CASAL DE CERVERA; 2026-27: CASAL CERVERA
robisco-perez-lluis-miguel,"ROBISCO PÉREZ, LLUIS MIGUEL","Robisco Pérez, Lluis Miguel",,SANT FELIU,2019-20,False,False,2014-15: 06 SANT FELIU; 2016-17: SANT FELIU; 2017-18: SANT FELIU DE CODINES; 2018-19: SANT FELIU; 2019-20: SANT FELIU
robledo-gonzalez-isidre,"ROBLEDO GONZÁLEZ, ISIDRE","Robledo González, Isidre",480,TARRAGONA,2026-27,False,False,2013-14: TARRAGONA; 2014-15: TARRAGONA; 2015-16: TARRAGONA; 2016-17: TARRAGONA; 2017-18: TARRAGONA; 2018-19: TARRAGONA; 2019-20: TARRAGONA; 2020-21: TARRAGONA; 2021-22: TARRAGONA; 2022-23: TARRAGONA; 2023-24: TARRAGONA; 2024-25: TARRAGONA; 2025-26: TARRAGONA; 2026-27: TARRAGONA
roca-barbera-albert,"ROCA BARBERÀ, ALBERT","Roca Barberà, Albert",2519,LA GRAN PENYA,2026-27,False,False,2024-25: LA GRAN PENYA; 2025-26: LA GRAN PENYA; 2026-27: LA GRAN PENYA
roca-brull-maurici,"ROCA BRULL, MAURICI","Roca Brull, Maurici",,VILANOVA I LA GELTRU,2015-16,False,False,2015-16: VILANOVA I LA GELTRU
roca-casas-isidre,"ROCA CASAS, ISIDRE","Roca Casas, Isidre",,LLEIDA,2019-20,False,False,2014-15: 02 LLEIDA; 2015-16: LLEIDA; 2016-17: LLEIDA; 2017-18: LLEIDA; 2018-19: LLEIDA; 2019-20: LLEIDA
roca-cusco-jordi,"ROCA CUSCO, JORDI","Roca Cusco, Jordi",2629,CORAL COLON,2026-27,False,False,2025-26: CORAL COLON; 2026-27: CORAL COLON
roca-duce-javier,"ROCA DUCE, JAVIER","Roca Duce, Javier",,VIC,2024-25,False,False,2014-15: GRANOLLERS; 2015-16: GRANOLLERS; 2021-22: VIC; 2022-23: VIC; 2023-24: VIC; 2024-25: VIC
rocha-vera-jeferson,"ROCHA VERA, JEFERSON","Rocha Vera, Jeferson",2359,MONFORTE,2026-27,True,True,2023-24: MONFORTE; 2025-26: MONFORTE; 2026-27: MONFORTE
rodenas-carmona-juan-angel,"RÓDENAS CARMONA, JUAN ÁNGEL","Ródenas Carmona, Juan Ángel",,LLEIDA,2021-22,False,False,2021-22: LLEIDA
rodero-lloreda-antoni,"RODERO LLOREDA, ANTONI","Rodero Lloreda, Antoni",,,,False,False,
rodriguez-bleda-pedro,"RODRIGUEZ BLEDA, PEDRO","Rodriguez Bleda, Pedro",,TARRAGONA,2018-19,False,False,2018-19: TARRAGONA
rodriguez-carrillo-francisco,"RODRIGUEZ CARRILLO, FRANCISCO","Rodriguez Carrillo, Francisco",2466,BLANES,2026-27,False,False,2023-24: BLANES; 2024-25: BLANES; 2025-26: BLANES; 2026-27: BLANES
rodriguez-carrillo-juan-de-dios,"RODRIGUEZ CARRILLO, JUAN DE DIOS","Rodriguez Carrillo, Juan De Dios",1872,SANTS,2022-23,False,False,2021-22: SANTS; 2022-23: SANTS
rodriguez-diaz-joan-manel,"RODRIGUEZ DIAZ, JOAN MANEL","Rodriguez Diaz, Joan Manel",1182,MATARO,2026-27,False,False,2014-15: MATARO; 2015-16: MATARO; 2016-17: MATARO; 2017-18: MATARO; 2018-19: MATARO; 2019-20: MATARO; 2020-21: MATARO; 2021-22: MATARO AMISTAT; 2022-23: MATARO; 2023-24: MATARO; 2024-25: MATARO; 2025-26: MATARO; 2026-27: MATARO
rodriguez-gamez-francesc,"RODRÍGUEZ GÁMEZ, FRANCESC","Rodríguez Gámez, Francesc",,,,False,False,
rodriguez-gomez-heriberto,"RODRIGUEZ GOMEZ, HERIBERTO","Rodriguez Gomez, Heriberto",,BLANES,2021-22,False,False,2021-22: BLANES
rodriguez-jimenez-eduard,"RODRIGUEZ JIMÉNEZ, EDUARD","Rodriguez Jiménez, Eduard",954,BANYOLES,2026-27,False,False,2014-15: 07 BANYOLES; 2015-16: BANYOLES; 2016-17: BANYOLES; 2017-18: BANYOLES; 2018-19: BANYOLES; 2019-20: BANYOLES; 2021-22: BANYOLES; 2022-23: BANYOLES; 2023-24: BANYOLES; 2024-25: BANYOLES; 2025-26: BANYOLES; 2026-27: BANYOLES
rodriguez-juarez-carlos,"RODRÍGUEZ JUÁREZ, CARLOS","Rodríguez Juárez, Carlos",955,SANT FELIU,2026-27,False,False,2014-15: 06 DANY ELLS; 2015-16: DANY ELLS; 2016-17: DANY'ELLS; 2017-18: DANY ELLS; 2018-19: DANY ELLS; 2019-20: SANT FELIU; 2021-22: SANT FELIU; 2022-23: SANT FELIU; 2023-24: SANT FELIU DE CODINES; 2024-25: SANT FELIU; 2025-26: SANT FELIU DE CODINES; 2026-27: SANT FELIU
rodriguez-lopez-ricardo,"RODRÍGUEZ LÓPEZ, RICARDO","Rodríguez López, Ricardo",,,,False,False,
rodriguez-maia-mario-felipe,"RODRÍGUEZ MAIA, MARIO FELIPE","Rodríguez Maia, Mario Felipe",956,BANYOLES,2026-27,False,False,2014-15: 07 BANYOLES; 2015-16: BANYOLES; 2016-17: BANYOLES; 2017-18: BANYOLES; 2018-19: BANYOLES; 2019-20: BANYOLES; 2021-22: BANYOLES; 2022-23: BANYOLES; 2023-24: BANYOLES; 2024-25: BANYOLES; 2025-26: BANYOLES; 2026-27: BANYOLES
rodriguez-montesinos-roque,"RODRÍGUEZ MONTESINOS, ROQUE","Rodríguez Montesinos, Roque",1276,SANT ADRIA,2026-27,False,False,2015-16: ALBA; 2016-17: ALBA; 2017-18: ALBA; 2018-19: ALBA; 2019-20: ALBA; 2020-21: SANT ADRIA; 2021-22: SANT ADRIA; 2022-23: SANT ADRIA; 2023-24: SANT ADRIA; 2024-25: SANT ADRIA; 2025-26: SANTA ADRIA; 2026-27: SANT ADRIA
rodriguez-morales-jesus,"RODRÍGUEZ MORALES, JESÚS,","Rodríguez Morales, Jesús,",2551,MANRESA,2026-27,False,False,2026-27: MANRESA
rodriguez-mulero-angel-antonio,"RODRÍGUEZ MULERO, ANGEL ANTONIO","Rodríguez Mulero, Angel Antonio",,,,False,False,
rodriguez-navarra-ferran,"RODRÍGUEZ NAVARRA, FERRÁN","Rodríguez Navarra, Ferrán",958,BANYOLES,2026-27,False,False,2014-15: 07 BANYOLES; 2015-16: BANYOLES; 2016-17: BANYOLES; 2017-18: BANYOLES; 2018-19: BANYOLES; 2019-20: BANYOLES; 2020-21: BANYOLES; 2021-22: BANYOLES; 2022-23: SANT BOI; 2023-24: SANT BOI; 2024-25: LLINARS; 2025-26: LLINARS; 2026-27: BANYOLES
rodriguez-rios-eduardo,"RODRÍGUEZ RIOS, EDUARDO","Rodríguez Rios, Eduardo",,SANT ADRIA,2015-16,False,False,2015-16: SANT ADRIA
rodriguez-rodriguez-tomas,"RODRÍGUEZ RODRÍGUEZ, TOMÁS","Rodríguez Rodríguez, Tomás",,CORAL COLON,2022-23,False,False,2014-15: CORAL COLON; 2015-16: CORAL COLON; 2016-17: CORAL COLON; 2017-18: CORAL COLON; 2020-21: CORAL COLON; 2021-22: CORAL COLON; 2022-23: CORAL COLON
rodriguez-sanchez-cesar,"RODRÍGUEZ SÁNCHEZ, CÉSAR","Rodríguez Sánchez, César",1477,MONFORTE,2026-27,True,True,2017-18: MONFORTE; 2018-19: MONFORTE; 2019-20: MONFORTE; 2020-21: MONFORTE; 2021-22: MONFORTE; 2022-23: MONFORTE; 2023-24: MONFORTE; 2024-25: MONFORTE; 2025-26: MONFORTE; 2026-27: MONFORTE
rodriguez-santin-juan-jose,"RODRIGUEZ SANTIN, JUAN JOSÉ","Rodriguez Santin, Juan José",,PREMIA,2025-26,False,False,2014-15: 03 PREMIA; 2015-16: PREMIA; 2016-17: PREMIA; 2017-18: PREMIA; 2018-19: PREMIA; 2019-20: PREMIA; 2023-24: PREMIA; 2024-25: PREMIA; 2025-26: PREMIA
roig-ribas-francisco,"ROIG RIBAS, FRANCISCO","Roig Ribas, Francisco",2684,,,False,False,
roige-aran-miquel,"ROIGE ARAN ,MIQUEL","Roige Aran ,Miquel",1758,BANYOLES,2026-27,False,False,2021-22: BANYOLES; 2026-27: BANYOLES
rojals-valls-joan,"ROJALS VALLS, JOAN","Rojals Valls, Joan",1185,SANT BOI,2026-27,False,False,2014-15: SANT BOI; 2015-16: SANT BOI; 2016-17: SANT BOI; 2017-18: SANT BOI; 2018-19: SANT BOI; 2019-20: SANT BOI; 2021-22: PRAT; 2022-23: PRAT; 2023-24: SANT BOI; 2024-25: SANT BOI; 2025-26: SANT BOI; 2026-27: SANT BOI
rojano-reinoso-bartolome,"ROJANO REINOSO, BARTOLOMÉ","Rojano Reinoso, Bartolomé",485,SANTS,2026-27,False,False,2025-26: LA UNIO CORAL; 2026-27: SANTS
rojas-araujo-oscar,"ROJAS ARAUJO, ÓSCAR","Rojas Araujo, Óscar",2601,SANTS,2026-27,False,False,2025-26: SANTS; 2026-27: SANTS
rojo-casero-angel,"ROJO CASERO, ÁNGEL","Rojo Casero, Ángel",2719,LA UNIO CORAL,2026-27,False,False,2025-26: LA UNIO CORAL; 2026-27: LA UNIO CORAL
rojo-lucio-carlos,"ROJO LUCIO, CARLOS","Rojo Lucio, Carlos",,ALBA,2022-23,False,False,2022-23: ALBA
rolan-acosta-bernardo-ricardo,"ROLAN ACOSTA, BERNARDO RICARDO","Rolan Acosta, Bernardo Ricardo",2438,CAP,2025-26,False,False,2025-26: CAP
roman-lozano-bibiano,"ROMÁN LOZANO, BIBIANO","Román Lozano, Bibiano",962,MOLLET,2026-27,False,False,2019-20: MOLLET; 2020-21: MOLLET; 2021-22: MOLLET; 2022-23: MOLLET; 2023-24: MOLLET; 2024-25: MOLLET; 2025-26: MOLLET; 2026-27: MOLLET
roman-rosillo-juan,"ROMÁN ROSILLO, JUAN","Román Rosillo, Juan",1722,GRANOLLERS,2022-23,False,False,2018-19: GRANOLLERS; 2019-20: GRANOLLERS; 2020-21: GRANOLLERS; 2021-22: GRANOLLERS AMISTAT; 2022-23: GRANOLLERS
romera-ocana-jose-manuel,"ROMERA OCAÑA, JOSÉ MANUEL","Romera Ocaña, José Manuel",2549,MANRESA,2026-27,False,False,2025-26: MANRESA; 2026-27: MANRESA
romero-albas-jorge,"ROMERO ALBAS, JORGE","Romero Albas, Jorge",,,,False,False,
romero-bustos-jorge-hernando,"ROMERO BUSTOS, JORGE HERNANDO","Romero Bustos, Jorge Hernando",,EL PRAT,2015-16,False,False,2014-15: PRAT; 2015-16: EL PRAT
romero-gonzalez-francisco,"ROMERO GONZÁLEZ, FRANCISCO","Romero González, Francisco",,F MOLINS,2015-16,False,False,2015-16: F MOLINS
romero-romero-pedro,"ROMERO ROMERO, PEDRO","Romero Romero, Pedro",1463,ESPLUGUES L'AVENC,2026-27,False,False,2017-18: UNIO CORAL; 2018-19: UNIO CORAL; 2019-20: UNIO CORAL; 2021-22: B UNIO CORAL; 2022-23: B LA UNIO CORAL; 2023-24: B LA UNIO CORAL; 2024-25: ESPLUGUES AVENC; 2025-26: ESPLUGUES AVENC; 2026-27: ESPLUGUES L'AVENC
romeu-barbany-josep,"ROMEU BARBANY, JOSEP","Romeu Barbany, Josep",,,,False,False,
ropero-vilaro-adria,"ROPERO VILARÓ, ADRIÀ","Ropero Vilaró, Adrià",1966,LLEIDA,2026-27,False,False,2019-20: LLEIDA; 2020-21: LLEIDA; 2021-22: LLEIDA; 2022-23: LLEIDA; 2023-24: LLEIDA; 2024-25: LLEIDA; 2025-26: LLEIDA; 2026-27: LLEIDA
ros-guarro-joan,"ROS GUARRO, JOAN","Ros Guarro, Joan",71,OLESA,2026-27,False,False,2014-15: 07 OLESA; 2015-16: OLESA; 2016-17: OLESA; 2017-18: OLESA; 2018-19: OLESA; 2019-20: OLESA; 2022-23: OLESA; 2023-24: OLESA; 2024-25: OLESA; 2025-26: OLESA; 2026-27: OLESA
roses-guitart-antoni,"ROSES GUITART, ANTONI","Roses Guitart, Antoni",41,SANTS,2026-27,False,False,2014-15: 04 SANTS; 2015-16: SANTS; 2016-17: SANTS; 2017-18: SANTS; 2018-19: SANTS; 2019-20: SANTS; 2020-21: SANTS; 2021-22: SANTS; 2022-23: SANTS; 2023-24: SANTS; 2024-25: SANTS; 2025-26: SANTS; 2026-27: SANTS
roset-ramos-jorge,"ROSET RAMOS, JORGE","Roset Ramos, Jorge",,GEIEG,2022-23,False,False,2021-22: GEIEG; 2022-23: GEIEG
rossello-rodriguez-jaume,"ROSSELLÓ RODRIGUEZ, JAUME","Rosselló Rodriguez, Jaume",490,LA GRAN PENYA,2026-27,False,False,2014-15: LA GRAN PENYA; 2015-16: LA GRAN PENYA; 2016-17: LA GRAN PENYA; 2017-18: LA GRAN PENYA; 2018-19: LA GRAN PENYA; 2019-20: LA GRAN PENYA; 2021-22: VILANOVA; 2022-23: VILANOVA; 2023-24: VILANOVA; 2024-25: LA GRAN PENYA; 2025-26: LA GRAN PENYA; 2026-27: LA GRAN PENYA
rotllant-xiberta-lluis,"ROTLLANT XIBERTA, LLUIS","Rotllant Xiberta, Lluis",,GRANOLLERS,2014-15,False,False,2014-15: GRANOLLERS
rovira-cabedo-jordi,"ROVIRA CABEDO, JORDI","Rovira Cabedo, Jordi",2393,MATADEPERA,2026-27,False,False,2026-27: MATADEPERA
roviralta-botifoll-joan,"ROVIRALTA BOTIFOLL, JOAN","Roviralta Botifoll, Joan",,,,False,False,
rubio-benet-jose-tomas,"RUBIO BENET, JOSÉ TOMÁS","Rubio Benet, José Tomás",,BARCELONA,2018-19,False,False,2014-15: 06 BARCELONA; 2015-16: BARCELONA; 2016-17: BARCELONA; 2017-18: BARCELONA; 2018-19: BARCELONA
rubio-moya-antonio,"RUBIO MOYA, ANTONIO","Rubio Moya, Antonio",,GRANOLLERS,2018-19,False,False,2016-17: GRANOLLERS; 2017-18: GRANOLLERS; 2018-19: GRANOLLERS
rubio-sirvent-josep,"RUBIÓ SIRVENT, JOSEP","Rubió Sirvent, Josep",2511,BORGES,2026-27,False,False,2024-25: BORGES; 2025-26: BORGES; 2026-27: BORGES
ruiz-aguilera-francesc,"RUIZ AGUILERA, FRANCESC","Ruiz Aguilera, Francesc",,OLESA,2015-16,False,False,2014-15: 07 OLESA; 2015-16: OLESA
ruiz-gallego-evilasi,"RUIZ GALLEGO, EVILASI","Ruiz Gallego, Evilasi",,GEIEG,2021-22,False,False,2021-22: GEIEG
ruiz-lara-jose,"RUIZ LARA, JOSÉ","Ruiz Lara, José",2540,EL MASNOU,2026-27,False,False,2025-26: B EL MASNOU; 2026-27: EL MASNOU
ruiz-lopez-juan,"RUIZ LÓPEZ, JUAN","Ruiz López, Juan",1232,F MOLINS,2026-27,False,False,2015-16: OLESA; 2023-24: F MOLINS; 2024-25: FOMENT MOLINS; 2025-26: FOMENT MOLINS; 2026-27: F MOLINS
ruiz-mina-angel-david,"RUIZ MINA, ÁNGEL DAVID","Ruiz Mina, Ángel David",2635,VIC,2026-27,False,False,2026-27: VIC
ruiz-navarro-sergio,"RUIZ NAVARRO, SERGIO","Ruiz Navarro, Sergio",1298,GRANOLLERS,2026-27,False,False,2016-17: MOLLET; 2017-18: MOLLET; 2018-19: MOLLET; 2020-21: GRANOLLERS; 2026-27: GRANOLLERS
ruiz-rodriguez-alfons,"RUIZ RODRÍGUEZ, ALFONS","Ruiz Rodríguez, Alfons",495,2000 CERDANYOLA,2026-27,False,False,2014-15: 2000 CERDANYOLA; 2015-16: 2000 CERDANYOLA; 2016-17: CERDANYOLA; 2017-18: CERDANYOLA; 2018-19: CERDANYOLA; 2019-20: CERDANYOLA; 2021-22: 2000 CERDANYOLA; 2022-23: CERDANYOLA; 2023-24: 2000 CERDANYOLA AMISTAT; 2024-25: 2000 CERDANYOLA; 2025-26: 2000 CERDANYOLA; 2026-27: 2000 CERDANYOLA
ruiz-valverde-rodolfo-j,"RUIZ VALVERDE, RODOLFO J.","Ruiz Valverde, Rodolfo J.",,LA GRAN PENYA,2021-22,False,False,2017-18: LA GRAN PENYA; 2018-19: LA GRAN PENYA; 2019-20: LA GRAN PENYA; 2021-22: LA GRAN PENYA
ruiz-velez-martin,"RUIZ VÉLEZ, MARTÍN","Ruiz Vélez, Martín",496,LA UNIO CORAL,2026-27,False,False,2014-15: 06 LA UNIO CORAL; 2015-16: LA UNIO CORAL; 2016-17: UNIO CORAL; 2017-18: UNIO CORAL; 2018-19: UNIO CORAL; 2019-20: UNIO CORAL; 2026-27: LA UNIO CORAL
ruiz-velez-ramon,"RUIZ VÉLEZ, RAMÓN","Ruiz Vélez, Ramón",,GRANOLLERS,2018-19,False,False,2014-15: 06 GRANOLLERS; 2015-16: GRANOLLERS; 2016-17: GRANOLLERS; 2017-18: GRANOLLERS; 2018-19: GRANOLLERS
rus-martinez-antonio,"RUS MARTÍNEZ, ANTONIO","Rus Martínez, Antonio",2587,F MOLINS,2026-27,False,False,2026-27: F MOLINS
saavedra-ruiz-victor-estainer,"SAAVEDRA RUIZ, VICTOR ESTAINER","Saavedra Ruiz, Victor Estainer",2759,GEIEG,2026-27,False,False,2026-27: GEIEG
sabate-ferrando-marti-jordi,"SABATÉ FERRANDO, MARTÍ JORDI","Sabaté Ferrando, Martí Jordi",,MONT ROIG,2019-20,False,False,2017-18: MONT ROIG; 2019-20: MONT ROIG
sabate-lafuente-josep,"SABATÉ LAFUENTE, JOSEP","Sabaté Lafuente, Josep",,,,False,False,
sabio-monfort-daniel,"SABIO MONFORT, DANIEL","Sabio Monfort, Daniel",44,2000 CERDANYOLA,2026-27,False,False,2014-15: ALBA; 2015-16: 2000 CERDANYOLA; 2016-17: CERDANYOLA; 2017-18: CERDANYOLA; 2018-19: CERDANYOLA; 2019-20: CERDANYOLA; 2021-22: CERDANYOLA; 2022-23: 2000 CERDANYOLA; 2023-24: 2000 CERDANYOLA; 2024-25: 2000 CERDANYOLA; 2025-26: 2000 CERDANYOLA; 2026-27: 2000 CERDANYOLA
sacrest-roca-carles,"SACREST ROCA, CARLES","Sacrest Roca, Carles",497,GEIEG,2026-27,False,False,2014-15: 06 BANYOLES; 2018-19: GEIEG; 2019-20: GEIEG; 2021-22: GEIEG; 2022-23: GEIEG; 2023-24: GEIEG; 2024-25: GEIEG; 2025-26: GEIEG; 2026-27: GEIEG
saez-rodriguez-jose-manuel,"SAEZ RODRIGUEZ, JOSÉ MANUEL","Saez Rodriguez, José Manuel",2467,SANT BOI,2026-27,False,False,2024-25: SANT BOI; 2025-26: SANT BOI; 2026-27: SANT BOI
saez-romero-antonio,"SÁEZ ROMERO, ANTONIO","Sáez Romero, Antonio",498,MANRESA,2026-27,False,False,2014-15: 07 MANRESA; 2015-16: MANRESA; 2016-17: MANRESA; 2017-18: MANRESA; 2018-19: MANRESA; 2019-20: MANRESA; 2020-21: MANRESA; 2021-22: MANRESA; 2022-23: MANRESA; 2023-24: MANRESA; 2024-25: MANRESA; 2025-26: MANRESA; 2026-27: MANRESA
sala-camps-ramon,"SALA CAMPS, RAMÓN","Sala Camps, Ramón",2075,SANT ADRIA,2026-27,False,False,2021-22: SANT ADRIA; 2022-23: SANT ADRIA; 2023-24: SANT ADRIA; 2024-25: SANT ADRIA; 2025-26: SANT ADRIA; 2026-27: SANT ADRIA
sala-rabaseda-manel,"SALA RABASEDA, MANEL","Sala Rabaseda, Manel",,MATADEPERA,2016-17,False,False,2014-15: 03 MATADEPERA; 2016-17: MATADEPERA
salazar-hernandez-rafael,"SALAZAR HERNÁNDEZ, RAFAEL","Salazar Hernández, Rafael",500,MATARO,2026-27,False,False,2014-15: 07 MATARO; 2015-16: MATARO; 2016-17: MATARO; 2017-18: MATARO; 2018-19: MATARO; 2019-20: MATARO; 2020-21: MATARO; 2021-22: MATARO; 2022-23: MATARO; 2023-24: MATARO; 2024-25: MATARO; 2025-26: MATARO; 2026-27: MATARO
salazar-prada-juan-carlos,"SALAZAR PRADA, JUAN CARLOS","Salazar Prada, Juan Carlos",2011,2000 CERDANYOLA,2026-27,False,False,2023-24: 2000 CERDANYOLA; 2024-25: 2000 CERDANYOLA; 2025-26: 2000 CERDANYOLA; 2026-27: 2000 CERDANYOLA
sales-navalon-amadeo,"SALES NAVALÓN, AMADEO","Sales Navalón, Amadeo",,LA COLMENA,2019-20,False,False,2014-15: 05 LA COLMENA; 2015-16: LA COLMENA; 2016-17: LA COLMENA; 2017-18: LA COLMENA; 2018-19: LA COLMENA; 2019-20: LA COLMENA
salgas-castano-monica,"SALGAS CASTAÑO, MÓNICA","Salgas Castaño, Mónica",2414,BANYOLES,2026-27,False,False,2023-24: BANYOLES; 2024-25: BANYOLES; 2025-26: BANYOLES; 2026-27: BANYOLES
salmeron-martinez-miquel,"SALMERÓN MARTÍNEZ, MIQUEL","Salmerón Martínez, Miquel",,LLEIDA,2022-23,False,False,2019-20: LLEIDA; 2020-21: LLEIDA; 2021-22: LLEIDA; 2022-23: LLEIDA
salvany-rene-jose-maria,"SALVANY REÑE, JOSÉ MARÍA","Salvany Reñe, José María",1532,BORGES,2026-27,False,False,2017-18: INDEPENDENT; 2018-19: INDEPENDENT; 2019-20: LLEIDA; 2020-21: LLEIDA; 2021-22: LLEIDA; 2022-23: LLEIDA; 2023-24: LLEIDA; 2024-25: BORGES; 2025-26: BORGES; 2026-27: BORGES
salvatierra-camino-abelard,"SALVATIERRA CAMINO, ABELARD","Salvatierra Camino, Abelard",,LA GRAN PENYA,2022-23,False,False,2013-14: LA GRAN PENYA; 2014-15: 03 LA GRAN PENYA; 2015-16: LA GRAN PENYA; 2016-17: LA GRAN PENYA; 2017-18: LA GRAN PENYA; 2018-19: LA GRAN PENYA; 2019-20: LA GRAN PENYA; 2021-22: LA GRAN PENYA; 2022-23: LA GRAN PENYA
sanchez-alarcon-jose,"SÁNCHEZ ALARCÓN, JOSÉ","Sánchez Alarcón, José",,UNIO CORAL,2018-19,False,False,2014-15: 06 LA UNIO CORAL; 2015-16: LA UNIO CORAL; 2016-17: UNIO CORAL; 2017-18: UNIO CORAL; 2018-19: UNIO CORAL
sanchez-barrera-jorge-a,"SÁNCHEZ BARRERA, JORGE A.","Sánchez Barrera, Jorge A.",503,PRAT,2026-27,False,False,2014-15: 01 SANT BOI; 2015-16: SANT BOI; 2016-17: EL PRAT; 2017-18: EL PRAT; 2018-19: PRAT; 2019-20: EL PRAT; 2020-21: PRAT; 2021-22: PRAT; 2022-23: PRAT; 2023-24: PRAT; 2024-25: PRAT; 2025-26: PRAT; 2026-27: PRAT
sanchez-barrera-miguel,"SÁNCHEZ BARRERA, MIGUEL","Sánchez Barrera, Miguel",504,F MOLINS,2026-27,False,False,2014-15: 01 SANT BOI; 2015-16: SANT BOI; 2016-17: EL PRAT; 2017-18: EL PRAT; 2018-19: PRAT; 2019-20: EL PRAT; 2020-21: PRAT; 2021-22: PRAT; 2022-23: PRAT; 2023-24: SBF MOLINS; 2024-25: FOMENT MOLINS; 2025-26: FOMENT MOLINS; 2026-27: F MOLINS
sanchez-cejudo-raimundo,"SÁNCHEZ CEJUDO, RAIMUNDO","Sánchez Cejudo, Raimundo",,MONT ROIG,2018-19,False,False,2016-17: MONT ROIG; 2017-18: MONT ROIG; 2018-19: MONT ROIG
sanchez-colomera-lluis,"SÁNCHEZ COLOMERA, LLUIS","Sánchez Colomera, Lluis",,SANT ADRIA,2017-18,False,False,2014-15: ALBA; 2015-16: ALBA; 2016-17: ALBA; 2017-18: SANT ADRIA
sanchez-delgado-xavier,"SÁNCHEZ DELGADO, XAVIER","Sánchez Delgado, Xavier",,LA GRAN PENYA,2021-22,False,False,2015-16: LA GRAN PENYA; 2016-17: LA GRAN PENYA; 2017-18: LA GRAN PENYA; 2018-19: LA GRAN PENYA; 2021-22: LA GRAN PENYA
sanchez-escofet-jaume,"SÁNCHEZ ESCOFET, JAUME","Sánchez Escofet, Jaume",2597,BANYOLES,2026-27,False,False,2025-26: BANYOLES; 2026-27: BANYOLES
sanchez-fernandez-bartolome,"SÁNCHEZ FERNÁNDEZ, BARTOLOMÉ","Sánchez Fernández, Bartolomé",2044,BARCELONA,2026-27,False,False,2020-21: BARCELONA; 2021-22: BARCELONA; 2022-23: BARCELONA; 2023-24: BARCELONA; 2024-25: BARCELONA; 2025-26: BARCELONA; 2026-27: BARCELONA
sanchez-gallego-joel,"SÁNCHEZ GALLEGO, JOEL","Sánchez Gallego, Joel",1278,MATARO,2026-27,False,False,2015-16: 2000 CERDANYOLA; 2019-20: CERDANYOLA; 2020-21: CERDANYOLA; 2021-22: CERDANYOLA; 2022-23: 2000 CERDANYOLA; 2023-24: F MOLINS; 2024-25: FOMENT MOLINS; 2025-26: FOMENT MOLINS; 2026-27: MATARO
sanchez-galvez-daniel,"SÁNCHEZ GÁLVEZ, DANIEL","Sánchez Gálvez, Daniel",,BARCELONA,2016-17,False,False,2014-15: CORAL COLON; 2015-16: BARCELONA; 2016-17: BARCELONA
sanchez-gil-alfonso,"SÁNCHEZ GIL, ALFONSO","Sánchez Gil, Alfonso",1419,LA GRAN PENYA,2026-27,False,False,2016-17: GRAN PENYA ZONA 1; 2017-18: LA GRAN PENYA; 2018-19: LA GRAN PENYA; 2019-20: LA GRAN PENYA; 2021-22: LA GRAN PENYA; 2022-23: LA GRAN PENYA; 2023-24: SANTS; 2024-25: SANTS; 2025-26: LA GRAN PENYA; 2026-27: LA GRAN PENYA
sanchez-lazaro-david,"SÁNCHEZ LÁZARO, DAVID","Sánchez Lázaro, David",2404,EL MASNOU,2026-27,False,False,2023-24: B EL MASNOU; 2024-25: B EL MASNOU; 2025-26: B EL MASNOU; 2026-27: EL MASNOU
sanchez-lorente-juan,"SÁNCHEZ LORENTE, JUAN","Sánchez Lorente, Juan",,TARRAGONA ZONA 1,2018-19,False,False,2014-15: 02 TARRAGONA; 2015-16: TARRAGONA; 2017-18: TARRAGONA; 2018-19: TARRAGONA ZONA 1
sanchez-mariscal-suarez-xavier,"SÁNCHEZ-MARISCAL SUÁREZ, XAVIER","Sánchez-Mariscal Suárez, Xavier",,LLEIDA,2024-25,False,False,2014-15: 10 LLEIDA; 2015-16: LLEIDA; 2016-17: LLEIDA; 2017-18: LLEIDA; 2018-19: LLEIDA; 2019-20: LLEIDA; 2020-21: LLEIDA; 2021-22: LLEIDA; 2022-23: LLEIDA; 2023-24: LLEIDA; 2024-25: LLEIDA
sanchez-martinez-pascual,"SÁNCHEZ MARTÍNEZ, PASCUAL","Sánchez Martínez, Pascual",506,SANT BOI,2026-27,False,False,2016-17: SANTS; 2017-18: SANTS; 2018-19: SANTS; 2019-20: SANTS; 2020-21: SANTS; 2021-22: SANTS; 2022-23: SANTS; 2023-24: SANTS; 2024-25: SANTS; 2025-26: SANT BOI; 2026-27: SANT BOI
sanchez-meca-ruben,"SÁNCHEZ MECA, RUBÉN","Sánchez Meca, Rubén",2531,BARCELONA,2025-26,False,False,2024-25: BARCELONA; 2025-26: BARCELONA
sanchez-narvaez-jacinto,"SÁNCHEZ NARVÁEZ, JACINTO","Sánchez Narváez, Jacinto",978,MANRESA,2026-27,False,False,2014-15: 05 MANRESA; 2015-16: MANRESA; 2023-24: MANRESA; 2024-25: MANRESA; 2025-26: MANRESA; 2026-27: MANRESA
sanchez-roso-antonio,"SÁNCHEZ ROSO, ANTONIO","Sánchez Roso, Antonio",2464,LLINARS,2026-27,False,False,2025-26: LLINARS; 2026-27: LLINARS
sanchez-soler-moises,"SÁNCHEZ SOLER, MOISÉS","Sánchez Soler, Moisés",2458,LLICA D'AMUNT,2026-27,False,False,2023-24: LLICA D'AMUNT; 2026-27: LLICA D'AMUNT
sanchez-soro-daniel,"SÁNCHEZ SORO, DANIEL","Sánchez Soro, Daniel",,,,False,False,
sanchez-torralba-eugenio,"SÁNCHEZ TORRALBA, EUGENIO","Sánchez Torralba, Eugenio",508,MATARO,2025-26,False,False,2014-15: LLINARS; 2015-16: LLINARS; 2016-17: MATARO; 2017-18: LLINARS; 2018-19: MATARO; 2019-20: LLINARS; 2020-21: MATARO; 2021-22: MATARO; 2022-23: MATARO; 2023-24: MATARO; 2024-25: MATARO; 2025-26: MATARO
sanchez-trigueros-carles,"SÁNCHEZ TRIGUEROS, CARLES","Sánchez Trigueros, Carles",21,LA UNIO CORAL,2026-27,False,True,2014-15: MONFORTE; 2015-16: MONFORTE; 2016-17: SANTS; 2017-18: SANTS; 2019-20: SANTS; 2020-21: SANTS; 2021-22: BARCELONA; 2022-23: SANTS; 2023-24: SANTS; 2024-25: SANTS; 2025-26: SANTS; 2026-27: LA UNIO CORAL
sanchez-trigueros-jaime,"SÁNCHEZ TRIGUEROS, JAIME","Sánchez Trigueros, Jaime",2146,MONFORTE,2026-27,True,True,2021-22: MONFORTE; 2022-23: MONFORTE; 2023-24: MONFORTE; 2024-25: MONFORTE; 2025-26: MONFORTE; 2026-27: MONFORTE
sane-vilaregut-joaquim,"SAÑÉ VILAREGUT, JOAQUIM","Sañé Vilaregut, Joaquim",,CENTELLES,2023-24,False,False,2019-20: CENTELLES; 2021-22: CENTELLES; 2022-23: CENTELLES; 2023-24: CENTELLES
sanglas-puig-salvi,"SANGLÁS PUIG, SALVI","Sanglás Puig, Salvi",1273,BANYOLES,2024-25,False,False,2015-16: BANYOLES; 2016-17: BANYOLES; 2017-18: BANYOLES; 2018-19: BANYOLES; 2019-20: BANYOLES; 2021-22: BANYOLES; 2022-23: BANYOLES; 2023-24: BANYOLES; 2024-25: BANYOLES
sanmartin-egea-joan,"SANMARTÍN EGEA, JOAN","Sanmartín Egea, Joan",,,,False,False,
sanmartin-roca-juan-bautista,"SANMARTÍN ROCA, JUAN BAUTISTA","Sanmartín Roca, Juan Bautista",,,,False,False,
sans-lafarga-santiago,"SANS LAFARGA, SANTIAGO","Sans Lafarga, Santiago",985,PREMIA,2026-27,False,False,2014-15: 03 MATARO; 2015-16: MATARO; 2016-17: MATARO; 2019-20: PREMIA; 2022-23: PREMIA; 2026-27: PREMIA
santamaria-barbara-jordi,"SANTAMARÍA BARBARÁ, JORDI","Santamaría Barbará, Jordi",986,ALBA,2026-27,False,False,2014-15: 04 ALBA; 2015-16: ALBA; 2016-17: ALBA; 2024-25: ALBA; 2025-26: ALBA; 2026-27: ALBA
santamaria-corbalan-miquel,"SANTAMARÍA CORBALÁN, MIQUEL","Santamaría Corbalán, Miquel",,,,False,False,
santesmasses-benet-francesc-x,"SANTESMASSES BENET, FRANCESC X.","Santesmasses Benet, Francesc X.",510,CASAL CERVERA,2026-27,False,False,2014-15: CASAL CERVERA; 2015-16: CASAL CERVERA; 2016-17: CASAL CERVERA; 2017-18: CERVERA; 2021-22: CASAL CERVERA; 2022-23: CASAL CERVERA; 2023-24: CASAL CERVERA; 2024-25: CASAL DE CERVERA; 2025-26: CASAL DE CERVERA; 2026-27: CASAL CERVERA
santiago-flores-juan-jose,"SANTIAGO FLORES, JUAN JOSÉ","Santiago Flores, Juan José",,MONFORTE,2019-20,False,True,2016-17: MONFORTE; 2017-18: MONFORTE; 2018-19: MONFORTE; 2019-20: MONFORTE
santiago-romero-juan,"SANTIAGO ROMERO, JUAN","Santiago Romero, Juan",1981,SANT BOI,2026-27,False,False,2021-22: SANT BOI; 2022-23: SANT BOI; 2023-24: SANT BOI; 2024-25: SANT BOI; 2025-26: SANT BOI; 2026-27: SANT BOI
santiago-torres-rafael,"SANTIAGO TORRES, RAFAEL","Santiago Torres, Rafael",,,,False,False,
santigosa-gasset-delfi,"SANTIGOSA GASSET, DELFÍ","Santigosa Gasset, Delfí",511,F MOLINS,2026-27,False,False,2014-15: 01 FOMENT MOLINS; 2015-16: FOMENT MOLINS; 2016-17: FOMENT MOLINS; 2017-18: MOLINS; 2018-19: MOLINS; 2019-20: MOLINS; 2020-21: MOLINS; 2021-22: FOMENT MOLINS; 2022-23: MOLINS; 2023-24: SBF MOLINS; 2024-25: FOMENT MOLINS; 2025-26: FOMENT MOLINS; 2026-27: F MOLINS
santolaria-pena-manel,"SANTOLARIA PEÑA, MANEL","Santolaria Peña, Manel",2534,SANTS,2024-25,False,False,2024-25: SANTS
sanz-gracia-ramon,"SÁNZ GRACIA, RAMÓN","Sánz Gracia, Ramón",,SANT ADRIA,2022-23,False,False,2015-16: EL CASINET MASNOU; 2016-17: MATARO; 2017-18: MATARO; 2018-19: MATARO; 2019-20: MATARO; 2021-22: SANT ADRIA; 2022-23: SANT ADRIA
sanz-sanjuan-pedro,"SÁNZ SANJUÁN, PEDRO","Sánz Sanjuán, Pedro",,,,False,False,
saques-granache-joan,"SAQUES GRANACHE, JOAN","Saques Granache, Joan",,CANET,2020-21,False,False,2018-19: VIC; 2019-20: CASINO OLOTI; 2020-21: CANET
sarrate-poch-pere,"SARRATE POCH, PERE","Sarrate Poch, Pere",1462,2000 CERDANYOLA,2026-27,False,False,2017-18: MOLINS; 2018-19: MOLINS; 2019-20: MOLINS; 2020-21: MOLINS; 2021-22: CERDANYOLA; 2022-23: 2000 CERDANYOLA; 2023-24: 2000 CERDANYOLA; 2024-25: 2000 CERDANYOLA; 2025-26: 2000 CERDANYOLA; 2026-27: 2000 CERDANYOLA
sauri-rabat-joan,"SAURÍ RABAT, JOAN","Saurí Rabat, Joan",1460,MATARO,2026-27,False,False,2017-18: MATARO; 2018-19: LLINARS; 2019-20: LLINARS; 2020-21: MATARO; 2021-22: MATARO; 2022-23: MATARO; 2023-24: MATARO; 2024-25: MATARO; 2025-26: MATARO; 2026-27: MATARO
sayeras-guiteras-josep-ma,"SAYERAS GUITERAS, JOSEP Mª","Sayeras Guiteras, Josep Mª",993,MOLLET,2026-27,False,False,2014-15: 05 MONTMELO; 2015-16: MOLLET; 2016-17: MOLLET; 2017-18: MOLLET; 2018-19: MOLLET; 2019-20: MOLLET; 2020-21: MOLLET; 2021-22: MOLLET; 2022-23: MOLLET; 2023-24: MOLLET; 2024-25: MOLLET; 2026-27: MOLLET
sbert-minana-xavier,"SBERT MIÑANA, XAVIER","Sbert Miñana, Xavier",2420,SANTS,2026-27,False,False,2026-27: SANTS
segarra-ferrer-albert,"SEGARRA FERRER, ALBERT","Segarra Ferrer, Albert",2778,MATARO,2026-27,False,False,2026-27: MATARO
segarra-sole-albert,"SEGARRA SOLÉ, ALBERT","Segarra Solé, Albert",515,MATARO,2026-27,False,False,2014-15: 02 SANTS; 2015-16: SANTS; 2016-17: MONTMELO; 2017-18: MOLINS; 2018-19: MOLINS; 2019-20: MOLINS; 2020-21: MOLINS; 2021-22: FOMENT MOLINS; 2022-23: MATARO; 2023-24: MATARO; 2024-25: MATARO; 2025-26: MATARO; 2026-27: MATARO
segui-barragan-francesc-j,"SEGUI BARRAGÁN, FRANCESC J.","Segui Barragán, Francesc J.",,BARCELONA,2024-25,False,False,2023-24: CAP; 2024-25: BARCELONA
segui-guasch-ernest,"SEGUÍ GUASCH, ERNEST","Seguí Guasch, Ernest",2658,BLANES,2026-27,False,False,2025-26: BLANES; 2026-27: BLANES
segundo-sallant-martin,"SEGUNDO SALLANT, MARTÍN","Segundo Sallant, Martín",,B LA UNIO CORAL,2022-23,False,False,2022-23: B LA UNIO CORAL
segura-corrales-albert,"SEGURA CORRALES, ALBERT","Segura Corrales, Albert",1924,VILANOVA,2026-27,False,False,2018-19: VILANOVA; 2019-20: VILANOVA I LA GELTRU; 2021-22: VILANOVA; 2022-23: VILANOVA; 2023-24: VILANOVA; 2024-25: VILANOVA; 2025-26: VILANOVA; 2026-27: VILANOVA
segura-gonzalvez-fernando,"SEGURA GONZÁLVEZ, FERNANDO","Segura Gonzálvez, Fernando",995,MONFORTE,2026-27,True,True,2014-15: MONFORTE; 2015-16: MONFORTE; 2016-17: MONFORTE; 2017-18: MONFORTE; 2018-19: MONFORTE; 2019-20: MONFORTE; 2020-21: MONFORTE; 2021-22: MONFORTE; 2022-23: MONFORTE; 2023-24: MONFORTE; 2024-25: MONFORTE; 2025-26: MONFORTE; 2026-27: MONFORTE
segura-lopez-felix,"SEGURA LÓPEZ, FÉLIX","Segura López, Félix",,MONTMELO,2017-18,False,False,2014-15: MONTMELO; 2015-16: MONTMELO; 2016-17: MONTMELO; 2017-18: MONTMELO
segura-mondria-francesc-xavier,"SEGURA MONDRIÁ, FRANCESC XAVIER","Segura Mondriá, Francesc Xavier",517,MONFORTE,2026-27,True,True,2016-17: MONFORTE; 2017-18: MONFORTE; 2018-19: ALBA; 2019-20: ALBA; 2020-21: MONFORTE; 2021-22: MONFORTE; 2022-23: MONFORTE; 2023-24: MONFORTE; 2024-25: MONFORTE; 2025-26: MONFORTE; 2026-27: MONFORTE
sellares-burgues-jaime,"SELLARÉS BURGUÉS, JAIME","Sellarés Burgués, Jaime",1830,GEIEG,2026-27,False,False,2019-20: GEIEG; 2020-21: GEIGEG; 2021-22: GEIEG; 2022-23: GEIEG; 2023-24: GEIEG; 2024-25: GEIEG; 2025-26: GEIEG; 2026-27: GEIEG
sendra-gabarro-antoni,"SENDRA GABARRÓ, ANTONI","Sendra Gabarró, Antoni",519,CASAL CERVERA,2026-27,False,False,2014-15: CASAL CERVERA; 2015-16: CASAL CERVERA; 2016-17: CERVERA; 2017-18: CERVERA; 2018-19: CERVERA; 2019-20: CERVERA; 2021-22: CERVERA; 2022-23: CASAL DE CERVERA; 2023-24: CASAL DE CERVERA; 2024-25: CASAL DE CERVERA; 2025-26: CASAL DE CERVERA; 2026-27: CASAL CERVERA
sense-assignar,Sense assignar,Sense Assignar,,BARCELONA,2025-26,False,False,2017-18: CERDANYOLA; 2024-25: LLEIDA; 2025-26: BARCELONA
sepulveda-palacio-rene-a,"SEPÚLVEDA PALACIO, RENÉ A.","Sepúlveda Palacio, René A.",,LA GRAN PENYA,2018-19,False,False,2018-19: LA GRAN PENYA
serarols-montes-josep,"SERAROLS MONTES, JOSEP","Serarols Montes, Josep",520,CASAL CERVERA,2026-27,False,False,2014-15: 03 CASAL DE CERVERA; 2015-16: CASAL CERVERA; 2016-17: CASAL CERVERA; 2017-18: CERVERA; 2018-19: CERVERA; 2019-20: CERVERA; 2021-22: CERVERA; 2022-23: CASAL CERVERA; 2023-24: CASAL CERVERA; 2024-25: CASAL DE CERVERA; 2025-26: CASAL CERVERA; 2026-27: CASAL CERVERA
serra-gonzalez-alex,"SERRA GONZÁLEZ, ALEX","Serra González, Alex",,LLEIDA,2018-19,False,False,2018-19: LLEIDA
serra-guillen-domingo,"SERRA GUILLÉN, DOMINGO","Serra Guillén, Domingo",,,,False,False,
serra-llensa-sebastia,"SERRA LLENSA, SEBASTIA","Serra Llensa, Sebastia",,06 BANYOLES,2014-15,False,False,2014-15: 06 BANYOLES
serra-miralles-josep,"SERRA MIRALLES, JOSEP","Serra Miralles, Josep",,,,False,False,
serramitjana-juan-marta,"SERRAMITJANA JUAN, MARTA","Serramitjana Juan, Marta",1000,MATARO,2026-27,False,False,2014-15: BARCELONA; 2015-16: BARCELONA; 2016-17: BARCELONA; 2017-18: BARCELONA; 2026-27: MATARO
serrano-chamorro-jose,"SERRANO CHAMORRO, JOSÉ","Serrano Chamorro, José",523,CARDONA,2026-27,False,False,2014-15: 05 MANRESA; 2015-16: MANRESA; 2021-22: CARDONA; 2022-23: CARDONA; 2023-24: CARDONA; 2024-25: CARDONA; 2025-26: CARDONA; 2026-27: CARDONA
serrano-duenas-david,"SERRANO DUEÑAS, DAVID","Serrano Dueñas, David",524,MANRESA,2026-27,False,False,2026-27: MANRESA
serrano-fernandez-jordi,"SERRANO FERNÁNDEZ, JORDI","Serrano Fernández, Jordi",1940,CASAL CERVERA,2026-27,False,False,2018-19: CERVERA; 2019-20: CERVERA; 2021-22: CERVERA; 2022-23: CASAL CERVERA; 2023-24: CASAL CERVERA; 2024-25: CASAL DE CERVERA; 2025-26: CASAL CERVERA; 2026-27: CASAL CERVERA
serrats-angrill-aleix,"SERRATS ANGRILL, ALEIX","Serrats Angrill, Aleix",49,SANT FELIU,2026-27,False,False,2014-15: 06 SANT FELIU; 2015-16: SANT FELIU DE CODINES; 2016-17: SANT FELIU; 2017-18: SANT FELIU DE CODINES; 2018-19: SANT FELIU; 2019-20: SANT FELIU; 2020-21: LLICA; 2021-22: SANT FELIU; 2025-26: SANT FELIU DE CODINES; 2026-27: SANT FELIU
sese-sabartes-frederic,"SESÉ SABARTÉS, FREDERIC","Sesé Sabartés, Frederic",2571,2000 CERDANYOLA,2026-27,False,False,2024-25: 2000 CERDANYOLA; 2025-26: 2000 CERDANYOLA; 2026-27: 2000 CERDANYOLA
silva-gaviria-oscar-alonso,"SILVA GAVIRÍA, ÓSCAR ALONSO","Silva Gaviría, Óscar Alonso",2661,BLANES,2026-27,False,False,2025-26: BLANES; 2026-27: BLANES
sistane-planella-jaume,"SISTANÉ PLANELLA, JAUME","Sistané Planella, Jaume",2650,VILANOVA,2026-27,False,False,2025-26: VILANOVA; 2026-27: VILANOVA
sobrevals-agullo-jaume,"SOBREVALS AGULLÓ, JAUME","Sobrevals Agulló, Jaume",,MOLLERUSSA,2015-16,False,False,2015-16: MOLLERUSSA
socias-mestres-albert,"SOCIAS MESTRES, ALBERT","Socias Mestres, Albert",2757,LA GRAN PENYA,2026-27,False,False,2026-27: LA GRAN PENYA
sogues-beltran-carlos,"SOGUÉS BELTRÁN, CARLOS","Sogués Beltrán, Carlos",1452,SANT ADRIA,2026-27,False,False,2017-18: SANT ADRIA; 2018-19: SANT ADRIA; 2019-20: SANT ADRIA; 2020-21: SANT ADRIA; 2021-22: SANT ADRIA; 2022-23: SANT ADRIA; 2023-24: SANT ADRIA; 2024-25: SANT ADRIA; 2025-26: SANT ADRIA; 2026-27: SANT ADRIA
solanas-pi-lamberto,"SOLANAS PI, LAMBERTO","Solanas Pi, Lamberto",,,,False,False,
solanes-monjonell-josep-ma,"SOLANES MONJONELL, JOSEP Mª","Solanes Monjonell, Josep Mª",,CERDANYOLA,2021-22,False,False,2018-19: CERDANYOLA; 2019-20: CERDANYOLA; 2020-21: CERDANYOLA; 2021-22: CERDANYOLA
solar-molina-sergio,"SOLAR MOLINA, SERGIO","Solar Molina, Sergio",,SANTS C AMISTAT,2021-22,False,False,2021-22: SANTS C AMISTAT
sole-marsinach-josep-maria,"SOLÉ MARSIÑACH, JOSEP MARIA","Solé Marsiñach, Josep Maria",1002,LLINARS,2026-27,False,False,2014-15: 03 PREMIA; 2015-16: EL MASNOU; 2016-17: PREMIA; 2017-18: PREMIA; 2018-19: PREMIA; 2019-20: PREMIA; 2020-21: MATARO; 2021-22: MATARO; 2022-23: MATARO; 2023-24: LLINARS; 2024-25: LLINARS; 2025-26: LLINARS; 2026-27: LLINARS
sole-ruestes-robert,"SOLÉ RUESTES, ROBERT","Solé Ruestes, Robert",2186,BORGES,2026-27,False,False,2021-22: AMISTAT MOLLERUSSA; 2022-23: MOLLERUSA; 2025-26: BORGES; 2026-27: BORGES
soler-arbussa-jordi,"SOLER ARBUSSA, JORDI","Soler Arbussa, Jordi",2834,BANYOLES,2026-27,False,False,2026-27: BANYOLES
soler-rius-eduard,"SOLER RIUS, EDUARD","Soler Rius, Eduard",,CENTELLES,2024-25,False,False,2014-15: CENTELLES; 2015-16: CENTELLES; 2016-17: CENTELLES; 2017-18: CENTELLES; 2018-19: CENTELLES; 2019-20: CENTELLES; 2021-22: CENTELLES; 2022-23: CENTELLES; 2024-25: CENTELLES
solsona-matali-robert,"SOLSONA MATALI, ROBERT","Solsona Matali, Robert",,,,False,False,
soria-nunez-francisco,"SORIA NUÑEZ, FRANCISCO","Soria Nuñez, Francisco",1645,TARRAGONA,2022-23,False,False,2022-23: TARRAGONA
soriano-hernandez-juan-jose,"SORIANO HERNÁNDEZ, JUAN JOSÉ","Soriano Hernández, Juan José",2238,MANRESA,2024-25,False,False,2022-23: MANRESA; 2023-24: MANRESA; 2024-25: MANRESA
soto-diaz-felix-esteve,"SOTO DÍAZ, FÉLIX ESTEVE","Soto Díaz, Félix Esteve",534,TARRAGONA,2026-27,False,False,2025-26: TARRAGONA; 2026-27: TARRAGONA
soto-oliver-lluis,"SOTO OLIVER, LLUÍS","Soto Oliver, Lluís",535,2000 CERDANYOLA,2026-27,False,False,2014-15: LA COLMENA; 2018-19: LA COLMENA; 2024-25: 2000 CERDANYOLA; 2025-26: 2000 CERDANYOLA; 2026-27: 2000 CERDANYOLA
soto-segura-rafael,"SOTO SEGURA, RAFAEL","Soto Segura, Rafael",,F MOLINS,2019-20,False,False,2014-15: 04 FOMENT MOLINS; 2015-16: FOMENT MOLINS; 2016-17: CAP; 2019-20: F MOLINS
sotomayor-plata-manuel,"SOTOMAYOR PLATA, MANUEL","Sotomayor Plata, Manuel",537,SANT ADRIA,2026-27,False,False,2014-15: 05 SANT ADRIA; 2015-16: SANT ADRIA; 2016-17: SANT ADRIA; 2017-18: SANT ADRIA; 2018-19: SANT ADRIA; 2019-20: SANT ADRIA; 2022-23: SANT ADRIA; 2023-24: SANT ADRIA; 2024-25: SANT ADRIA; 2025-26: SANT ADRIA; 2026-27: SANT ADRIA
spinelli-miguel-angel,"SPINELLI, MIGUEL ANGEL","Spinelli, Miguel Angel",1999,CENTELLES,2026-27,False,False,2020-21: PRAT; 2021-22: PRAT; 2022-23: PRAT; 2023-24: CENTELLES; 2024-25: CENTELLES; 2025-26: CENTELLES; 2026-27: CENTELLES
stefan-florinel,"STEFAN, FLORINEL","Stefan, Florinel",,SANT ADRIA,2017-18,False,False,2017-18: SANT ADRIA
suarez-lasso-hector-fabio,"SUÁREZ LASSO, HÉCTOR FABIO","Suárez Lasso, Héctor Fabio",1217,SANT ADRIA,2026-27,False,False,2014-15: 02 SANT ADRIA; 2015-16: SANT ADRIA; 2016-17: SANT ADRIA; 2017-18: SANT ADRIA; 2018-19: SANT ADRIA; 2019-20: SANT ADRIA; 2020-21: SANT ADRIA; 2021-22: SANT ADRIA; 2022-23: SANT ADRIA; 2023-24: SANT ADRIA; 2024-25: SANT ADRIA; 2025-26: SANT ADRIA; 2026-27: SANT ADRIA
suau-puig-francesc,"SUAU PUIG, FRANCESC","Suau Puig, Francesc",2607,CASAL CERVERA,2026-27,False,False,2025-26: CASAL DE CERVERA; 2026-27: CASAL CERVERA
subirana-pintanel-joaquim,"SUBIRANA PINTANEL, JOAQUIM","Subirana Pintanel, Joaquim",,CAP,2021-22,False,True,2017-18: MONFORTE; 2018-19: MONFORTE; 2019-20: LLINARS; 2021-22: CAP
surina-serrat-pere,"SURINA SERRAT, PERE","Surina Serrat, Pere",2784,BANYOLES,2026-27,False,False,2026-27: BANYOLES
suros-sanchez-francesc,"SURÓS SÁNCHEZ, FRANCESC","Surós Sánchez, Francesc",1673,LLINARS,2026-27,False,False,2018-19: LLINARS; 2019-20: LLINARS; 2020-21: LLINARS; 2021-22: LLINARS; 2022-23: LLINARS; 2023-24: LLINARS; 2024-25: LLINARS; 2025-26: LLINARS; 2026-27: LLINARS
tapia-mordillo-antoni,"TAPIA MORDILLO, ANTONI","Tapia Mordillo, Antoni",1125,GRANOLLERS,2026-27,False,False,2023-24: GRANOLLERS; 2024-25: GRANOLLERS; 2025-26: GRANOLLERS; 2026-27: GRANOLLERS
tarrida-pla-arcadi,"TARRIDA PLA, ARCADI","Tarrida Pla, Arcadi",1882,SANTS,2022-23,False,False,2022-23: SANTS
taza-garcia-joan-carles,"TAZA GARCÍA, JOAN CARLES","Taza García, Joan Carles",1007,LLICA D'AMUNT,2026-27,False,False,2014-15: 08 LLICA D'AMUNT; 2015-16: LLICA D'AMUNT; 2016-17: LLICA D'AMUNT; 2017-18: LLICA D'AMUNT; 2021-22: LLICA D'AMUNT; 2022-23: LLICA D'AMUNT; 2023-24: LLICA D'AMUNT; 2024-25: LLICA AMUNT; 2025-26: LLICA D'AMUNT; 2026-27: LLICA D'AMUNT
teixido-gort-jordi,"TEIXIDO GORT, JORDI","Teixido Gort, Jordi",2527,MONT ROIG,2026-27,False,False,2024-25: MONT ROIG; 2025-26: MONT ROIG; 2026-27: MONT ROIG
tella-rodriguez-de-hinojosa-carolina,"TELLA RODRÍGUEZ DE HINOJOSA, CAROLINA","Tella Rodríguez De Hinojosa, Carolina",2716,SANTS,2026-27,False,False,2026-27: SANTS
tenas-pages-vicens,"TENAS PAGÉS, VICENS","Tenas Pagés, Vicens",,,,False,False,
teruel-parra-salvador,"TERUEL PARRA, SALVADOR","Teruel Parra, Salvador",,,,False,False,
tirado-gutierrez-francisco,"TIRADO GUTIERREZ, FRANCISCO","Tirado Gutierrez, Francisco",2361,MONFORTE,2026-27,True,True,2023-24: MONFORTE; 2024-25: MONFORTE; 2025-26: MONFORTE; 2026-27: MONFORTE
toledo-lopez-felipe,"TOLEDO LÓPEZ, FELIPE","Toledo López, Felipe",,OLESA,2017-18,False,False,2014-15: 07 OLESA; 2015-16: OLESA; 2016-17: OLESA; 2017-18: OLESA
tolsa-xixons-norbert,"TOLSA XIXONS, NORBERT","Tolsa Xixons, Norbert",541,LLEIDA,2026-27,False,False,2014-15: 05 L'AMISTAT MOLLERUSSA; 2015-16: L'AMISTAT MOLLERUSSA; 2016-17: L'AMISTAT MOLLERUSSA; 2017-18: L'AMISTAT; 2018-19: L'AMISTAT; 2019-20: TARRAGONA; 2020-21: CAP; 2021-22: TARRAGONA; 2022-23: TARRAGONA; 2023-24: TARRAGONA; 2024-25: LLEIDA; 2025-26: LLEIDA; 2026-27: LLEIDA
tomas-munoz-miguel,"TOMÁS MUÑOZ, MIGUEL","Tomás Muñoz, Miguel",,CARDONA,2022-23,False,False,2021-22: CARDONA; 2022-23: CARDONA
tomas-sanchez-joan-francesc,"TOMÁS SÁNCHEZ, JOAN FRANCESC","Tomás Sánchez, Joan Francesc",2726,BARCELONA,2026-27,False,False,2025-26: BARCELONA; 2026-27: BARCELONA
tormo-blanco-felix,"TORMO BLANCO, FÉLIX","Tormo Blanco, Félix",1012,LA UNIO CORAL,2026-27,False,False,2014-15: 04 FOMENT MOLINS; 2015-16: FOMENT MOLINS; 2016-17: FOMENT MOLINS; 2017-18: MOLINS; 2018-19: MOLINS; 2019-20: MOLINS; 2020-21: MOLINS; 2021-22: FOMENT MOLINS; 2022-23: MOLINS; 2023-24: SBF MOLINS; 2024-25: FOMENT MOLINS; 2025-26: FOMENT MOLINS; 2026-27: LA UNIO CORAL
tormo-calatayud-jorge,"TORMO CALATAYUD, JORGE","Tormo Calatayud, Jorge",1997,MONFORTE,2026-27,True,True,2019-20: MONFORTE; 2020-21: MONFORTE; 2021-22: MONFORTE; 2022-23: MONFORTE; 2023-24: MONFORTE; 2024-25: MONFORTE; 2025-26: MONFORTE; 2026-27: MONFORTE
toro-corrales-german,"TORO CORRALES, GERMÁN","Toro Corrales, Germán",543,PUNT D'ATAC,2026-27,False,False,2014-15: MATADEPERA; 2015-16: MATADEPERA; 2016-17: MATADEPERA; 2017-18: MATADEPERA; 2018-19: MATADEPERA; 2019-20: SANTS; 2020-21: SANTS; 2021-22: SANTS; 2022-23: SANTS; 2023-24: SANT BOI; 2024-25: PUNT ATAC; 2025-26: PUNT ATAC; 2026-27: PUNT D'ATAC
torra-mentuy-eduard,"TORRA MENTUY, EDUARD","Torra Mentuy, Eduard",1088,VILANOVA,2026-27,False,False,2019-20: VILANOVA I LA GELTRU; 2022-23: VILANOVA; 2023-24: VILANOVA; 2024-25: VILANOVA; 2025-26: VILANOVA; 2026-27: VILANOVA
torrent-cot-josep,"TORRENT COT, JOSEP","Torrent Cot, Josep",1015,ALBA,2026-27,False,False,2014-15: 04 ALBA; 2015-16: ALBA; 2016-17: ALBA; 2017-18: ALBA; 2018-19: ALBA; 2019-20: ALBA; 2020-21: ALBA; 2021-22: ALBA; 2023-24: ALBA; 2024-25: ALBA; 2025-26: ALBA; 2026-27: ALBA
torrents-casas-sergi,"TORRENTS CASAS, SERGI","Torrents Casas, Sergi",1301,LA GRAN PENYA,2026-27,False,False,2016-17: LA GRAN PENYA; 2017-18: LA GRAN PENYA; 2019-20: LA GRAN PENYA; 2021-22: LA GRAN PENYA; 2022-23: LA GRAN PENYA; 2023-24: LA GRAN PENYA; 2024-25: GRAN PENYA; 2025-26: LA GRAN PENYA; 2026-27: LA GRAN PENYA
torrents-villarroya-josep-maria,"TORRENTS VILLARROYA, JOSEP MARIA","Torrents Villarroya, Josep Maria",1178,CANET DE MAR,2026-27,False,False,2014-15: CANET DE MAR; 2015-16: CANET DE MAR; 2016-17: CANET; 2017-18: CANET; 2018-19: CANET; 2019-20: CANET; 2021-22: CANET; 2022-23: CANET AMISTAT; 2023-24: CANET; 2024-25: CANET; 2025-26: CANET; 2026-27: CANET DE MAR
torres-acero-luis-antonio,"TORRES ACERO, LUIS ANTONIO","Torres Acero, Luis Antonio",2244,VILANOVA,2024-25,False,False,2021-22: VILANOVA; 2022-23: VILANOVA; 2023-24: VILANOVA; 2024-25: VILANOVA
torres-avila-adrian,"TORRES ÁVILA, ADRIÁN","Torres Ávila, Adrián",,MATARO,2018-19,False,False,2017-18: MATARO; 2018-19: MATARO
torres-de-la-rosa-juan,"TORRES DE LA ROSA, JUAN","Torres De La Rosa, Juan",,,,False,False,
torres-ezequiel-jaume-manel,"TORRES EZEQUIEL, JAUME MANEL","Torres Ezequiel, Jaume Manel",545,LLEIDA,2026-27,False,False,2014-15: LLEIDA; 2015-16: LLEIDA; 2016-17: LLEIDA; 2017-18: LLEIDA; 2018-19: LLEIDA; 2019-20: LLEIDA; 2020-21: LLEIDA; 2021-22: LLEIDA; 2022-23: LLEIDA; 2023-24: LLEIDA; 2024-25: LLEIDA; 2025-26: LLEIDA; 2026-27: LLEIDA
torres-penas-jesus-andres,"TORRES PENAS, JESÚS ANDRÉS","Torres Penas, Jesús Andrés",1018,SANTS,2024-25,False,False,2014-15: 05 SANTS; 2015-16: SANTS; 2016-17: SANTS; 2017-18: SANTS; 2018-19: SANTS; 2019-20: SANTS; 2020-21: SANTS; 2021-22: SANTS; 2024-25: SANTS
torres-plaza-francisco,"TORRES PLAZA, FRANCISCO","Torres Plaza, Francisco",,SANT FELIU,2019-20,False,False,2014-15: SANT FELIU; 2015-16: SANT FELIU DE CODINES; 2016-17: SANT FELIU; 2017-18: SANT FELIU; 2018-19: SANT FELIU; 2019-20: SANT FELIU
torres-santamaria-rogelio,"TORRES SANTAMARÍA, ROGELIO","Torres Santamaría, Rogelio",546,SANT BOI,2026-27,False,False,2026-27: SANT BOI
torres-torres-francisco,"TORRES TORRES, FRANCISCO","Torres Torres, Francisco",2425,MATARO,2025-26,False,False,2023-24: MATARO; 2024-25: MATARO; 2025-26: MATARO
torrubia-gonzalez-jose,"TORRUBIA GONZÁLEZ, JOSÉ","Torrubia González, José",2006,CANET,2025-26,False,False,2019-20: CANET DE MAR; 2020-21: CANET; 2021-22: CANET; 2022-23: CANET; 2023-24: CANET; 2024-25: CANET; 2025-26: CANET
tremoleda-massachs-luis,"TREMOLEDA MASSACHS, LUIS","Tremoleda Massachs, Luis",2848,BLANES,2026-27,False,False,2026-27: BLANES
trilleras-cardenas-david-camilo,"TRILLERAS CÁRDENAS, DAVID CAMILO","Trilleras Cárdenas, David Camilo",2839,MONT ROIG,2026-27,False,False,2026-27: MONT ROIG
troncoso-genes-rafael-jesus,"TRONCOSO GENES, RAFAEL JESÚS","Troncoso Genes, Rafael Jesús",2783,MANRESA,2026-27,False,False,2026-27: MANRESA
trullas-vera-yuri,"TRULLÁS VERA, YURI","Trullás Vera, Yuri",547,CORAL COLON,2026-27,False,False,2014-15: CORAL COLON; 2015-16: CORAL COLON; 2016-17: CORAL COLON; 2017-18: CORAL COLON; 2018-19: CORAL COLON; 2019-20: CORAL COLON; 2020-21: CORAL COLON; 2021-22: CORAL COLON; 2023-24: CORAL COLON; 2024-25: CORAL COLON; 2025-26: CORAL COLON; 2026-27: CORAL COLON
turon-carceller-antonio,"TURÓN CARCELLER, ANTONIO","Turón Carceller, Antonio",,CANET,2019-20,False,False,2015-16: CANET DE MAR; 2016-17: CANET; 2017-18: CANET; 2018-19: CANET DE MAR; 2019-20: CANET
turro-viert-joaquim,"TURRÓ VIERT, JOAQUIM","Turró Viert, Joaquim",2514,BANYOLES,2026-27,False,False,2024-25: BANYOLES; 2025-26: BANYOLES; 2026-27: BANYOLES
turu-rosell-josep,"TURU ROSELL, JOSEP","Turu Rosell, Josep",2365,SANT FELIU,2026-27,False,False,2022-23: MONT ROIG; 2023-24: LLINARS; 2024-25: LLINARS; 2025-26: LLINARS; 2026-27: SANT FELIU
tuset-mallol-carles,"TUSET MALLOL, CARLES","Tuset Mallol, Carles",551,F MOLINS,2026-27,False,False,2014-15: FOMENT MOLINS; 2015-16: FOMENT MOLINS; 2016-17: MOLINS; 2017-18: MOLINS; 2018-19: MOLINS; 2019-20: MOLINS; 2020-21: MOLINS; 2021-22: FOMENT MOLINS; 2022-23: MOLINS; 2023-24: F MOLINS; 2024-25: FOMENT MOLINS; 2025-26: FOMENT MOLINS; 2026-27: F MOLINS
ubach-caelles-josep,"UBACH CAELLES, JOSEP","Ubach Caelles, Josep",,CERVERA,2019-20,False,False,2017-18: CERVERA; 2019-20: CERVERA
ubach-rebula-miquel,"UBACH REBULÁ, MIQUEL","Ubach Rebulá, Miquel",1022,F MOLINS,2026-27,False,False,2014-15: F MOLINS; 2015-16: F MOLINS; 2016-17: FOMENT MOLINS; 2017-18: F MOLINS; 2018-19: F MOLINS; 2023-24: F MOLINS; 2024-25: FOMENT MOLINS; 2026-27: F MOLINS
uceda-lopez-raul,"UCEDA LÓPEZ, RAÚL","Uceda López, Raúl",1293,MATARO,2026-27,False,False,2016-17: MATARO; 2017-18: MATARO; 2018-19: MATARO; 2019-20: MATARO; 2020-21: MATARO; 2021-22: MATARO; 2022-23: MATARO; 2023-24: MATARO; 2024-25: MATARO; 2025-26: MATARO; 2026-27: MATARO
urgell-boldu-antonio,"URGELL BOLDU, ANTONIO","Urgell Boldu, Antonio",2507,BORGES,2024-25,False,False,2024-25: BORGES
utrilla-suarez-juan,"UTRILLA SUÁREZ, JUAN","Utrilla Suárez, Juan",,BANYOLES,2019-20,False,False,2015-16: BANYOLES; 2016-17: BANYOLES; 2017-18: BANYOLES; 2018-19: BANYOLES; 2019-20: BANYOLES
val-aina-josep-maria,"VAL AINA, JOSEP MARIA","Val Aina, Josep Maria",555,SANT ADRIA,2026-27,False,False,2023-24: SANT ADRIA; 2024-25: SANT ADRIA; 2025-26: SANTA ADRIA; 2026-27: SANT ADRIA
valentin-german-ionel,"VALENTIN GERMAN, IONEL","Valentin German, Ionel",2328,PRAT,2026-27,False,False,2022-23: PRAT AMISTAT; 2023-24: PRAT; 2024-25: PRAT; 2025-26: PRAT; 2026-27: PRAT
valles-badia-xavier,"VALLES BADIA , XAVIER","Valles Badia , Xavier",2315,LLEIDA,2026-27,False,False,2022-23: LLEIDA; 2023-24: LLEIDA; 2024-25: LLEIDA; 2025-26: LLEIDA; 2026-27: LLEIDA
vallina-trullenque-jose-ramon,"VALLINA TRULLENQUE, JOSÉ RAMÓN","Vallina Trullenque, José Ramón",,PRAT,2018-19,False,False,2018-19: PRAT
van-asperen-hendrik,"VAN ASPEREN, HENDRIK","Van Asperen, Hendrik",,TARRAGONA,2016-17,False,False,2016-17: TARRAGONA
van-kessel-mark-stefan,"VAN KESSEL, MARK STEFAN","Van Kessel, Mark Stefan",1027,MATARO,2026-27,False,False,2014-15: 07 MATARO; 2015-16: MATARO; 2016-17: MATARO; 2017-18: MATARO; 2018-19: MATARO; 2019-20: MATARO; 2020-21: MATARO; 2021-22: GRANOLLERS; 2022-23: MATARO; 2023-24: MATARO; 2024-25: MATARO; 2025-26: MATARO; 2026-27: MATARO
vaque-camps-ramon,"VAQUÉ CAMPS, RAMÓN","Vaqué Camps, Ramón",2798,CENTELLES,2026-27,False,False,2026-27: CENTELLES
varela-losada-francesc,"VARELA LOSADA, FRANCESC","Varela Losada, Francesc",60,SANTS,2026-27,False,False,2014-15: SANTS; 2015-16: SANTS; 2016-17: SANTS; 2017-18: SANTS; 2018-19: SANTS; 2019-20: SANTS; 2020-21: SANTS; 2021-22: SANTS; 2022-23: SANTS; 2023-24: SANTS; 2024-25: SANTS; 2025-26: SANTS; 2026-27: SANTS
varela-pena-angel-m,"VARELA PEÑA, ANGEL M.","Varela Peña, Angel M.",1028,GRANOLLERS,2026-27,False,False,2014-15: 08 MONTMELO; 2015-16: MONTMELO; 2016-17: MONTMELO; 2017-18: GRANOLLERS; 2018-19: GRANOLLERS; 2019-20: GRANOLLERS; 2020-21: GRANOLLERS; 2021-22: GRANOLLERS; 2022-23: GRANOLLERS; 2023-24: GRANOLLERS; 2024-25: GRANOLLERS; 2025-26: GRANOLLERS; 2026-27: GRANOLLERS
vargas-buitrago-cesar,"VARGAS BUITRAGO, CÉSAR","Vargas Buitrago, César",,MONFORTE,2022-23,False,True,2022-23: MONFORTE
vazquez-barrero-oscar-david,"VÁZQUEZ BARRERO, ÓSCAR DAVID","Vázquez Barrero, Óscar David",2838,MONT ROIG,2026-27,False,False,2026-27: MONT ROIG
vazquez-trabado-manuel,"VÁZQUEZ TRABADO, MANUEL","Vázquez Trabado, Manuel",556,LLICA D'AMUNT,2026-27,False,False,2014-15: LLINARS; 2015-16: MOLLET; 2021-22: LLINARS; 2025-26: LLICA D AMUNT; 2026-27: LLICA D'AMUNT
vazquez-vache-joaquin,"VÁZQUEZ VACHE, JOAQUÍN","Vázquez Vache, Joaquín",2538,B EL MASNOU,2024-25,False,False,2024-25: B EL MASNOU
vega-astasio-juan-jose,"VEGA ASTASIO, JUAN JOSÉ","Vega Astasio, Juan José",2841,LA UNIO CORAL,2026-27,False,False,2026-27: LA UNIO CORAL
veiga-carrete-david,"VEIGA CARRETE, DAVID","Veiga Carrete, David",1257,SANTS,2026-27,False,False,2015-16: SANTS; 2016-17: SANTS; 2017-18: SANTS; 2018-19: SANTS; 2019-20: SANTS; 2020-21: SANTS; 2021-22: SANTS; 2022-23: SANTS; 2023-24: SANTS; 2024-25: SANTS; 2025-26: SANTS; 2026-27: SANTS
ventura-colell-miquel,"VENTURA COLELL, MIQUEL","Ventura Colell, Miquel",,L'AMISTAT MOLLERUSSA,2018-19,False,False,2017-18: L'AMISTAT MOLLERUSSA; 2018-19: L'AMISTAT MOLLERUSSA
ventura-sans-miquel,"VENTURA SANS, MIQUEL","Ventura Sans, Miquel",558,SANT FELIU,2026-27,False,False,2014-15: SANT FELIU; 2015-16: SANT FELIU DE CODINES; 2016-17: SANT FELIU; 2017-18: SANT FELIU DE CODINES; 2018-19: SANT FELIU; 2019-20: SANT FELIU; 2024-25: SANT FELIU; 2026-27: SANT FELIU
vera-trigo-alfonso,"VERA TRIGO, ALFONSO","Vera Trigo, Alfonso",,,,False,False,
verdu-botam-josep,"VERDU BOTAM, JOSEP","Verdu Botam, Josep",2255,TARRAGONA,2026-27,False,False,2021-22: TARRAGONA; 2022-23: TARRAGONA; 2023-24: TARRAGONA; 2024-25: TARRAGONA; 2025-26: TARRAGONA; 2026-27: TARRAGONA
verschelden-de-rybel-luc,"VERSCHELDEN DE RYBEL, LUC","Verschelden De Rybel, Luc",4,MONT ROIG,2026-27,False,False,2015-16: MONT ROIG; 2016-17: MONT ROIG; 2025-26: MONT ROIG; 2026-27: MONT ROIG
vicario-jimenez-francisco,"VICARIO JIMÉNEZ, FRANCISCO","Vicario Jiménez, Francisco",,MATARO,2022-23,False,False,2015-16: MATARO; 2016-17: MATARO; 2017-18: MATARO; 2018-19: MATARO; 2019-20: MATARO; 2020-21: MATARO; 2021-22: MATARO; 2022-23: MATARO
vicent-espinar-francisco-manuel,"VICENT ESPINAR, FRANCISCO MANUEL","Vicent Espinar, Francisco Manuel",2342,MANRESA,2026-27,False,False,2024-25: MANRESA; 2025-26: MANRESA; 2026-27: MANRESA
vicente-ruiz-jose,"VICENTE RUIZ, JOSÉ","Vicente Ruiz, José",560,SANTS,2026-27,False,False,2014-15: 05 SANTS; 2015-16: SANTS; 2016-17: SANTS; 2017-18: SANTS; 2018-19: SANTS; 2019-20: SANTS; 2020-21: SANTS; 2021-22: SANTS; 2022-23: SANTS; 2023-24: SANTS; 2024-25: SANTS; 2025-26: CAP; 2026-27: SANTS
vicente-sanchez-socrates,"VICENTE SÁNCHEZ, SÓCRATES","Vicente Sánchez, Sócrates",,ALBA,2021-22,False,False,2018-19: ALBA; 2019-20: ALBA; 2021-22: ALBA
vidal-barcelo-jordi,"VIDAL BARCELÓ, JORDI","Vidal Barceló, Jordi",,,,False,False,
vidal-boronat-lluis,"VIDAL BORONAT, LLUIS","Vidal Boronat, Lluis",,,,False,False,
vidal-gibert-joan,"VIDAL GIBERT, JOAN","Vidal Gibert, Joan",1038,TARRAGONA,2026-27,False,False,2014-15: 06 TARRAGONA; 2015-16: TARRAGONA; 2016-17: TARRAGONA; 2017-18: TARRAGONA; 2018-19: TARRAGONA; 2019-20: TARRAGONA; 2020-21: TARRAGONA; 2021-22: TARRAGONA; 2022-23: TARRAGONA; 2023-24: TARRAGONA; 2024-25: TARRAGONA; 2025-26: TARRAGONA; 2026-27: TARRAGONA
vidal-giralt-narcis,"VIDAL GIRALT, NARCIS","Vidal Giralt, Narcis",2475,GEIEG,2025-26,False,False,2022-23: GEIEG; 2023-24: GEIEG; 2024-25: GEIEG; 2025-26: GEIEG
vidal-marti-pere,"VIDAL MARTÍ, PERE","Vidal Martí, Pere",,02 MOLLET,2014-15,False,False,2014-15: 02 MOLLET
vidal-sanllehy-carles,"VIDAL SANLLEHY, CARLES","Vidal Sanllehy, Carles",562,SANT BOI,2026-27,False,False,2026-27: SANT BOI
viera-pache-valenti,"VIERA PACHE, VALENTÍ","Viera Pache, Valentí",563,PRAT,2026-27,False,False,2014-15: VILANOVA; 2015-16: VILANOVA; 2016-17: VILANOVA; 2017-18: VILANOVA; 2018-19: VILANOVA; 2019-20: VILANOVA; 2021-22: VILANOVA; 2022-23: VILANOVA; 2023-24: PRAT; 2024-25: PRAT; 2025-26: PRAT; 2026-27: PRAT
vila-catafal-juan,"VILA CATAFAL, JUAN","Vila Catafal, Juan",,GRANOLLERS,2019-20,False,False,2017-18: GRANOLLERS; 2018-19: GRANOLLERS; 2019-20: GRANOLLERS
vila-clopes-josep,"VILA CLOPES, JOSEP","Vila Clopes, Josep",2600,SANTS,2026-27,False,False,2025-26: SANTS; 2026-27: SANTS
vila-palau-jaume,"VILA PALAU, JAUME","Vila Palau, Jaume",564,LLINARS,2025-26,False,False,2014-15: LLINARS; 2015-16: LLINARS; 2016-17: LLINARS; 2017-18: LLINARS; 2018-19: LLINARS; 2019-20: LLINARS; 2020-21: LLINARS; 2021-22: LLINARS; 2024-25: LLINARS; 2025-26: LLINARS
vila-vidal-josep,"VILÀ VIDAL, JOSEP","Vilà Vidal, Josep",,2000 CERDANYOLA C AMISTAT,2021-22,False,False,2014-15: 2000 CERDANYOLA; 2015-16: 2000 CERDANYOLA; 2016-17: CERDANYOLA; 2017-18: CERDANYOLA; 2018-19: CERDANYOLA; 2019-20: CERDANYOLA; 2020-21: CERDANYOLA; 2021-22: 2000 CERDANYOLA C AMISTAT
vila-vila-josep,"VILA VILA, JOSEP","Vila Vila, Josep",2299,,,False,False,
viladomat-gonfaus-angel,"VILADOMAT GONFAUS, ÁNGEL","Viladomat Gonfaus, Ángel",1222,ALBA,2024-25,False,False,2014-15: 04 ALBA; 2015-16: ALBA; 2016-17: ALBA; 2022-23: ALBA; 2024-25: ALBA
vilalta-pare-valenti,"VILALTA PARÉ, VALENTÍ","Vilalta Paré, Valentí",566,SANTS,2026-27,False,False,2014-15: SANTS; 2015-16: FOMENT MOLINS; 2016-17: SANTS; 2017-18: SANTS; 2018-19: SANTS; 2019-20: SANTS; 2020-21: VIC; 2021-22: SANTS; 2022-23: SANTS; 2023-24: SANTS; 2024-25: SANTS; 2025-26: SANTS; 2026-27: SANTS
vilaplana-penella-jaume,"VILAPLANA PENELLA, JAUME","Vilaplana Penella, Jaume",1042,VIC,2026-27,False,False,2014-15: VIC; 2015-16: VIC; 2016-17: VIC; 2017-18: VIC; 2018-19: VIC; 2019-20: VIC; 2020-21: VIC; 2021-22: VIC; 2022-23: VIC; 2023-24: VIC; 2024-25: VIC; 2025-26: VIC; 2026-27: VIC
vilardell-costa-jordi,"VILARDELL COSTA, JORDI","Vilardell Costa, Jordi",1978,VIC,2024-25,False,False,2019-20: VIC; 2020-21: VIC; 2021-22: VIC; 2024-25: VIC
vilaseca-perramon-jordi,"VILASECA PERRAMON, JORDI","Vilaseca Perramon, Jordi",2239,LLINARS,2026-27,False,False,2022-23: LLINARS; 2023-24: LLINARS; 2024-25: LLINARS; 2025-26: LLINARS; 2026-27: LLINARS
vilaseca-santacreu-lluis,"VILASECA SANTACREU, LLUIS","Vilaseca Santacreu, Lluis",,MATARO,2019-20,False,False,2014-15: 08 LLICA D'AMUNT; 2015-16: LLICA D'AMUNT; 2016-17: LLICA D'AMUNT; 2017-18: CANET DE MAR; 2018-19: CANET; 2019-20: MATARO
vilchez-pardo-francisco,"VÍLCHEZ PARDO, FRANCISCO","Vílchez Pardo, Francisco",1991,CORAL COLON,2026-27,False,False,2019-20: CORAL COLON; 2020-21: CORAL COLON; 2021-22: CORAL COLON; 2022-23: CORAL COLON; 2023-24: CORAL COLON; 2024-25: CORAL COLON; 2025-26: CORAL COLON; 2026-27: CORAL COLON
vilchez-velasco-angel,"VILCHEZ VELASCO, ÁNGEL","Vilchez Velasco, Ángel",1606,CANET DE MAR,2026-27,False,False,2018-19: CANET DE MAR; 2019-20: CANET DE MAR; 2020-21: CANET; 2021-22: CANET; 2022-23: CANET; 2023-24: CANET; 2024-25: CANET; 2025-26: CANET; 2026-27: CANET DE MAR
vilchez-vilchez-antonio,"VÍLCHEZ VÍLCHEZ, ANTONIO","Vílchez Vílchez, Antonio",,LA COLMENA,2019-20,False,False,2014-15: LA COLMENA; 2015-16: LA COLMENA; 2016-17: LA COLMENA; 2017-18: LA COLMENA; 2018-19: LA COLMENA; 2019-20: LA COLMENA
villacampa-de-la-cruz-victor-m,"VILLACAMPA DE LA CRUZ, VÍCTOR M.","Villacampa De La Cruz, Víctor M.",1044,LLINARS,2026-27,False,False,2025-26: LLINARS; 2026-27: LLINARS
villagines-balletbo-alfredo,"VILLAGINÉS BALLETBO, ALFREDO","Villaginés Balletbo, Alfredo",,LLEIDA,2019-20,False,False,2014-15: 02 LLEIDA; 2015-16: LLEIDA; 2016-17: LLEIDA; 2017-18: LLEIDA; 2018-19: LLEIDA; 2019-20: LLEIDA
villalba-fernandez-joan-ant,"VILLALBA FERNÁNDEZ, JOAN ANT.","Villalba Fernández, Joan Ant.",,LLICA D'AMUNT,2019-20,False,False,2015-16: LLICA D'AMUNT; 2016-17: LLICA D'AMUNT; 2017-18: LLICA D'AMUNT; 2018-19: LLICA D'AMUNT; 2019-20: LLICA D'AMUNT
villar-garcia-lluis,"VILLAR GARCÍA, LLUIS","Villar García, Lluis",2526,MATARO,2026-27,False,False,2024-25: MATARO; 2025-26: MATARO; 2026-27: MATARO
villate-malagon-brian-steven,"VILLATE MALAGÓN, BRIAN STEVEN","Villate Malagón, Brian Steven",2632,MONFORTE,2026-27,True,True,2025-26: MONFORTE; 2026-27: MONFORTE
villaubi-solera-oscar,"VILLAUBÍ SOLERA, ÓSCAR","Villaubí Solera, Óscar",569,VILANOVA,2024-25,False,False,2014-15: 03 VILANOVA; 2015-16: VILANOVA I LA GELTRU; 2016-17: LA GRAN PENYA; 2017-18: LA GRAN PENYA; 2018-19: LA GRAN PENYA; 2019-20: LA GRAN PENYA; 2021-22: LA GRAN PENYA; 2022-23: VILANOVA; 2023-24: VILANOVA; 2024-25: VILANOVA
villegas-parreno-josep,"VILLEGAS PARREÑO, JOSEP","Villegas Parreño, Josep",2720,F MOLINS,2026-27,False,False,2026-27: F MOLINS
villegas-vilas-ricard,"VILLEGAS VILAS, RICARD","Villegas Vilas, Ricard",1046,BLANES,2026-27,False,False,2017-18: CANET; 2018-19: CANET; 2019-20: CANET; 2020-21: CANET; 2021-22: CANET; 2022-23: MATARO; 2023-24: MATARO; 2024-25: BLANES; 2025-26: BLANES; 2026-27: BLANES
villen-gallach-joan,"VILLÉN GALLACH, JOAN","Villén Gallach, Joan",34,VIC,2026-27,False,False,2017-18: VIC; 2018-19: VIC; 2019-20: VIC; 2020-21: VIC; 2021-22: VIC; 2022-23: VIC; 2024-25: VIC; 2025-26: VIC; 2026-27: VIC
vives-herrando-ivan,"VIVES HERRANDO, IVÁN","Vives Herrando, Iván",,SANTS,2022-23,False,False,2014-15: 02 SANTS; 2015-16: SANTS; 2016-17: SANTS; 2017-18: SANTS; 2018-19: SANTS; 2019-20: SANTS; 2020-21: SANTS; 2021-22: SANTS; 2022-23: SANTS
vives-zamora-miquel-angel,"VIVES ZAMORA, MIQUEL ÁNGEL","Vives Zamora, Miquel Ángel",,,,False,False,
vivet-marques-josep-ma,"VIVET MARQUÉS, JOSEP Mª","Vivet Marqués, Josep Mª",,,,False,False,
yague-herrero-francisco,"YAGÜE HERRERO, FRANCISCO","Yagüe Herrero, Francisco",1165,MATARO,2026-27,False,False,2024-25: MATARO; 2026-27: MATARO
yanez-acuna-enrique,"YÁÑEZ ACUÑA, ENRIQUE","Yáñez Acuña, Enrique",53,SANT ADRIA,2026-27,False,False,2014-15: 02 SANT ADRIA; 2015-16: SANT ADRIA; 2016-17: SANT ADRIA; 2017-18: SANT ADRIA; 2018-19: SANT ADRIA; 2019-20: SANT ADRIA; 2020-21: SANT ADRIA; 2021-22: SANT ADRIA; 2022-23: SANT ADRIA; 2023-24: SANT ADRIA; 2024-25: SANT ADRIA; 2025-26: SANT ADRIA; 2026-27: SANT ADRIA
yeste-de-pablo-antoni-xavier,"YESTE DE PABLO, ANTONI XAVIER","Yeste De Pablo, Antoni Xavier",1047,OLESA,2025-26,False,False,2014-15: 05 MONTMELO; 2015-16: VIC; 2016-17: CORAL COLON; 2017-18: OLESA; 2018-19: OLESA; 2019-20: MOLINS; 2021-22: FOMENT MOLINS; 2024-25: OLESA; 2025-26: OLESA
yubero-vazquez-jose-antonio,"YUBERO VÁZQUEZ, JOSE ANTONIO","Yubero Vázquez, Jose Antonio",1299,CORAL COLON,2026-27,False,False,2016-17: CORAL COLON; 2017-18: CORAL COLON; 2018-19: CORAL COLON; 2019-20: CORAL COLON; 2020-21: CORAL COLON; 2021-22: CORAL COLON; 2022-23: CORAL COLON; 2023-24: CORAL COLON; 2024-25: CORAL COLON; 2025-26: CORAL COLON; 2026-27: CORAL COLON
zabaleta-campo-roberto-carlos,"ZABALETA CAMPO, ROBERTO CARLOS","Zabaleta Campo, Roberto Carlos",,MONFORTE,2022-23,False,True,2022-23: MONFORTE
zambrano-baron-juan-sebastian,"ZAMBRANO BARÓN, JUAN SEBASTIÁN","Zambrano Barón, Juan Sebastián",,MONFORTE,2015-16,False,True,2015-16: MONFORTE
zaplana-hernandez-joan,"ZAPLANA HERNÁNDEZ, JOAN","Zaplana Hernández, Joan",577,CORAL COLON,2026-27,False,False,2014-15: 2000 CERDANYOLA; 2015-16: 2000 CERDANYOLA; 2016-17: CERDANYOLA; 2017-18: OLESA; 2018-19: CERDANYOLA; 2019-20: CERDANYOLA; 2020-21: CERDANYOLA; 2021-22: CORAL COLON; 2023-24: CORAL COLON; 2024-25: CORAL COLON; 2025-26: CORAL COLON; 2026-27: CORAL COLON
zuleta-giraldo-john-jairo,"ZULETA GIRALDO, JOHN JAIRO","Zuleta Giraldo, John Jairo",1051,MONFORTE,2026-27,True,True,2014-15: MONFORTE; 2015-16: MONFORTE; 2016-17: MONFORTE; 2017-18: MONFORTE; 2018-19: MONFORTE; 2019-20: MONFORTE; 2020-21: MONFORTE; 2021-22: MONFORTE; 2022-23: MONFORTE; 2023-24: MONFORTE; 2024-25: MONFORTE; 2025-26: MONFORTE; 2026-27: MONFORTE
